0.0155198 0.0504503 0.0104567 0.0595244 0.0129964 0.0603697 0.00956532 0.0223134 0.0641639 0.0155198 0.0504503 0.0104567 0.0268571 0.0595244 0.0112064 0.0592451 0.0114302 0.0236606 0.0552005 0.0129964 0.0694609 0.0106657 0.0185238 0.0595244 0.015068 0.0603697 0.00956532 0.0223134 0.0641639 0.0155198 0.0504503 0.0104567 0.0268571 0.0595244 0.0112064 0.0592451 0.0114302 0.0236606 0.0552005 0.0129964 0.0694609 0.0106657 0.0185238 0.0595244 0.015068 0.0603697 0.00956532 0.0223134 0.0641639 0.0155198
0.0137107 0.0140883 0.00671325 0.0112308 0.0114781 0.0169862 0.006139 0.0107587 0.0121548 0.0137107 0.0140883 0.00671325 0.0129808 0.0112308 0.00989511 0.0166555 0.00734083 0.0114164 0.0103763 0.0114781 0.019681 0.00684794 0.00891363 0.0112308 0.0133109 0.0169862 0.006139 0.0107587 0.0121548 0.0137107 0.0140883 0.00671325 0.0129808 0.0112308 0.00989511 0.0166555 0.00734083 0.0114164 0.0103763 0.0114781 0.019681 0.00684794 0.00891363 0.0112308 0.0133109 0.0169862 0.006139 0.0107587 0.0121548 0.0137107
0.0201115 0.0473976 0.0103652 0.040611 0.0168544 0.0567526 0.00948154 0.0192381 0.0438451 0.0201115 0.0473976 0.0103652 0.0231704 0.040611 0.0145409 0.0556914 0.0113303 0.0204034 0.0376061 0.0168544 0.065337 0.0105724 0.0159622 0.040611 0.0195287 0.0567526 0.00948154 0.0192381 0.0438451 0.0201115 0.0473976 0.0103652 0.0231704 0.040611 0.0145409 0.0556914 0.0113303 0.0204034 0.0376061 0.0168544 0.065337 0.0105724 0.0159622 0.040611 0.0195287 0.0567526 0.00948154 0.0192381 0.0438451 0.0201115
0.00968547 0.190295 0.0152375 0.288698 0.00810291 0.221302 0.0139443 0.0227436 0.305399 0.00968547 0.190295 0.0152375 0.0273724 0.288698 0.00698212 0.217874 0.0166485 0.024116 0.272551 0.00810291 0.248226 0.0155405 0.0188823 0.288698 0.00940191 0.221302 0.0139443 0.0227436 0.305399 0.00968547 0.190295 0.0152375 0.0273724 0.288698 0.00698212 0.217874 0.0166485 0.024116 0.272551 0.00810291 0.248226 0.0155405 0.0188823 0.288698 0.00940191 0.221302 0.0139443 0.0227436 0.305399 0.00968547
0.0145102 0.0870476 0.0128269 0.159737 0.012149 0.103379 0.0117359 0.022963 0.170769 0.0145102 0.0870476 0.0128269 0.0276352 0.159737 0.0104745 0.10154 0.0140179 0.0243484 0.149289 0.012149 0.118133 0.0130826 0.0190652 0.159737 0.0140874 0.103379 0.0117359 0.022963 0.170769 0.0145102 0.0870476 0.0128269 0.0276352 0.159737 0.0104745 0.10154 0.0140179 0.0243484 0.149289 0.012149 0.118133 0.0130826 0.0190652 0.159737 0.0140874 0.103379 0.0117359 0.022963 0.170769 0.0145102
0.0227574 0.044858 0.0108449 0.0552641 0.0190801 0.0537401 0.00992079 0.0272061 0.0595926 0.0227574 0.044858 0.0108449 0.0327128 0.0552641 0.0164661 0.0527321 0.0118541 0.02884 0.0512329 0.0190801 0.0618987 0.0110616 0.0226048 0.0552641 0.0220996 0.0537401 0.00992079 0.0272061 0.0595926 0.0227574 0.044858 0.0108449 0.0327128 0.0552641 0.0164661 0.0527321 0.0118541 0.02884 0.0512329 0.0190801 0.0618987 0.0110616 0.0226048 0.0552641 0.0220996 0.0537401 0.00992079 0.0272061 0.0595926 0.0227574
0.0183321 0.0808844 0.0133033 0.129145 0.0153586 0.0961816 0.0121722 0.0683714 0.138412 0.0183321 0.0808844 0.0133033 0.081512 0.129145 0.0132476 0.094457 0.0145379 0.0722936 0.120411 0.0153586 0.110034 0.0135684 0.0572173 0.129145 0.0177999 0.0961816 0.0121722 0.0683714 0.138412 0.0183321 0.0808844 0.0133033 0.081512 0.129145 0.0132476 0.094457 0.0145379 0.0722936 0.120411 0.0153586 0.110034 0.0135684 0.0572173 0.129145 0.0177999 0.0961816 0.0121722 0.0683714 0.138412 0.0183321
0.0169724 0.111339 0.0139582 0.161563 0.0142163 0.131571 0.0127722 0.0326456 0.172695 0.0169724 0.111339 0.0139582 0.0392088 0.161563 0.0122604 0.129302 0.0152527 0.0345944 0.151017 0.0142163 0.149676 0.0142362 0.0271499 0.161563 0.0164791 0.131571 0.0127722 0.0326456 0.172695 0.0169724 0.111339 0.0139582 0.0392088 0.161563 0.0122604 0.129302 0.0152527 0.0345944 0.151017 0.0142163 0.149676 0.0142362 0.0271499 0.161563 0.0164791 0.131571 0.0127722 0.0326456 0.172695 0.0169724
0.0279822 0.229587 0.0193142 0.403901 0.0234809 0.264901 0.0176813 0.035484 0.423301 0.0279822 0.229587 0.0193142 0.0425927 0.403901 0.0202766 0.261025 0.0210947 0.0375957 0.384797 0.0234809 0.29512 0.0196967 0.0295251 0.403901 0.0271777 0.264901 0.0176813 0.035484 0.423301 0.0279822 0.229587 0.0193142 0.0425927 0.403901 0.0202766 0.261025 0.0210947 0.0375957 0.384797 0.0234809 0.29512 0.0196967 0.0295251 0.403901 0.0271777 0.264901 0.0176813 0.035484 0.423301 0.0279822
0.0171983 0.0351509 0.0094591 0.028466 0.014406 0.0421958 0.00865201 0.0353981 0.0307639 0.0171983 0.0351509 0.0094591 0.0424904 0.028466 0.0124243 0.0413949 0.0103407 0.0375049 0.026335 0.014406 0.0486921 0.00964834 0.0294532 0.028466 0.0166985 0.0421958 0.00865201 0.0353981 0.0307639 0.0171983 0.0351509 0.0094591 0.0424904 0.028466 0.0124243 0.0413949 0.0103407 0.0375049 0.026335 0.014406 0.0486921 0.00964834 0.0294532 0.028466 0.0166985 0.0421958 0.00865201 0.0353981 0.0307639 0.0171983
0.0121366 0.0439234 0.00960041 0.0442846 0.0101576 0.0526306 0.00878137 0.0247261 0.0477966 0.0121366 0.0439234 0.00960041 0.0297461 0.0442846 0.00875515 0.0516423 0.010495 0.026215 0.0410195 0.0101576 0.0606317 0.00979245 0.0205354 0.0442846 0.0117821 0.0526306 0.00878137 0.0247261 0.0477966 0.0121366 0.0439234 0.00960041 0.0297461 0.0442846 0.00875515 0.0516423 0.010495 0.026215 0.0410195 0.0101576 0.0606317 0.00979245 0.0205354 0.0442846 0.0117821 0.0526306 0.00878137 0.0247261 0.0477966 0.0121366
0.0254343 0.147051 0.0158155 0.23907 0.0213339 0.172513 0.014474 0.0185424 0.253925 0.0254343 0.147051 0.0158155 0.0223357 0.23907 0.018417 0.169676 0.0172791 0.0196665 0.224822 0.0213339 0.194988 0.0161298 0.0153832 0.23907 0.0247012 0.172513 0.014474 0.0185424 0.253925 0.0254343 0.147051 0.0158155 0.0223357 0.23907 0.018417 0.169676 0.0172791 0.0196665 0.224822 0.0213339 0.194988 0.0161298 0.0153832 0.23907 0.0247012 0.172513 0.014474 0.0185424 0.253925 0.0254343
0.00761559 0.0143054 0.00625265 0.00975602 0.00636907 0.0172471 0.00571757 0.0115947 0.01056 0.00761559 0.0143054 0.00625265 0.013987 0.00975602 0.00548677 0.0169114 0.00683746 0.0123029 0.0090127 0.00636907 0.0199826 0.00637815 0.00960762 0.00975602 0.00739218 0.0172471 0.00571757 0.0115947 0.01056 0.00761559 0.0143054 0.00625265 0.013987 0.00975602 0.00548677 0.0169114 0.00683746 0.0123029 0.0090127 0.00636907 0.0199826 0.00637815 0.00960762 0.00975602 0.00739218 0.0172471 0.00571757 0.0115947 0.01056 0.00761559
0.0189586 0.0619566 0.0121192 0.104228 0.0158852 0.0739621 0.0110877 0.0401857 0.111938 0.0189586 0.0619566 0.0121192 0.0481893 0.104228 0.0137028 0.0726039 0.0132454 0.0425648 0.0969923 0.0158852 0.0849153 0.012361 0.0334646 0.104228 0.0184086 0.0739621 0.0110877 0.0401857 0.111938 0.0189586 0.0619566 0.0121192 0.0481893 0.104228 0.0137028 0.0726039 0.0132454 0.0425648 0.0969923 0.0158852 0.0849153 0.012361 0.0334646 0.104228 0.0184086 0.0739621 0.0110877 0.0401857 0.111938 0.0189586
0.018271 0.0737706 0.0121424 0.105523 0.0153073 0.087851 0.0111089 0.0207039 0.113316 0.018271 0.0737706 0.0121424 0.0249281 0.105523 0.0132032 0.0862614 0.0132707 0.021956 0.0982066 0.0153073 0.100637 0.0123846 0.0171828 0.105523 0.0177406 0.087851 0.0111089 0.0207039 0.113316 0.018271 0.0737706 0.0121424 0.0249281 0.105523 0.0132032 0.0862614 0.0132707 0.021956 0.0982066 0.0153073 0.100637 0.0123846 0.0171828 0.105523 0.0177406 0.087851 0.0111089 0.0207039 0.113316 0.018271
0.0274484 0.304641 0.0223706 0.519387 0.023031 0.346311 0.0204846 0.0805481 0.539315 0.0274484 0.304641 0.0223706 0.0957882 0.519387 0.0198868 0.341798 0.0244259 0.085105 0.499396 0.023031 0.381003 0.0228122 0.0675515 0.519387 0.0266588 0.346311 0.0204846 0.0805481 0.539315 0.0274484 0.304641 0.0223706 0.0957882 0.519387 0.0198868 0.341798 0.0244259 0.085105 0.499396 0.023031 0.381003 0.0228122 0.0675515 0.519387 0.0266588 0.346311 0.0204846 0.0805481 0.539315 0.0274484
0.0219729 0.02678 0.00891556 0.0283985 0.01842 0.0322033 0.00815447 0.0189543 0.0306911 0.0219729 0.02678 0.00891556 0.0228299 0.0283985 0.015895 0.0315857 0.009747 0.0201028 0.0262725 0.01842 0.0372209 0.00909403 0.015726 0.0283985 0.0213373 0.0322033 0.00815447 0.0189543 0.0306911 0.0219729 0.02678 0.00891556 0.0228299 0.0283985 0.015895 0.0315857 0.009747 0.0201028 0.0262725 0.01842 0.0372209 0.00909403 0.015726 0.0283985 0.0213373 0.0322033 0.00815447 0.0189543 0.0306911 0.0219729
0.0125934 0.0500446 0.00998999 0.0499747 0.0105408 0.0598893 0.00913802 0.0193586 0.0539125 0.0125934 0.0500446 0.00998999 0.0233149 0.0499747 0.00908586 0.0587731 0.0109205 0.0205311 0.0463104 0.0105408 0.0689135 0.0101897 0.0160626 0.0499747 0.0122258 0.0598893 0.00913802 0.0193586 0.0539125 0.0125934 0.0500446 0.00998999 0.0233149 0.0499747 0.00908586 0.0587731 0.0109205 0.0205311 0.0463104 0.0105408 0.0689135 0.0101897 0.0160626 0.0499747 0.0122258 0.0598893 0.00913802 0.0193586 0.0539125 0.0125934
0.021263 0.106244 0.0144668 0.121194 0.0178227 0.125682 0.0132382 0.0952219 0.129975 0.021263 0.106244 0.0144668 0.112898 0.121194 0.0153784 0.1235 0.0158077 0.100518 0.112928 0.0178227 0.143111 0.0147548 0.0800638 0.121194 0.0206475 0.125682 0.0132382 0.0952219 0.129975 0.021263 0.106244 0.0144668 0.112898 0.121194 0.0153784 0.1235 0.0158077 0.100518 0.112928 0.0178227 0.143111 0.0147548 0.0800638 0.121194 0.0206475 0.125682 0.0132382 0.0952219 0.129975 0.021263
0.00889945 0.0566774 0.0103179 0.10011 0.00744436 0.0677338 0.00943824 0.015137 0.107551 0.00889945 0.0566774 0.0103179 0.0182466 0.10011 0.00641407 0.0664817 0.0112786 0.0160579 0.0931299 0.00744436 0.0778422 0.0105241 0.0125505 0.10011 0.00863871 0.0677338 0.00943824 0.015137 0.107551 0.00889945 0.0566774 0.0103179 0.0182466 0.10011 0.00641407 0.0664817 0.0112786 0.0160579 0.0931299 0.00744436 0.0778422 0.0105241 0.0125505 0.10011 0.00863871 0.0677338 0.00943824 0.015137 0.107551 0.00889945
0.0139731 0.121426 0.0137594 0.17187 0.0116983 0.143196 0.01259 0.0275467 0.183557 0.0139731 0.121426 0.0137594 0.0331199 0.17187 0.0100852 0.14076 0.0150357 0.0292004 0.160781 0.0116983 0.162602 0.0140334 0.0228891 0.17187 0.0135658 0.143196 0.01259 0.0275467 0.183557 0.0139731 0.121426 0.0137594 0.0331199 0.17187 0.0100852 0.14076 0.0150357 0.0292004 0.160781 0.0116983 0.162602 0.0140334 0.0228891 0.17187 0.0135658 0.143196 0.01259 0.0275467 0.183557 0.0139731
0.0337228 0.0274513 0.00960962 0.0204319 0.028325 0.0330059 0.0087898 0.0412823 0.0220961 0.0337228 0.0274513 0.00960962 0.0494931 0.0204319 0.0244761 0.0323735 0.0105051 0.0437235 0.0188907 0.028325 0.0381436 0.00980185 0.0343844 0.0204319 0.0327587 0.0330059 0.0087898 0.0412823 0.0220961 0.0337228 0.0274513 0.00960962 0.0494931 0.0204319 0.0244761 0.0323735 0.0105051 0.0437235 0.0188907 0.028325 0.0381436 0.00980185 0.0343844 0.0204319 0.0327587 0.0330059 0.0087898 0.0412823 0.0220961 0.0337228
0.0626904 0.580476 0.0355579 0.862006 0.0529098 0.625914 0.0325972 0.0705095 0.871249 0.0626904 0.580476 0.0355579 0.0840238 0.862006 0.045878 0.621219 0.0387767 0.0745445 0.852211 0.0529098 0.660321 0.0362501 0.0590287 0.862006 0.0609505 0.625914 0.0325972 0.0705095 0.871249 0.0626904 0.580476 0.0355579 0.0840238 0.862006 0.045878 0.621219 0.0387767 0.0745445 0.852211 0.0529098 0.660321 0.0362501 0.0590287 0.862006 0.0609505 0.625914 0.0325972 0.0705095 0.871249 0.0626904
0.0162818 0.0448487 0.0101607 0.0409951 0.0136363 0.0537291 0.00929429 0.028574 0.0442584 0.0162818 0.0448487 0.0101607 0.0343477 0.0409951 0.0117592 0.0527213 0.0111069 0.0302874 0.0379629 0.0136363 0.0618862 0.0103638 0.0237469 0.0409951 0.0158082 0.0537291 0.00929429 0.028574 0.0442584 0.0162818 0.0448487 0.0101607 0.0343477 0.0409951 0.0117592 0.0527213 0.0111069 0.0302874 0.0379629 0.0136363 0.0618862 0.0103638 0.0237469 0.0409951 0.0158082 0.0537291 0.00929429 0.028574 0.0442584 0.0162818
0.0143303 0.0435543 0.0102093 0.0542499 0.011998 0.0521923 0.00933883 0.0314406 0.0585038 0.0143303 0.0435543 0.0102093 0.037771 0.0542499 0.0103441 0.0512118 0.0111601 0.03332 0.0502887 0.011998 0.060131 0.0104134 0.0261423 0.0542499 0.0139127 0.0521923 0.00933883 0.0314406 0.0585038 0.0143303 0.0435543 0.0102093 0.037771 0.0542499 0.0103441 0.0512118 0.0111601 0.03332 0.0502887 0.011998 0.060131 0.0104134 0.0261423 0.0542499 0.0139127 0.0521923 0.00933883 0.0314406 0.0585038 0.0143303
0.00812089 0.0665846 0.0104975 0.110792 0.00679223 0.079411 0.00960263 0.0120247 0.118922 0.00812089 0.0665846 0.0104975 0.0145044 0.110792 0.00585166 0.0779612 0.0114747 0.0127588 0.103152 0.00679223 0.0910918 0.0107073 0.00996471 0.110792 0.00788278 0.079411 0.00960263 0.0120247 0.118922 0.00812089 0.0665846 0.0104975 0.0145044 0.110792 0.00585166 0.0779612 0.0114747 0.0127588 0.103152 0.00679223 0.0910918 0.0107073 0.00996471 0.110792 0.00788278 0.079411 0.00960263 0.0120247 0.118922 0.00812089
0.0117129 0.0397081 0.00918902 0.048806 0.00980238 0.0476213 0.00840478 0.0105686 0.0526569 0.0117129 0.0397081 0.00918902 0.0127518 0.048806 0.00844852 0.0467224 0.0100457 0.0112148 0.0452233 0.00980238 0.0549049 0.00937291 0.00875578 0.048806 0.0113707 0.0476213 0.00840478 0.0105686 0.0526569 0.0117129 0.0397081 0.00918902 0.0127518 0.048806 0.00844852 0.0467224 0.0100457 0.0112148 0.0452233 0.00980238 0.0549049 0.00937291 0.00875578 0.048806 0.0113707 0.0476213 0.00840478 0.0105686 0.0526569 0.0117129
0.030424 0.127201 0.0161091 0.244045 0.0255403 0.149829 0.014743 0.0349017 0.259105 0.030424 0.127201 0.0161091 0.0418989 0.244045 0.0220612 0.1473 0.0175994 0.0369801 0.22959 0.0255403 0.169956 0.0164291 0.0290377 0.244045 0.0295514 0.149829 0.014743 0.0349017 0.259105 0.030424 0.127201 0.0161091 0.0418989 0.244045 0.0220612 0.1473 0.0175994 0.0369801 0.22959 0.0255403 0.169956 0.0164291 0.0290377 0.244045 0.0295514 0.149829 0.014743 0.0349017 0.259105 0.030424
0.0237085 0.0646861 0.0121597 0.0874292 0.0198806 0.0771771 0.0111248 0.0379375 0.0940262 0.0237085 0.0646861 0.0121597 0.0455146 0.0874292 0.0171589 0.0757646 0.0132896 0.0401891 0.0812535 0.0198806 0.0885608 0.0124023 0.0315801 0.0874292 0.0230239 0.0771771 0.0111248 0.0379375 0.0940262 0.0237085 0.0646861 0.0121597 0.0455146 0.0874292 0.0171589 0.0757646 0.0132896 0.0401891 0.0812535 0.0198806 0.0885608 0.0124023 0.0315801 0.0874292 0.0230239 0.0771771 0.0111248 0.0379375 0.0940262 0.0237085
0.00720163 0.0106754 0.00588611 0.00573319 0.00602245 0.0128804 0.00538223 0.0291694 0.00620773 0.00720163 0.0106754 0.00588611 0.0350592 0.00573319 0.00518792 0.0126286 0.00643687 0.0309174 0.00529473 0.00602245 0.0149338 0.00600431 0.0242443 0.00573319 0.00699028 0.0128804 0.00538223 0.0291694 0.00620773 0.00720163 0.0106754 0.00588611 0.0350592 0.00573319 0.00518792 0.0126286 0.00643687 0.0309174 0.00529473 0.00602245 0.0149338 0.00600431 0.0242443 0.00573319 0.00699028 0.0128804 0.00538223 0.0291694 0.00620773 0.00720163
0.0289317 0.108413 0.0148082 0.148035 0.0242815 0.128191 0.013551 0.0493814 0.158411 0.0289317 0.108413 0.0148082 0.0591038 0.148035 0.0209702 0.125972 0.0161802 0.0522754 0.138227 0.0242815 0.145909 0.0151029 0.0411884 0.148035 0.0281007 0.128191 0.013551 0.0493814 0.158411 0.0289317 0.108413 0.0148082 0.0591038 0.148035 0.0209702 0.125972 0.0161802 0.0522754 0.138227 0.0242815 0.145909 0.0151029 0.0411884 0.148035 0.0281007 0.128191 0.013551 0.0493814 0.158411 0.0289317
0.022264 0.20322 0.018219 0.290872 0.0186649 0.23572 0.0166771 0.0639925 0.307645 0.022264 0.20322 0.018219 0.0763604 0.290872 0.0161069 0.232136 0.0199006 0.0676817 0.274651 0.0186649 0.263804 0.0185802 0.0535117 0.290872 0.0216202 0.23572 0.0166771 0.0639925 0.307645 0.022264 0.20322 0.018219 0.0763604 0.290872 0.0161069 0.232136 0.0199006 0.0676817 0.274651 0.0186649 0.263804 0.0185802 0.0535117 0.290872 0.0216202 0.23572 0.0166771 0.0639925 0.307645 0.022264
0.0342111 0.0723577 0.0134237 0.107073 0.0287374 0.0861934 0.0122825 0.0312956 0.114966 0.0342111 0.0723577 0.0134237 0.037598 0.107073 0.0248339 0.0846311 0.0146693 0.0331666 0.0996615 0.0287374 0.0987648 0.0136911 0.0260211 0.107073 0.0332336 0.0861934 0.0122825 0.0312956 0.114966 0.0342111 0.0723577 0.0134237 0.037598 0.107073 0.0248339 0.0846311 0.0146693 0.0331666 0.0996615 0.0287374 0.0987648 0.0136911 0.0260211 0.107073 0.0332336 0.0861934 0.0122825 0.0312956 0.114966 0.0342111
0.0143873 0.230202 0.0181019 0.46552 0.0120459 0.265578 0.0165697 0.0323732 0.48547 0.0143873 0.230202 0.0181019 0.0388839 0.46552 0.0103854 0.261696 0.019773 0.0343064 0.445681 0.0120459 0.295843 0.0184609 0.0269222 0.46552 0.0139681 0.265578 0.0165697 0.0323732 0.48547 0.0143873 0.230202 0.0181019 0.0388839 0.46552 0.0103854 0.261696 0.019773 0.0343064 0.445681 0.0120459 0.295843 0.0184609 0.0269222 0.46552 0.0139681 0.265578 0.0165697 0.0323732 0.48547 0.0143873
0.00775643 0.0416665 0.00881461 0.0399007 0.00648701 0.0499497 0.00806207 0.0144332 0.0430808 0.00775643 0.0416665 0.00881461 0.0174008 0.0399007 0.00558847 0.0490091 0.00963673 0.015312 0.0369464 0.00648701 0.0575679 0.00899108 0.0119655 0.0399007 0.00752892 0.0499497 0.00806207 0.0144332 0.0430808 0.00775643 0.0416665 0.00881461 0.0174008 0.0399007 0.00558847 0.0490091 0.00963673 0.015312 0.0369464 0.00648701 0.0575679 0.00899108 0.0119655 0.0399007 0.00752892 0.0499497 0.00806207 0.0144332 0.0430808 0.00775643
0.00722201 0.0282929 0.00769273 0.0319636 0.00603951 0.0340118 0.00703528 0.0085653 0.0345338 0.00722201 0.0282929 0.00769273 0.0103391 0.0319636 0.00520263 0.0333608 0.00841109 0.00909013 0.0295788 0.00603951 0.0392998 0.00784691 0.00709367 0.0319636 0.00701006 0.0340118 0.00703528 0.0085653 0.0345338 0.00722201 0.0282929 0.00769273 0.0103391 0.0319636 0.00520263 0.0333608 0.00841109 0.00909013 0.0295788 0.00603951 0.0392998 0.00784691 0.00709367 0.0319636 0.00701006 0.0340118 0.00703528 0.0085653 0.0345338 0.00722201
0.0153226 0.0837694 0.012565 0.110109 0.0128309 0.099553 0.0114959 0.036679 0.118196 0.0153226 0.0837694 0.012565 0.0440162 0.110109 0.0110634 0.0977745 0.013732 0.0388589 0.102512 0.0128309 0.11383 0.0128155 0.0305258 0.110109 0.0148764 0.099553 0.0114959 0.036679 0.118196 0.0153226 0.0837694 0.012565 0.0440162 0.110109 0.0110634 0.0977745 0.013732 0.0388589 0.102512 0.0128309 0.11383 0.0128155 0.0305258 0.110109 0.0148764 0.099553 0.0114959 0.036679 0.118196 0.0153226
0.0151785 0.177147 0.0164281 0.325401 0.01271 0.206558 0.0150354 0.0253711 0.343202 0.0151785 0.177147 0.0164281 0.0305179 0.325401 0.010959 0.2033 0.0179474 0.0268977 0.308091 0.01271 0.232224 0.0167544 0.0210734 0.325401 0.0147366 0.206558 0.0150354 0.0253711 0.343202 0.0151785 0.177147 0.0164281 0.0305179 0.325401 0.010959 0.2033 0.0179474 0.0268977 0.308091 0.01271 0.232224 0.0167544 0.0210734 0.325401 0.0147366 0.206558 0.0150354 0.0253711 0.343202 0.0151785
0.0106165 0.0129158 0.00647712 0.00764474 0.00888318 0.0155764 0.00592294 0.0239815 0.00827618 0.0106165 0.0129158 0.00647712 0.0288548 0.00764474 0.00765529 0.0152726 0.00708278 0.0254267 0.00706114 0.00888318 0.0180517 0.0066071 0.0199143 0.00764474 0.010306 0.0155764 0.00592294 0.0239815 0.00827618 0.0106165 0.0129158 0.00647712 0.0288548 0.00764474 0.00765529 0.0152726 0.00708278 0.0254267 0.00706114 0.00888318 0.0180517 0.0066071 0.0199143 0.00764474 0.010306 0.0155764 0.00592294 0.0239815 0.00827618 0.0106165
0.031776 0.135273 0.016315 0.237937 0.0266812 0.159076 0.0149317 0.0413602 0.252746 0.031776 0.135273 0.016315 0.0495856 0.237937 0.0230504 0.156419 0.0178241 0.0438057 0.223737 0.0266812 0.180181 0.0166391 0.0344497 0.237937 0.0308658 0.159076 0.0149317 0.0413602 0.252746 0.031776 0.135273 0.016315 0.0495856 0.237937 0.0230504 0.156419 0.0178241 0.0438057 0.223737 0.0266812 0.180181 0.0166391 0.0344497 0.237937 0.0308658 0.159076 0.0149317 0.0413602 0.252746 0.031776
0.022693 0.222788 0.0187313 0.416222 0.0190259 0.257406 0.0171467 0.0244223 0.435781 0.022693 0.222788 0.0187313 0.0293825 0.416222 0.0164193 0.253602 0.0204592 0.0258934 0.396923 0.0190259 0.287103 0.0191024 0.020282 0.416222 0.0220371 0.257406 0.0171467 0.0244223 0.435781 0.022693 0.222788 0.0187313 0.0293825 0.416222 0.0164193 0.253602 0.0204592 0.0258934 0.396923 0.0190259 0.287103 0.0191024 0.020282 0.416222 0.0220371 0.257406 0.0171467 0.0244223 0.435781 0.022693
0.0202429 0.0565234 0.0112304 0.0577834 0.0169649 0.0675519 0.0102737 0.0423119 0.0622962 0.0202429 0.0565234 0.0112304 0.0507166 0.0577834 0.0146364 0.066303 0.012275 0.044811 0.0535788 0.0169649 0.0776354 0.0114546 0.0352483 0.0577834 0.0196564 0.0675519 0.0102737 0.0423119 0.0622962 0.0202429 0.0565234 0.0112304 0.0507166 0.0577834 0.0146364 0.066303 0.012275 0.044811 0.0535788 0.0169649 0.0776354 0.0114546 0.0352483 0.0577834 0.0196564 0.0675519 0.0102737 0.0423119 0.0622962 0.0202429
0.0118771 0.0323518 0.00887984 0.0291545 0.00994003 0.0388583 0.00812177 0.0352906 0.0315062 0.0118771 0.0323518 0.00887984 0.0423623 0.0291545 0.00856732 0.0381182 0.00970797 0.0373912 0.0269735 0.00994003 0.0448648 0.0090576 0.0293632 0.0291545 0.0115301 0.0388583 0.00812177 0.0352906 0.0315062 0.0118771 0.0323518 0.00887984 0.0423623 0.0291545 0.00856732 0.0381182 0.00970797 0.0373912 0.0269735 0.00994003 0.0448648 0.0090576 0.0293632 0.0291545 0.0115301 0.0388583 0.00812177 0.0352906 0.0315062 0.0118771
0.0104419 0.0302348 0.00839272 0.0292348 0.00873688 0.0363315 0.00767591 0.0178262 0.0315928 0.0104419 0.0302348 0.00839272 0.0214762 0.0292348 0.00752906 0.0356378 0.00917585 0.0189076 0.0270479 0.00873688 0.0419645 0.00856081 0.0147871 0.0292348 0.0101365 0.0363315 0.00767591 0.0178262 0.0315928 0.0104419 0.0302348 0.00839272 0.0214762 0.0292348 0.00752906 0.0356378 0.00917585 0.0189076 0.0270479 0.00873688 0.0419645 0.00856081 0.0147871 0.0292348 0.0101365 0.0363315 0.00767591 0.0178262 0.0315928 0.0104419
0.0099946 0.0167396 0.0072133 0.0174536 0.00836196 0.0201717 0.00659656 0.0268758 0.0188798 0.0099946 0.0167396 0.0072133 0.0323178 0.0174536 0.0072056 0.0197801 0.00788725 0.0284904 0.0161334 0.00836196 0.0233599 0.00735795 0.022329 0.0174536 0.00970208 0.0201717 0.00659656 0.0268758 0.0188798 0.0099946 0.0167396 0.0072133 0.0323178 0.0174536 0.0072056 0.0197801 0.00788725 0.0284904 0.0161334 0.00836196 0.0233599 0.00735795 0.022329 0.0174536 0.00970208 0.0201717 0.00659656 0.0268758 0.0188798 0.0099946
0.0104697 0.0394198 0.00918118 0.045569 0.00876014 0.0472784 0.00839761 0.0153148 0.0491777 0.0104697 0.0394198 0.00918118 0.0184603 0.045569 0.00754913 0.0463856 0.0100371 0.0162464 0.0422134 0.00876014 0.0545126 0.00936492 0.0126984 0.045569 0.0101634 0.0472784 0.00839761 0.0153148 0.0491777 0.0104697 0.0394198 0.00918118 0.0184603 0.045569 0.00754913 0.0463856 0.0100371 0.0162464 0.0422134 0.00876014 0.0545126 0.00936492 0.0126984 0.045569 0.0101634 0.0472784 0.00839761 0.0153148 0.0491777 0.0104697
0.0233254 0.0420277 0.0103749 0.0472178 0.0195581 0.0503789 0.00949039 0.0225466 0.05095 0.0233254 0.0420277 0.0103749 0.0271364 0.0472178 0.0168798 0.0494307 0.0113408 0.0239074 0.0437463 0.0195581 0.0580586 0.0105822 0.0187181 0.0472178 0.0226516 0.0503789 0.00949039 0.0225466 0.05095 0.0233254 0.0420277 0.0103749 0.0271364 0.0472178 0.0168798 0.0494307 0.0113408 0.0239074 0.0437463 0.0195581 0.0580586 0.0105822 0.0187181 0.0472178 0.0226516 0.0503789 0.00949039 0.0225466 0.05095 0.0233254
0.0160621 0.0610462 0.01121 0.0693414 0.0134518 0.072889 0.0102551 0.0222577 0.0746854 0.0160621 0.0610462 0.01121 0.0267904 0.0693414 0.0115998 0.071549 0.0122528 0.0236016 0.0643533 0.0134518 0.0836977 0.0114339 0.0184774 0.0693414 0.0155948 0.072889 0.0102551 0.0222577 0.0746854 0.0160621 0.0610462 0.01121 0.0267904 0.0693414 0.0115998 0.071549 0.0122528 0.0236016 0.0643533 0.0134518 0.0836977 0.0114339 0.0184774 0.0693414 0.0155948 0.072889 0.0102551 0.0222577 0.0746854 0.0160621
0.018918 0.267161 0.0194159 0.393273 0.015851 0.305961 0.0177745 0.0482915 0.412516 0.018918 0.267161 0.0194159 0.0578122 0.393273 0.0136733 0.30173 0.0212056 0.051125 0.374356 0.015851 0.338705 0.0198003 0.0402716 0.393273 0.0183692 0.305961 0.0177745 0.0482915 0.412516 0.018918 0.267161 0.0194159 0.0578122 0.393273 0.0136733 0.30173 0.0212056 0.051125 0.374356 0.015851 0.338705 0.0198003 0.0402716 0.393273 0.0183692 0.305961 0.0177745 0.0482915 0.412516 0.018918
0.0178447 0.10216 0.0133375 0.120313 0.0149491 0.120952 0.0122036 0.0264049 0.129041 0.0178447 0.10216 0.0133375 0.0317547 0.120313 0.0128937 0.118841 0.0145753 0.027992 0.1121 0.0149491 0.137828 0.0136033 0.021936 0.120313 0.0173265 0.120952 0.0122036 0.0264049 0.129041 0.0178447 0.10216 0.0133375 0.0317547 0.120313 0.0128937 0.118841 0.0145753 0.027992 0.1121 0.0149491 0.137828 0.0136033 0.021936 0.120313 0.0173265 0.120952 0.0122036 0.0264049 0.129041 0.0178447
0.0168023 0.0196227 0.00771496 0.0138349 0.0140734 0.0236318 0.00705563 0.020944 0.0149699 0.0168023 0.0196227 0.00771496 0.025216 0.0138349 0.0121369 0.0231747 0.00843538 0.0222103 0.0127848 0.0140734 0.0273516 0.00786959 0.0173828 0.0138349 0.0163138 0.0236318 0.00705563 0.020944 0.0149699 0.0168023 0.0196227 0.00771496 0.025216 0.0138349 0.0121369 0.0231747 0.00843538 0.0222103 0.0127848 0.0140734 0.0273516 0.00786959 0.0173828 0.0138349 0.0163138 0.0236318 0.00705563 0.020944 0.0149699 0.0168023
0.011506 0.052154 0.0102347 0.0720335 0.00962888 0.0623864 0.00936204 0.0222443 0.0775676 0.011506 0.052154 0.0102347 0.0267743 0.0720335 0.00829878 0.0612267 0.0111877 0.0235874 0.0668656 0.00962888 0.0717582 0.0104393 0.0184662 0.0720335 0.0111698 0.0623864 0.00936204 0.0222443 0.0775676 0.011506 0.052154 0.0102347 0.0267743 0.0720335 0.00829878 0.0612267 0.0111877 0.0235874 0.0668656 0.00962888 0.0717582 0.0104393 0.0184662 0.0720335 0.0111698 0.0623864 0.00936204 0.0222443 0.0775676 0.011506
0.0317984 0.544131 0.0310141 0.85267 0.0267001 0.59073 0.0284206 0.0531398 0.862439 0.0317984 0.544131 0.0310141 0.0635526 0.85267 0.0230668 0.585886 0.033836 0.056241 0.842334 0.0267001 0.626443 0.0316208 0.0443523 0.85267 0.0308876 0.59073 0.0284206 0.0531398 0.862439 0.0317984 0.544131 0.0310141 0.0635526 0.85267 0.0230668 0.585886 0.033836 0.056241 0.842334 0.0267001 0.626443 0.0316208 0.0443523 0.85267 0.0308876 0.59073 0.0284206 0.0531398 0.862439 0.0317984
0.0122207 0.0833096 0.0119549 0.0942315 0.0102282 0.099016 0.0109372 0.029844 0.101285 0.0122207 0.0833096 0.0119549 0.0358649 0.0942315 0.00881606 0.097246 0.013066 0.0316311 0.0876215 0.0102282 0.113226 0.0121935 0.0248079 0.0942315 0.0118638 0.099016 0.0109372 0.029844 0.101285 0.0122207 0.0833096 0.0119549 0.0358649 0.0942315 0.00881606 0.097246 0.013066 0.0316311 0.0876215 0.0102282 0.113226 0.0121935 0.0248079 0.0942315 0.0118638 0.099016 0.0109372 0.029844 0.101285 0.0122207
0.0145166 0.0175766 0.00755512 0.0179193 0.0121543 0.0211766 0.00690935 0.020526 0.0193828 0.0145166 0.0175766 0.00755512 0.0247149 0.0179193 0.0104791 0.0207659 0.00826074 0.0217676 0.0165644 0.0121543 0.0245196 0.00770657 0.0170347 0.0179193 0.0140936 0.0211766 0.00690935 0.020526 0.0193828 0.0145166 0.0175766 0.00755512 0.0247149 0.0179193 0.0104791 0.0207659 0.00826074 0.0217676 0.0165644 0.0121543 0.0245196 0.00770657 0.0170347 0.0179193 0.0140936 0.0211766 0.00690935 0.020526 0.0193828 0.0145166
0.0424463 0.105534 0.0157894 0.121883 0.0357038 0.12486 0.01445 0.105267 0.130708 0.0424463 0.105534 0.0157894 0.124551 0.121883 0.0308842 0.122691 0.0172507 0.111054 0.113577 0.0357038 0.142193 0.0161032 0.088667 0.121883 0.0412436 0.12486 0.01445 0.105267 0.130708 0.0424463 0.105534 0.0157894 0.124551 0.121883 0.0308842 0.122691 0.0172507 0.111054 0.113577 0.0357038 0.142193 0.0161032 0.088667 0.121883 0.0412436 0.12486 0.01445 0.105267 0.130708 0.0424463
0.0162725 0.0446415 0.0104642 0.0620859 0.0136284 0.0534831 0.00957216 0.0374934 0.0669108 0.0162725 0.0446415 0.0104642 0.044986 0.0620859 0.0117524 0.0524797 0.0114384 0.0397198 0.0575874 0.0136284 0.0616053 0.0106733 0.031208 0.0620859 0.0157991 0.0534831 0.00957216 0.0374934 0.0669108 0.0162725 0.0446415 0.0104642 0.044986 0.0620859 0.0117524 0.0524797 0.0114384 0.0397198 0.0575874 0.0136284 0.0616053 0.0106733 0.031208 0.0620859 0.0157991 0.0534831 0.00957216 0.0374934 0.0669108 0.0162725
0.0222947 0.0889797 0.0132031 0.108838 0.0186908 0.105632 0.0120805 0.0294281 0.116843 0.0222947 0.0889797 0.0132031 0.0353682 0.108838 0.0161293 0.103757 0.0144286 0.0311911 0.101318 0.0186908 0.120664 0.0134662 0.0244604 0.108838 0.0216501 0.105632 0.0120805 0.0294281 0.116843 0.0222947 0.0889797 0.0132031 0.0353682 0.108838 0.0161293 0.103757 0.0144286 0.0311911 0.101318 0.0186908 0.120664 0.0134662 0.0244604 0.108838 0.0216501 0.105632 0.0120805 0.0294281 0.116843 0.0222947
0.00828068 0.0190298 0.00726555 0.0157809 0.00692606 0.0229205 0.00664437 0.0412947 0.0170729 0.00828068 0.0190298 0.00726555 0.0495078 0.0157809 0.00596707 0.0224768 0.00794434 0.0437366 0.0145853 0.00692606 0.0265314 0.00741123 0.0343948 0.0157809 0.00803792 0.0229205 0.00664437 0.0412947 0.0170729 0.00828068 0.0190298 0.00726555 0.0495078 0.0157809 0.00596707 0.0224768 0.00794434 0.0437366 0.0145853 0.00692606 0.0265314 0.00741123 0.0343948 0.0157809 0.00803792 0.0229205 0.00664437 0.0412947 0.0170729 0.00828068
0.0269409 0.0445338 0.0108855 0.0420424 0.0226032 0.0533553 0.00995791 0.0401744 0.0453851 0.0269409 0.0445338 0.0108855 0.0481759 0.0420424 0.0195162 0.0523541 0.0118984 0.0425529 0.0389359 0.0226032 0.0614594 0.0111029 0.0334552 0.0420424 0.0261655 0.0533553 0.00995791 0.0401744 0.0453851 0.0269409 0.0445338 0.0108855 0.0481759 0.0420424 0.0195162 0.0523541 0.0118984 0.0425529 0.0389359 0.0226032 0.0614594 0.0111029 0.0334552 0.0420424 0.0261655 0.0533553 0.00995791 0.0401744 0.0453851 0.0269409
0.0246137 0.141293 0.0158871 0.263309 0.0206428 0.165952 0.0145396 0.0230935 0.279118 0.0246137 0.141293 0.0158871 0.0277915 0.263309 0.0178186 0.163203 0.0173573 0.0244866 0.248087 0.0206428 0.187766 0.0162028 0.019174 0.263309 0.0239036 0.165952 0.0145396 0.0230935 0.279118 0.0246137 0.141293 0.0158871 0.0277915 0.263309 0.0178186 0.163203 0.0173573 0.0244866 0.248087 0.0206428 0.187766 0.0162028 0.019174 0.263309 0.0239036 0.165952 0.0145396 0.0230935 0.279118 0.0246137
0.0201196 0.0466091 0.0103278 0.0499928 0.0168612 0.0558176 0.00944732 0.0172602 0.053932 0.0201196 0.0466091 0.0103278 0.0207968 0.0499928 0.0145467 0.0547729 0.0112895 0.018308 0.0463272 0.0168612 0.0642702 0.0105343 0.0143162 0.0499928 0.0195366 0.0558176 0.00944732 0.0172602 0.053932 0.0201196 0.0466091 0.0103278 0.0207968 0.0499928 0.0145467 0.0547729 0.0112895 0.018308 0.0463272 0.0168612 0.0642702 0.0105343 0.0143162 0.0499928 0.0195366 0.0558176 0.00944732 0.0172602 0.053932 0.0201196
0.0375202 0.133805 0.0170644 0.222323 0.0315344 0.157397 0.0156186 0.0683998 0.236461 0.0375202 0.133805 0.0170644 0.0815452 0.222323 0.0272617 0.154763 0.0186414 0.0723235 0.208799 0.0315344 0.178327 0.0174031 0.0572413 0.222323 0.0364518 0.157397 0.0156186 0.0683998 0.236461 0.0375202 0.133805 0.0170644 0.0815452 0.222323 0.0272617 0.154763 0.0186414 0.0723235 0.208799 0.0315344 0.178327 0.0174031 0.0572413 0.222323 0.0364518 0.157397 0.0156186 0.0683998 0.236461 0.0375202
0.0186483 0.0209845 0.00802775 0.0151511 0.0156244 0.0252646 0.00734188 0.0177227 0.0163923 0.0186483 0.0209845 0.00802775 0.021352 0.0151511 0.0134774 0.0247767 0.00877712 0.0187981 0.0140025 0.0156244 0.0292338 0.00818859 0.0147011 0.0151511 0.0181072 0.0252646 0.00734188 0.0177227 0.0163923 0.0186483 0.0209845 0.00802775 0.021352 0.0151511 0.0134774 0.0247767 0.00877712 0.0187981 0.0140025 0.0156244 0.0292338 0.00818859 0.0147011 0.0151511 0.0181072 0.0252646 0.00734188 0.0177227 0.0163923 0.0186483
0.0106854 0.0651439 0.0109032 0.0865402 0.00894089 0.0777159 0.0099741 0.0243205 0.0930771 0.0106854 0.0651439 0.0109032 0.0292607 0.0865402 0.00770509 0.0762944 0.0119177 0.0257857 0.0804218 0.00894089 0.0891715 0.011121 0.0201971 0.0865402 0.0103728 0.0777159 0.0099741 0.0243205 0.0930771 0.0106854 0.0651439 0.0109032 0.0292607 0.0865402 0.00770509 0.0762944 0.0119177 0.0257857 0.0804218 0.00894089 0.0891715 0.011121 0.0201971 0.0865402 0.0103728 0.0777159 0.0099741 0.0243205 0.0930771 0.0106854
0.0186461 0.0725192 0.0122541 0.0850188 0.0156225 0.086383 0.0112112 0.0503317 0.0914522 0.0186461 0.0725192 0.0122541 0.0602292 0.0850188 0.0134757 0.0848175 0.0133926 0.0532782 0.0789987 0.0156225 0.098979 0.0124985 0.0419879 0.0850188 0.018105 0.086383 0.0112112 0.0503317 0.0914522 0.0186461 0.0725192 0.0122541 0.0602292 0.0850188 0.0134757 0.0848175 0.0133926 0.0532782 0.0789987 0.0156225 0.098979 0.0124985 0.0419879 0.0850188 0.018105 0.086383 0.0112112 0.0503317 0.0914522 0.0186461
0.0121354 0.0385673 0.0091689 0.0408108 0.0101566 0.0462641 0.00838636 0.014219 0.0440601 0.0121354 0.0385673 0.0091689 0.0171433 0.0408108 0.00875425 0.0453896 0.0100237 0.015085 0.0377917 0.0101566 0.0533518 0.00935239 0.0117876 0.0408108 0.0117809 0.0462641 0.00838636 0.014219 0.0440601 0.0121354 0.0385673 0.0091689 0.0171433 0.0408108 0.00875425 0.0453896 0.0100237 0.015085 0.0377917 0.0101566 0.0533518 0.00935239 0.0117876 0.0408108 0.0117809 0.0462641 0.00838636 0.014219 0.0440601 0.0121354
0.00774259 0.0459183 0.00941551 0.0630657 0.00647541 0.0549982 0.00861211 0.0166413 0.0679613 0.00774259 0.0459183 0.00941551 0.0200536 0.0630657 0.00557847 0.0539679 0.0102931 0.0176522 0.0585006 0.00647541 0.0633351 0.00960389 0.0138014 0.0630657 0.00751548 0.0549982 0.00861211 0.0166413 0.0679613 0.00774259 0.0459183 0.00941551 0.0200536 0.0630657 0.00557847 0.0539679 0.0102931 0.0176522 0.0585006 0.00647541 0.0633351 0.00960389 0.0138014 0.0630657 0.00751548 0.0549982 0.00861211 0.0166413 0.0679613 0.00774259
0.0211062 0.187515 0.0178871 0.312017 0.0176909 0.218191 0.0163728 0.0736869 0.329443 0.0211062 0.187515 0.0178871 0.0877528 0.312017 0.0152643 0.214799 0.0195387 0.0778885 0.295107 0.0176909 0.244856 0.0182419 0.0617231 0.312017 0.0204952 0.218191 0.0163728 0.0736869 0.329443 0.0211062 0.187515 0.0178871 0.0877528 0.312017 0.0152643 0.214799 0.0195387 0.0778885 0.295107 0.0176909 0.244856 0.0182419 0.0617231 0.312017 0.0204952 0.218191 0.0163728 0.0736869 0.329443 0.0211062
0.0194806 0.0451281 0.0104537 0.0547089 0.016324 0.0540606 0.00956253 0.0281678 0.0589966 0.0194806 0.0451281 0.0104537 0.0338624 0.0547089 0.0140822 0.053047 0.0114269 0.0298576 0.050716 0.016324 0.0622648 0.0106626 0.0234078 0.0547089 0.0189158 0.0540606 0.00956253 0.0281678 0.0589966 0.0194806 0.0451281 0.0104537 0.0338624 0.0547089 0.0140822 0.053047 0.0114269 0.0298576 0.050716 0.016324 0.0622648 0.0106626 0.0234078 0.0547089 0.0189158 0.0540606 0.00956253 0.0281678 0.0589966 0.0194806
0.0101932 0.0396471 0.00900118 0.0434283 0.0085284 0.0475488 0.00823283 0.0138618 0.0468758 0.0101932 0.0396471 0.00900118 0.0167139 0.0434283 0.0073492 0.0466512 0.00984051 0.0147064 0.0402237 0.0085284 0.0548219 0.00918134 0.0114907 0.0434283 0.00989493 0.0475488 0.00823283 0.0138618 0.0468758 0.0101932 0.0396471 0.00900118 0.0167139 0.0434283 0.0073492 0.0466512 0.00984051 0.0147064 0.0402237 0.0085284 0.0548219 0.00918134 0.0114907 0.0434283 0.00989493 0.0475488 0.00823283 0.0138618 0.0468758 0.0101932
0.0183396 0.0267896 0.00915584 0.0315855 0.0153649 0.0322147 0.0083744 0.0395992 0.0341264 0.0183396 0.0267896 0.00915584 0.0474918 0.0315855 0.0132531 0.031597 0.0100094 0.0419452 0.029228 0.0153649 0.037234 0.00933907 0.0329729 0.0315855 0.0178072 0.0322147 0.0083744 0.0395992 0.0341264 0.0183396 0.0267896 0.00915584 0.0474918 0.0315855 0.0132531 0.031597 0.0100094 0.0419452 0.029228 0.0153649 0.037234 0.00933907 0.0329729 0.0315855 0.0178072 0.0322147 0.0083744 0.0395992 0.0341264 0.0183396
0.0150463 0.0158075 0.00736916 0.0117803 0.012599 0.0190522 0.00673918 0.0280024 0.012749 0.0150463 0.0158075 0.00736916 0.0336646 0.0117803 0.0108631 0.018682 0.00805755 0.0296825 0.0108845 0.012599 0.0220674 0.0075169 0.0232696 0.0117803 0.0146081 0.0190522 0.00673918 0.0280024 0.012749 0.0150463 0.0158075 0.00736916 0.0336646 0.0117803 0.0108631 0.018682 0.00805755 0.0296825 0.0108845 0.012599 0.0220674 0.0075169 0.0232696 0.0117803 0.0146081 0.0190522 0.00673918 0.0280024 0.012749 0.0150463
0.0124176 0.205867 0.0167081 0.422143 0.0103933 0.238664 0.0152921 0.0163536 0.44177 0.0124176 0.205867 0.0167081 0.0197082 0.422143 0.0089586 0.235049 0.0182529 0.0173473 0.402759 0.0103933 0.266976 0.0170399 0.0135622 0.422143 0.0120551 0.238664 0.0152921 0.0163536 0.44177 0.0124176 0.205867 0.0167081 0.0197082 0.422143 0.0089586 0.235049 0.0182529 0.0173473 0.402759 0.0103933 0.266976 0.0170399 0.0135622 0.422143 0.0120551 0.238664 0.0152921 0.0163536 0.44177 0.0124176
0.0142351 0.0818376 0.0127332 0.1533 0.0119181 0.0972959 0.01165 0.0405712 0.163974 0.0142351 0.0818376 0.0127332 0.0486477 0.1533 0.0102751 0.0955534 0.0139156 0.0429722 0.143201 0.0119181 0.111289 0.0129871 0.0337879 0.1533 0.0138202 0.0972959 0.01165 0.0405712 0.163974 0.0142351 0.0818376 0.0127332 0.0486477 0.1533 0.0102751 0.0955534 0.0139156 0.0429722 0.143201 0.0119181 0.111289 0.0129871 0.0337879 0.1533 0.0138202 0.0972959 0.01165 0.0405712 0.163974 0.0142351
0.00839814 0.0109212 0.00574931 0.00632323 0.00702443 0.0131763 0.00525708 0.010348 0.00684626 0.00839814 0.0109212 0.00574931 0.0124862 0.00632323 0.00605191 0.0129188 0.00628735 0.0109808 0.00583991 0.00702443 0.0152761 0.00586478 0.00857269 0.00632323 0.00815196 0.0131763 0.00525708 0.010348 0.00684626 0.00839814 0.0109212 0.00574931 0.0124862 0.00632323 0.00605191 0.0129188 0.00628735 0.0109808 0.00583991 0.00702443 0.0152761 0.00586478 0.00857269 0.00632323 0.00815196 0.0131763 0.00525708 0.010348 0.00684626 0.00839814
0.0292401 0.0842538 0.0138025 0.113025 0.0245416 0.100119 0.0126295 0.0551268 0.121296 0.0292401 0.0842538 0.0138025 0.0659018 0.113025 0.0211956 0.0983312 0.0150827 0.0583368 0.10525 0.0245416 0.114467 0.0140774 0.0460266 0.113025 0.0284005 0.100119 0.0126295 0.0551268 0.121296 0.0292401 0.0842538 0.0138025 0.0659018 0.113025 0.0211956 0.0983312 0.0150827 0.0583368 0.10525 0.0245416 0.114467 0.0140774 0.0460266 0.113025 0.0284005 0.100119 0.0126295 0.0551268 0.121296 0.0292401
0.023284 0.10782 0.014519 0.158471 0.0195233 0.127505 0.013286 0.0411629 0.169433 0.023284 0.10782 0.014519 0.0493511 0.158471 0.0168497 0.125297 0.0158647 0.0435973 0.148091 0.0195233 0.145145 0.014808 0.0342842 0.158471 0.0226114 0.127505 0.013286 0.0411629 0.169433 0.023284 0.10782 0.014519 0.0493511 0.158471 0.0168497 0.125297 0.0158647 0.0435973 0.148091 0.0195233 0.145145 0.014808 0.0342842 0.158471 0.0226114 0.127505 0.013286 0.0411629 0.169433 0.023284
0.0328955 0.316744 0.0229437 0.47596 0.0276263 0.359214 0.0210105 0.0937396 0.495942 0.0328955 0.316744 0.0229437 0.111174 0.47596 0.02387 0.354624 0.0250503 0.0989625 0.456056 0.0276263 0.394419 0.0233964 0.078797 0.47596 0.0319543 0.359214 0.0210105 0.0937396 0.495942 0.0328955 0.316744 0.0229437 0.111174 0.47596 0.02387 0.354624 0.0250503 0.0989625 0.456056 0.0276263 0.394419 0.0233964 0.078797 0.47596 0.0319543 0.359214 0.0210105 0.0937396 0.495942 0.0328955
0.0269787 0.334074 0.0227895 0.585452 0.0226351 0.377583 0.020869 0.0399262 0.604726 0.0269787 0.334074 0.0227895 0.0478807 0.585452 0.0195438 0.372895 0.0248823 0.0422907 0.565913 0.0226351 0.413427 0.0232392 0.0332471 0.585452 0.0262022 0.377583 0.020869 0.0399262 0.604726 0.0269787 0.334074 0.0227895 0.0478807 0.585452 0.0195438 0.372895 0.0248823 0.0422907 0.565913 0.0226351 0.413427 0.0232392 0.0332471 0.585452 0.0262022 0.377583 0.020869 0.0399262 0.604726 0.0269787
0.00574069 0.0312888 0.00780697 0.0337785 0.00479956 0.0375898 0.00713983 0.0128656 0.0364891 0.00574069 0.0312888 0.00780697 0.0155159 0.0337785 0.00413379 0.0368729 0.00853591 0.0136503 0.0312626 0.00479956 0.0434091 0.00796343 0.010663 0.0337785 0.00557197 0.0375898 0.00713983 0.0128656 0.0364891 0.00574069 0.0312888 0.00780697 0.0155159 0.0337785 0.00413379 0.0368729 0.00853591 0.0136503 0.0312626 0.00479956 0.0434091 0.00796343 0.010663 0.0337785 0.00557197 0.0375898 0.00713983 0.0128656 0.0364891 0.00574069
0.0239325 0.0433277 0.0108304 0.0495652 0.0200692 0.0519233 0.00990746 0.0338697 0.0534726 0.0239325 0.0433277 0.0108304 0.0406687 0.0495652 0.0173222 0.0509475 0.0118383 0.0358889 0.0459295 0.0200692 0.0598235 0.0110468 0.028174 0.0495652 0.0232416 0.0519233 0.00990746 0.0338697 0.0534726 0.0239325 0.0433277 0.0108304 0.0406687 0.0495652 0.0173222 0.0509475 0.0118383 0.0358889 0.0459295 0.0200692 0.0598235 0.0110468 0.028174 0.0495652 0.0232416 0.0519233 0.00990746 0.0338697 0.0534726 0.0239325
0.0356203 0.118301 0.0154568 0.148812 0.0299282 0.1396 0.0141453 0.0408799 0.159233 0.0356203 0.118301 0.0154568 0.0490147 0.148812 0.0258673 0.137215 0.0168879 0.0432983 0.138961 0.0299282 0.158608 0.0157641 0.0340468 0.148812 0.034604 0.1396 0.0141453 0.0408799 0.159233 0.0356203 0.118301 0.0154568 0.0490147 0.148812 0.0258673 0.137215 0.0168879 0.0432983 0.138961 0.0299282 0.158608 0.0157641 0.0340468 0.148812 0.034604 0.1396 0.0141453 0.0408799 0.159233 0.0356203
0.0183004 0.13398 0.0146482 0.195844 0.015332 0.157597 0.0134044 0.0215541 0.208751 0.0183004 0.13398 0.0146482 0.0259472 0.195844 0.0132246 0.15496 0.0160056 0.0228564 0.183551 0.015332 0.178548 0.0149397 0.0178911 0.195844 0.0177691 0.157597 0.0134044 0.0215541 0.208751 0.0183004 0.13398 0.0146482 0.0259472 0.195844 0.0132246 0.15496 0.0160056 0.0228564 0.183551 0.015332 0.178548 0.0149397 0.0178911 0.195844 0.0177691 0.157597 0.0134044 0.0215541 0.208751 0.0183004
0.0139448 0.025392 0.0084964 0.0249847 0.0116745 0.030543 0.0077708 0.0291265 0.0270094 0.0139448 0.025392 0.0084964 0.0350079 0.0249847 0.0100647 0.0299563 0.00928911 0.030872 0.0231082 0.0116745 0.0353114 0.00866655 0.0242085 0.0249847 0.0135382 0.030543 0.0077708 0.0291265 0.0270094 0.0139448 0.025392 0.0084964 0.0350079 0.0249847 0.0100647 0.0299563 0.00928911 0.030872 0.0231082 0.0116745 0.0353114 0.00866655 0.0242085 0.0249847 0.0135382 0.030543 0.0077708 0.0291265 0.0270094 0.0139448
0.0145121 0.103923 0.0131824 0.195414 0.0121506 0.122994 0.0120615 0.0127748 0.2083 0.0145121 0.103923 0.0131824 0.0154067 0.195414 0.0104758 0.120853 0.014406 0.013554 0.183142 0.0121506 0.14011 0.0134451 0.0105876 0.195414 0.0140892 0.122994 0.0120615 0.0127748 0.2083 0.0145121 0.103923 0.0131824 0.0154067 0.195414 0.0104758 0.120853 0.014406 0.013554 0.183142 0.0121506 0.14011 0.0134451 0.0105876 0.195414 0.0140892 0.122994 0.0120615 0.0127748 0.2083 0.0145121
0.00770703 0.0226375 0.00758571 0.0191373 0.00644563 0.0272453 0.00693735 0.0279437 0.0206982 0.00770703 0.0226375 0.00758571 0.0335945 0.0191373 0.00555279 0.0267202 0.00829416 0.0296205 0.017692 0.00644563 0.0315156 0.00773777 0.0232206 0.0191373 0.00748095 0.0272453 0.00693735 0.0279437 0.0206982 0.00770703 0.0226375 0.00758571 0.0335945 0.0191373 0.00555279 0.0267202 0.00829416 0.0296205 0.017692 0.00644563 0.0315156 0.00773777 0.0232206 0.0191373 0.00748095 0.0272453 0.00693735 0.0279437 0.0206982 0.00770703
0.0294862 0.314782 0.0221991 0.524128 0.0247492 0.357127 0.0203273 0.0486924 0.544032 0.0294862 0.314782 0.0221991 0.0582874 0.524128 0.0213755 0.352548 0.024239 0.0515482 0.504147 0.0247492 0.392252 0.0226374 0.0406088 0.524128 0.0286397 0.357127 0.0203273 0.0486924 0.544032 0.0294862 0.314782 0.0221991 0.0582874 0.524128 0.0213755 0.352548 0.024239 0.0515482 0.504147 0.0247492 0.392252 0.0226374 0.0406088 0.524128 0.0286397 0.357127 0.0203273 0.0486924 0.544032 0.0294862
0.00945138 0.0808426 0.0114144 0.105718 0.00790676 0.0961327 0.0104423 0.0178023 0.113523 0.00945138 0.0808426 0.0114144 0.0214475 0.105718 0.00681292 0.0944089 0.012476 0.0188823 0.0983896 0.00790676 0.109979 0.0116423 0.0147673 0.105718 0.00917461 0.0961327 0.0104423 0.0178023 0.113523 0.00945138 0.0808426 0.0114144 0.0214475 0.105718 0.00681292 0.0944089 0.012476 0.0188823 0.0983896 0.00790676 0.109979 0.0116423 0.0147673 0.105718 0.00917461 0.0961327 0.0104423 0.0178023 0.113523 0.00945138
0.0127251 0.0345325 0.00923599 0.0456378 0.0106512 0.0414588 0.00844777 0.0184517 0.0492516 0.0127251 0.0345325 0.00923599 0.0222269 0.0456378 0.0091812 0.0406713 0.010097 0.0195704 0.0422773 0.0106512 0.0478472 0.00942081 0.0153077 0.0456378 0.0123536 0.0414588 0.00844777 0.0184517 0.0492516 0.0127251 0.0345325 0.00923599 0.0222269 0.0456378 0.0091812 0.0406713 0.010097 0.0195704 0.0422773 0.0106512 0.0478472 0.00942081 0.0153077 0.0456378 0.0123536 0.0414588 0.00844777 0.0184517 0.0492516 0.0127251
0.0157413 0.0929155 0.0130526 0.134661 0.0131824 0.110215 0.0119426 0.0255172 0.144258 0.0157413 0.0929155 0.0130526 0.0306928 0.134661 0.0113671 0.108269 0.0142643 0.0270524 0.125608 0.0131824 0.125808 0.0133128 0.0211953 0.134661 0.0152832 0.110215 0.0119426 0.0255172 0.144258 0.0157413 0.0929155 0.0130526 0.0306928 0.134661 0.0113671 0.108269 0.0142643 0.0270524 0.125608 0.0131824 0.125808 0.0133128 0.0211953 0.134661 0.0152832 0.110215 0.0119426 0.0255172 0.144258 0.0157413
0.0217566 0.0600361 0.0115278 0.058915 0.018238 0.0716979 0.0105461 0.0365524 0.0635102 0.0217566 0.0600361 0.0115278 0.0438654 0.058915 0.0157376 0.0703781 0.0125998 0.0387251 0.0546328 0.018238 0.0823456 0.011758 0.0304197 0.058915 0.0211272 0.0716979 0.0105461 0.0365524 0.0635102 0.0217566 0.0600361 0.0115278 0.0438654 0.058915 0.0157376 0.0703781 0.0125998 0.0387251 0.0546328 0.018238 0.0823456 0.011758 0.0304197 0.058915 0.0211272 0.0716979 0.0105461 0.0365524 0.0635102 0.0217566
0.0421297 0.28238 0.0224402 0.492831 0.0354356 0.322417 0.0205485 0.0556273 0.512828 0.0421297 0.28238 0.0224402 0.0664934 0.492831 0.030651 0.318063 0.0245017 0.0588647 0.472858 0.0354356 0.356018 0.0228831 0.0464486 0.492831 0.0409355 0.322417 0.0205485 0.0556273 0.512828 0.0421297 0.28238 0.0224402 0.0664934 0.492831 0.030651 0.318063 0.0245017 0.0588647 0.472858 0.0354356 0.356018 0.0228831 0.0464486 0.492831 0.0409355 0.322417 0.0205485 0.0556273 0.512828 0.0421297
0.0180264 0.0748311 0.0124704 0.133581 0.0151018 0.0890944 0.0114093 0.0193002 0.143115 0.0180264 0.0748311 0.0124704 0.0232449 0.133581 0.0130256 0.0874846 0.0136288 0.0204693 0.124591 0.0151018 0.102042 0.0127191 0.016014 0.133581 0.017503 0.0890944 0.0114093 0.0193002 0.143115 0.0180264 0.0748311 0.0124704 0.0232449 0.133581 0.0130256 0.0874846 0.0136288 0.0204693 0.124591 0.0151018 0.102042 0.0127191 0.016014 0.133581 0.017503 0.0890944 0.0114093 0.0193002 0.143115 0.0180264
0.0158661 0.0208554 0.00796245 0.0173557 0.0132872 0.0251098 0.00728212 0.0331317 0.018774 0.0158661 0.0208554 0.00796245 0.0397887 0.0173557 0.0114576 0.0246248 0.00870578 0.0351086 0.0160427 0.0132872 0.0290553 0.008122 0.0275566 0.0173557 0.0154044 0.0251098 0.00728212 0.0331317 0.018774 0.0158661 0.0208554 0.00796245 0.0397887 0.0173557 0.0114576 0.0246248 0.00870578 0.0351086 0.0160427 0.0132872 0.0290553 0.008122 0.0275566 0.0173557 0.0154044 0.0251098 0.00728212 0.0331317 0.018774 0.0158661
0.0154585 0.0475777 0.0101986 0.0483118 0.012945 0.0569662 0.00932896 0.018471 0.0521258 0.0154585 0.0475777 0.0101986 0.02225 0.0483118 0.011162 0.0559013 0.0111483 0.0195908 0.0447637 0.012945 0.0655807 0.0104024 0.0153237 0.0483118 0.0150085 0.0569662 0.00932896 0.018471 0.0521258 0.0154585 0.0475777 0.0101986 0.02225 0.0483118 0.011162 0.0559013 0.0111483 0.0195908 0.0447637 0.012945 0.0655807 0.0104024 0.0153237 0.0483118 0.0150085 0.0569662 0.00932896 0.018471 0.0521258 0.0154585
0.0164299 0.0320352 0.00939303 0.037001 0.0137607 0.0384806 0.00859153 0.0283436 0.0399596 0.0164299 0.0320352 0.00939303 0.0340724 0.037001 0.0118667 0.0377474 0.0102685 0.0300436 0.0342537 0.0137607 0.0444313 0.00958096 0.0235545 0.037001 0.0159521 0.0384806 0.00859153 0.0283436 0.0399596 0.0164299 0.0320352 0.00939303 0.0340724 0.037001 0.0118667 0.0377474 0.0102685 0.0300436 0.0342537 0.0137607 0.0444313 0.00958096 0.0235545 0.037001 0.0159521 0.0384806 0.00859153 0.0283436 0.0399596 0.0164299
0.022448 0.06673 0.0124512 0.0920922 0.0188197 0.079582 0.0113917 0.0515542 0.0990029 0.022448 0.06673 0.0124512 0.0616766 0.0920922 0.0162409 0.0781293 0.0136078 0.0545682 0.085618 0.0188197 0.0912855 0.0126995 0.043017 0.0920922 0.021799 0.079582 0.0113917 0.0515542 0.0990029 0.022448 0.06673 0.0124512 0.0616766 0.0920922 0.0162409 0.0781293 0.0136078 0.0545682 0.085618 0.0188197 0.0912855 0.0126995 0.043017 0.0920922 0.021799 0.079582 0.0113917 0.0515542 0.0990029 0.022448
0.0101834 0.0187751 0.00730076 0.0180729 0.0085202 0.0226149 0.00667659 0.017181 0.0195487 0.0101834 0.0187751 0.00730076 0.0207017 0.0180729 0.00734212 0.0221771 0.00798281 0.018224 0.0167066 0.0085202 0.026179 0.00744715 0.0142503 0.0180729 0.00988543 0.0226149 0.00667659 0.017181 0.0195487 0.0101834 0.0187751 0.00730076 0.0207017 0.0180729 0.00734212 0.0221771 0.00798281 0.018224 0.0167066 0.0085202 0.026179 0.00744715 0.0142503 0.0180729 0.00988543 0.0226149 0.00667659 0.017181 0.0195487 0.0101834
0.0130663 0.0984714 0.0126793 0.141196 0.0109374 0.116672 0.0116007 0.0183077 0.151178 0.0130663 0.0984714 0.0126793 0.0220542 0.141196 0.00942831 0.114627 0.0138568 0.0194179 0.131771 0.0109374 0.133042 0.0129321 0.0151879 0.141196 0.012685 0.116672 0.0116007 0.0183077 0.151178 0.0130663 0.0984714 0.0126793 0.0220542 0.141196 0.00942831 0.114627 0.0138568 0.0194179 0.131771 0.0109374 0.133042 0.0129321 0.0151879 0.141196 0.012685 0.116672 0.0116007 0.0183077 0.151178 0.0130663
0.0372782 0.242663 0.0208512 0.375702 0.0313297 0.279261 0.0190909 0.0605189 0.394644 0.0372782 0.242663 0.0208512 0.0722673 0.375702 0.027084 0.275253 0.0227702 0.0640216 0.357132 0.0313297 0.310425 0.0212635 0.0505763 0.375702 0.0362163 0.279261 0.0190909 0.0605189 0.394644 0.0372782 0.242663 0.0208512 0.0722673 0.375702 0.027084 0.275253 0.0227702 0.0640216 0.357132 0.0313297 0.310425 0.0212635 0.0505763 0.375702 0.0362163 0.279261 0.0190909 0.0605189 0.394644 0.0372782
0.0198013 0.0676867 0.0117767 0.0647484 0.0165936 0.0807071 0.0107741 0.030536 0.0697648 0.0198013 0.0676867 0.0117767 0.0366912 0.0647484 0.0143153 0.0792356 0.0128715 0.0323631 0.0600693 0.0165936 0.0925593 0.0120118 0.0253861 0.0647484 0.0192274 0.0807071 0.0107741 0.030536 0.0697648 0.0198013 0.0676867 0.0117767 0.0366912 0.0647484 0.0143153 0.0792356 0.0128715 0.0323631 0.0600693 0.0165936 0.0925593 0.0120118 0.0253861 0.0647484 0.0192274 0.0807071 0.0107741 0.030536 0.0697648 0.0198013
0.0260667 0.175895 0.0176923 0.270571 0.0218666 0.205151 0.0161942 0.062633 0.286647 0.0260667 0.175895 0.0176923 0.0747591 0.270571 0.0188783 0.201909 0.0193263 0.0662494 0.255075 0.0218666 0.230692 0.0180433 0.0523624 0.270571 0.0253158 0.205151 0.0161942 0.062633 0.286647 0.0260667 0.175895 0.0176923 0.0747591 0.270571 0.0188783 0.201909 0.0193263 0.0662494 0.255075 0.0218666 0.230692 0.0180433 0.0523624 0.270571 0.0253158 0.205151 0.0161942 0.062633 0.286647 0.0260667
0.0248545 0.0441226 0.0107009 0.0520349 0.0208456 0.0528671 0.00978888 0.0195157 0.0561255 0.0248545 0.0441226 0.0107009 0.0235033 0.0520349 0.0179942 0.0518746 0.0116968 0.0206975 0.0482272 0.0208456 0.0609018 0.0109147 0.0161934 0.0520349 0.0241377 0.0528671 0.00978888 0.0195157 0.0561255 0.0248545 0.0441226 0.0107009 0.0235033 0.0520349 0.0179942 0.0518746 0.0116968 0.0206975 0.0482272 0.0208456 0.0609018 0.0109147 0.0161934 0.0520349 0.0241377 0.0528671 0.00978888 0.0195157 0.0561255 0.0248545
0.0126108 0.125727 0.014054 0.236507 0.0105554 0.148138 0.0128599 0.0246199 0.251255 0.0126108 0.125727 0.014054 0.029619 0.236507 0.00909847 0.145632 0.0153572 0.0261025 0.222367 0.0105554 0.168082 0.0143338 0.0204467 0.236507 0.0122427 0.148138 0.0128599 0.0246199 0.251255 0.0126108 0.125727 0.014054 0.029619 0.236507 0.00909847 0.145632 0.0153572 0.0261025 0.222367 0.0105554 0.168082 0.0143338 0.0204467 0.236507 0.0122427 0.148138 0.0128599 0.0246199 0.251255 0.0126108
0.00800095 0.128371 0.0132529 0.202149 0.00669177 0.151172 0.0121261 0.0213789 0.215359 0.00800095 0.128371 0.0132529 0.0257373 0.202149 0.00576503 0.148623 0.0144829 0.0226709 0.189553 0.00669177 0.171442 0.013517 0.0177451 0.202149 0.00776632 0.151172 0.0121261 0.0213789 0.215359 0.00800095 0.128371 0.0132529 0.0257373 0.202149 0.00576503 0.148623 0.0144829 0.0226709 0.189553 0.00669177 0.171442 0.013517 0.0177451 0.202149 0.00776632 0.151172 0.0121261 0.0213789 0.215359 0.00800095
0.0233311 0.106152 0.0146097 0.191339 0.019563 0.125575 0.0133691 0.037879 0.204024 0.0233311 0.106152 0.0146097 0.045445 0.191339 0.016884 0.123395 0.0159636 0.0401273 0.179265 0.019563 0.142991 0.0149005 0.0315311 0.191339 0.0226572 0.125575 0.0133691 0.037879 0.204024 0.0233311 0.106152 0.0146097 0.045445 0.191339 0.016884 0.123395 0.0159636 0.0401273 0.179265 0.019563 0.142991 0.0149005 0.0315311 0.191339 0.0226572 0.125575 0.0133691 0.037879 0.204024 0.0233311
0.0334496 0.0422287 0.011672 0.0527113 0.0280943 0.0506177 0.0106782 0.0799762 0.0568519 0.0334496 0.0422287 0.011672 0.0951194 0.0527113 0.024276 0.0496652 0.0127572 0.0845038 0.0488567 0.0280943 0.0583315 0.011905 0.0670652 0.0527113 0.0324931 0.0506177 0.0106782 0.0799762 0.0568519 0.0334496 0.0422287 0.011672 0.0951194 0.0527113 0.024276 0.0496652 0.0127572 0.0845038 0.0488567 0.0280943 0.0583315 0.011905 0.0670652 0.0527113 0.0324931 0.0506177 0.0106782 0.0799762 0.0568519 0.0334496
0.00905985 0.0325868 0.0080814 0.0261798 0.00757873 0.0391387 0.00739098 0.00950798 0.0282986 0.00905985 0.0325868 0.0080814 0.0114747 0.0261798 0.00652997 0.0383935 0.00883573 0.01009 0.0242158 0.00757873 0.0451865 0.00824331 0.00787567 0.0261798 0.00879444 0.0391387 0.00739098 0.00950798 0.0282986 0.00905985 0.0325868 0.0080814 0.0114747 0.0261798 0.00652997 0.0383935 0.00883573 0.01009 0.0242158 0.00757873 0.0451865 0.00824331 0.00787567 0.0261798 0.00879444 0.0391387 0.00739098 0.00950798 0.0282986 0.00905985
0.0336242 0.329285 0.0227942 0.497546 0.0282417 0.37252 0.0208732 0.0409486 0.517538 0.0336242 0.329285 0.0227942 0.0490963 0.497546 0.0244039 0.367857 0.0248874 0.0433709 0.477561 0.0282417 0.408197 0.0232439 0.0341044 0.497546 0.0326629 0.37252 0.0208732 0.0409486 0.517538 0.0336242 0.329285 0.0227942 0.0490963 0.497546 0.0244039 0.367857 0.0248874 0.0433709 0.477561 0.0282417 0.408197 0.0232439 0.0341044 0.497546 0.0326629 0.37252 0.0208732 0.0409486 0.517538 0.0336242
0.0110816 0.0473863 0.0099915 0.0535033 0.00927306 0.0567393 0.00913941 0.0395691 0.0577023 0.0110816 0.0473863 0.0099915 0.047456 0.0535033 0.00799172 0.0556783 0.0109222 0.0419134 0.0495938 0.00927306 0.0653218 0.0101913 0.0329476 0.0535033 0.0107576 0.0567393 0.00913941 0.0395691 0.0577023 0.0110816 0.0473863 0.0099915 0.047456 0.0535033 0.00799172 0.0556783 0.0109222 0.0419134 0.0495938 0.00927306 0.0653218 0.0101913 0.0329476 0.0535033 0.0107576 0.0567393 0.00913941 0.0395691 0.0577023 0.0110816
0.0215963 0.139074 0.0155005 0.221792 0.0181032 0.16342 0.0141854 0.0235599 0.235907 0.0215963 0.139074 0.0155005 0.0283501 0.221792 0.0156209 0.160704 0.0169356 0.0249804 0.208292 0.0181032 0.184975 0.0158087 0.0195629 0.221792 0.0209714 0.16342 0.0141854 0.0235599 0.235907 0.0215963 0.139074 0.0155005 0.0283501 0.221792 0.0156209 0.160704 0.0169356 0.0249804 0.208292 0.0181032 0.184975 0.0158087 0.0195629 0.221792 0.0209714 0.16342 0.0141854 0.0235599 0.235907 0.0215963
0.0156354 0.0154284 0.00717874 0.0106741 0.0130935 0.0185968 0.00656493 0.023547 0.0115529 0.0156354 0.0154284 0.00717874 0.0283346 0.0106741 0.0112903 0.0182352 0.00784949 0.0249667 0.00986157 0.0130935 0.0215415 0.0073227 0.0195521 0.0106741 0.0151804 0.0185968 0.00656493 0.023547 0.0115529 0.0156354 0.0154284 0.00717874 0.0283346 0.0106741 0.0112903 0.0182352 0.00784949 0.0249667 0.00986157 0.0130935 0.0215415 0.0073227 0.0195521 0.0106741 0.0151804 0.0185968 0.00656493 0.023547 0.0115529 0.0156354
0.0140294 0.0331667 0.00917184 0.0365919 0.0117455 0.0398304 0.00838906 0.0256513 0.0395191 0.0140294 0.0331667 0.00917184 0.0308532 0.0365919 0.010126 0.0390725 0.0100269 0.0271943 0.0338739 0.0117455 0.0459799 0.00935539 0.0213071 0.0365919 0.0136204 0.0398304 0.00838906 0.0256513 0.0395191 0.0140294 0.0331667 0.00917184 0.0308532 0.0365919 0.010126 0.0390725 0.0100269 0.0271943 0.0338739 0.0117455 0.0459799 0.00935539 0.0213071 0.0365919 0.0136204 0.0398304 0.00838906 0.0256513 0.0395191 0.0140294
0.006969 0.0113455 0.00587702 0.00953205 0.00582769 0.013687 0.00537391 0.0128311 0.0103178 0.006969 0.0113455 0.00587702 0.0154744 0.00953205 0.00502001 0.0134197 0.00642693 0.0136137 0.00880564 0.00582769 0.0158669 0.00599504 0.0106344 0.00953205 0.00676443 0.013687 0.00537391 0.0128311 0.0103178 0.006969 0.0113455 0.00587702 0.0154744 0.00953205 0.00502001 0.0134197 0.00642693 0.0136137 0.00880564 0.00582769 0.0158669 0.00599504 0.0106344 0.00953205 0.00676443 0.013687 0.00537391 0.0128311 0.0103178 0.006969
0.0153515 0.0797251 0.0121343 0.105255 0.0128552 0.0948257 0.0111016 0.0259069 0.11303 0.0153515 0.0797251 0.0121343 0.031159 0.105255 0.0110844 0.0931228 0.0132619 0.0274649 0.0979552 0.0128552 0.108507 0.0123764 0.0215204 0.105255 0.0149046 0.0948257 0.0111016 0.0259069 0.11303 0.0153515 0.0797251 0.0121343 0.031159 0.105255 0.0110844 0.0931228 0.0132619 0.0274649 0.0979552 0.0128552 0.108507 0.0123764 0.0215204 0.105255 0.0149046 0.0948257 0.0111016 0.0259069 0.11303 0.0153515
0.0106312 0.0458235 0.00980909 0.0439627 0.00889546 0.0548858 0.00897241 0.0323554 0.0474504 0.0106312 0.0458235 0.00980909 0.0388627 0.0439627 0.00766589 0.0538575 0.0107229 0.0342876 0.0407203 0.00889546 0.0632068 0.0100053 0.0269073 0.0439627 0.0103202 0.0548858 0.00897241 0.0323554 0.0474504 0.0106312 0.0458235 0.00980909 0.0388627 0.0439627 0.00766589 0.0538575 0.0107229 0.0342876 0.0407203 0.00889546 0.0632068 0.0100053 0.0269073 0.0439627 0.0103202 0.0548858 0.00897241 0.0323554 0.0474504 0.0106312
0.01997 0.0475899 0.0107518 0.0544374 0.0167354 0.0569807 0.00983548 0.0256774 0.0587052 0.01997 0.0475899 0.0107518 0.0308845 0.0544374 0.0144379 0.0559155 0.0117524 0.027222 0.0504633 0.0167354 0.0655972 0.0109666 0.0213289 0.0544374 0.0193912 0.0569807 0.00983548 0.0256774 0.0587052 0.01997 0.0475899 0.0107518 0.0308845 0.0544374 0.0144379 0.0559155 0.0117524 0.027222 0.0504633 0.0167354 0.0655972 0.0109666 0.0213289 0.0544374 0.0193912 0.0569807 0.00983548 0.0256774 0.0587052 0.01997
0.0156107 0.107428 0.0133869 0.131006 0.0130727 0.127052 0.0122488 0.0365516 0.140386 0.0156107 0.107428 0.0133869 0.0438645 0.131006 0.0112723 0.12485 0.0146292 0.0387243 0.122165 0.0130727 0.144639 0.0136536 0.030419 0.131006 0.0151563 0.127052 0.0122488 0.0365516 0.140386 0.0156107 0.107428 0.0133869 0.0438645 0.131006 0.0112723 0.12485 0.0146292 0.0387243 0.122165 0.0130727 0.144639 0.0136536 0.030419 0.131006 0.0151563 0.127052 0.0122488 0.0365516 0.140386 0.0156107
0.0431078 0.103455 0.0154868 0.127955 0.0362642 0.122452 0.0141728 0.0584574 0.13715 0.0431078 0.103455 0.0154868 0.0698353 0.127955 0.0313714 0.120319 0.0169206 0.0618486 0.119291 0.0362642 0.139504 0.0157947 0.0488359 0.127955 0.0418872 0.122452 0.0141728 0.0584574 0.13715 0.0431078 0.103455 0.0154868 0.0698353 0.127955 0.0313714 0.120319 0.0169206 0.0618486 0.119291 0.0362642 0.139504 0.0157947 0.0488359 0.127955 0.0418872 0.122452 0.0141728 0.0584574 0.13715 0.0431078
0.0328298 0.149578 0.0170356 0.200257 0.0275708 0.175387 0.0155923 0.0796393 0.213377 0.0328298 0.149578 0.0170356 0.0947252 0.200257 0.0238219 0.172513 0.0186101 0.0841495 0.187751 0.0275708 0.198147 0.0173738 0.0667787 0.200257 0.0318904 0.175387 0.0155923 0.0796393 0.213377 0.0328298 0.149578 0.0170356 0.0947252 0.200257 0.0238219 0.172513 0.0186101 0.0841495 0.187751 0.0275708 0.198147 0.0173738 0.0667787 0.200257 0.0318904 0.175387 0.0155923 0.0796393 0.213377 0.0328298
0.0061687 0.012516 0.00577297 0.00804421 0.00515778 0.0150954 0.00527872 0.00813226 0.00870835 0.0061687 0.012516 0.00577297 0.00981723 0.00804421 0.00444253 0.0148009 0.00631321 0.0086308 0.00743034 0.00515778 0.0174956 0.00588891 0.00673453 0.00804421 0.00598748 0.0150954 0.00527872 0.00813226 0.00870835 0.0061687 0.012516 0.00577297 0.00981723 0.00804421 0.00444253 0.0148009 0.00631321 0.0086308 0.00743034 0.00515778 0.0174956 0.00588891 0.00673453 0.00804421 0.00598748 0.0150954 0.00527872 0.00813226 0.00870835 0.0061687
0.0205976 0.279096 0.0199004 0.437535 0.0172631 0.318875 0.0182188 0.0350835 0.457311 0.0205976 0.279096 0.0199004 0.0421155 0.437535 0.0148943 0.314546 0.0217337 0.0371723 0.417956 0.0172631 0.352299 0.0202942 0.0291898 0.437535 0.020001 0.318875 0.0182188 0.0350835 0.457311 0.0205976 0.279096 0.0199004 0.0421155 0.437535 0.0148943 0.314546 0.0217337 0.0371723 0.417956 0.0172631 0.352299 0.0202942 0.0291898 0.437535 0.020001 0.318875 0.0182188 0.0350835 0.457311 0.0205976
0.0385873 0.133068 0.0173131 0.260984 0.032437 0.156553 0.0158466 0.0768275 0.276706 0.0385873 0.133068 0.0173131 0.0914338 0.260984 0.0280455 0.15393 0.0189127 0.0811926 0.245852 0.032437 0.177394 0.0176566 0.0643892 0.260984 0.0374896 0.156553 0.0158466 0.0768275 0.276706 0.0385873 0.133068 0.0173131 0.0914338 0.260984 0.0280455 0.15393 0.0189127 0.0811926 0.245852 0.032437 0.177394 0.0176566 0.0643892 0.260984 0.0374896 0.156553 0.0158466 0.0768275 0.276706 0.0385873
0.0133593 0.0504517 0.010518 0.0609456 0.0111833 0.0603713 0.00962146 0.0309667 0.0656881 0.0133593 0.0504517 0.010518 0.0372054 0.0609456 0.00964054 0.0592467 0.0114972 0.0328188 0.0565247 0.0111833 0.0694628 0.0107282 0.0257462 0.0609456 0.0129696 0.0603713 0.00962146 0.0309667 0.0656881 0.0133593 0.0504517 0.010518 0.0372054 0.0609456 0.00964054 0.0592467 0.0114972 0.0328188 0.0565247 0.0111833 0.0694628 0.0107282 0.0257462 0.0609456 0.0129696 0.0603713 0.00962146 0.0309667 0.0656881 0.0133593
0.0185197 0.14447 0.0153739 0.254464 0.0155162 0.169574 0.0140693 0.0253985 0.269937 0.0185197 0.14447 0.0153739 0.0305507 0.254464 0.0133839 0.166776 0.0167974 0.0269267 0.239588 0.0155162 0.191754 0.0156796 0.0210962 0.254464 0.0179822 0.169574 0.0140693 0.0253985 0.269937 0.0185197 0.14447 0.0153739 0.0305507 0.254464 0.0133839 0.166776 0.0167974 0.0269267 0.239588 0.0155162 0.191754 0.0156796 0.0210962 0.254464 0.0179822 0.169574 0.0140693 0.0253985 0.269937 0.0185197
0.00797294 0.0392178 0.00871315 0.0528864 0.00666832 0.0470381 0.00796919 0.00812077 0.0570399 0.00797294 0.0392178 0.00871315 0.00980338 0.0528864 0.00574481 0.0461497 0.00952588 0.00861861 0.0490196 0.00666832 0.0542376 0.0088876 0.006725 0.0528864 0.00773913 0.0470381 0.00796919 0.00812077 0.0570399 0.00797294 0.0392178 0.00871315 0.00980338 0.0528864 0.00574481 0.0461497 0.00952588 0.00861861 0.0490196 0.00666832 0.0542376 0.0088876 0.006725 0.0528864 0.00773913 0.0470381 0.00796919 0.00812077 0.0570399 0.00797294
0.0318929 0.0516188 0.0118945 0.0503614 0.0267799 0.061753 0.0108819 0.0675187 0.054328 0.0318929 0.0516188 0.0118945 0.0805095 0.0503614 0.023136 0.0606043 0.0130001 0.0713957 0.0466702 0.0267799 0.0710368 0.0121319 0.0564953 0.0503614 0.0309795 0.061753 0.0108819 0.0675187 0.054328 0.0318929 0.0516188 0.0118945 0.0805095 0.0503614 0.023136 0.0606043 0.0130001 0.0713957 0.0466702 0.0267799 0.0710368 0.0121319 0.0564953 0.0503614 0.0309795 0.061753 0.0108819 0.0675187 0.054328 0.0318929
0.0164663 0.0585369 0.0109648 0.0743421 0.0137912 0.0699292 0.0100305 0.0176317 0.0800383 0.0164663 0.0585369 0.0109648 0.0212427 0.0743421 0.0118931 0.0686396 0.011985 0.0187016 0.0690209 0.0137912 0.080337 0.0111838 0.0146253 0.0743421 0.0159875 0.0699292 0.0100305 0.0176317 0.0800383 0.0164663 0.0585369 0.0109648 0.0212427 0.0743421 0.0118931 0.0686396 0.011985 0.0187016 0.0690209 0.0137912 0.080337 0.0111838 0.0146253 0.0743421 0.0159875 0.0699292 0.0100305 0.0176317 0.0800383 0.0164663
0.0180666 0.0305044 0.00927115 0.024537 0.0151356 0.0366534 0.00847996 0.0480826 0.0265264 0.0180666 0.0305044 0.00927115 0.0575647 0.024537 0.0130548 0.0359537 0.0101354 0.0509045 0.0226933 0.0151356 0.0423341 0.00945667 0.040096 0.024537 0.0175421 0.0366534 0.00847996 0.0480826 0.0265264 0.0180666 0.0305044 0.00927115 0.0575647 0.024537 0.0130548 0.0359537 0.0101354 0.0509045 0.0226933 0.0151356 0.0423341 0.00945667 0.040096 0.024537 0.0175421 0.0366534 0.00847996 0.0480826 0.0265264 0.0180666
0.0243779 0.215656 0.0193729 0.427412 0.0204442 0.249522 0.0177351 0.0569235 0.447094 0.0243779 0.215656 0.0193729 0.0680245 0.427412 0.0176467 0.245795 0.0211587 0.0602315 0.407957 0.0204442 0.27865 0.0197565 0.0475417 0.427412 0.0236744 0.249522 0.0177351 0.0569235 0.447094 0.0243779 0.215656 0.0193729 0.0680245 0.427412 0.0176467 0.245795 0.0211587 0.0602315 0.407957 0.0204442 0.27865 0.0197565 0.0475417 0.427412 0.0236744 0.249522 0.0177351 0.0569235 0.447094 0.0243779
0.013402 0.030861 0.00854984 0.0241612 0.0112191 0.0370792 0.00781972 0.0144191 0.0261209 0.013402 0.030861 0.00854984 0.0173838 0.0241612 0.00967145 0.0363717 0.00934749 0.0152971 0.0223451 0.0112191 0.0428229 0.00872105 0.0119538 0.0241612 0.0130111 0.0370792 0.00781972 0.0144191 0.0261209 0.013402 0.030861 0.00854984 0.0173838 0.0241612 0.00967145 0.0363717 0.00934749 0.0152971 0.0223451 0.0112191 0.0428229 0.00872105 0.0119538 0.0241612 0.0130111 0.0370792 0.00781972 0.0144191 0.0261209 0.013402
0.00924178 0.0480384 0.00940605 0.0482494 0.00773115 0.0575123 0.00860345 0.0152789 0.0520588 0.00924178 0.0480384 0.00940605 0.0184171 0.0482494 0.00666144 0.0564378 0.0102828 0.0162084 0.0447057 0.00773115 0.0662036 0.00959424 0.0126685 0.0482494 0.00897109 0.0575123 0.00860345 0.0152789 0.0520588 0.00924178 0.0480384 0.00940605 0.0184171 0.0482494 0.00666144 0.0564378 0.0102828 0.0162084 0.0447057 0.00773115 0.0662036 0.00959424 0.0126685 0.0482494 0.00897109 0.0575123 0.00860345 0.0152789 0.0520588 0.00924178
0.0308495 0.174043 0.0183132 0.282172 0.0258993 0.203066 0.0167635 0.0944686 0.298654 0.0308495 0.174043 0.0183132 0.112022 0.282172 0.0223725 0.199849 0.0200034 0.0997277 0.266254 0.0258993 0.228423 0.0186763 0.07942 0.282172 0.0299651 0.203066 0.0167635 0.0944686 0.298654 0.0308495 0.174043 0.0183132 0.112022 0.282172 0.0223725 0.199849 0.0200034 0.0997277 0.266254 0.0258993 0.228423 0.0186763 0.07942 0.282172 0.0299651 0.203066 0.0167635 0.0944686 0.298654 0.0308495
0.0124701 0.0186226 0.00730855 0.0160466 0.0104374 0.0224319 0.00668372 0.0129245 0.0173599 0.0124701 0.0186226 0.00730855 0.0155867 0.0160466 0.00899659 0.0219975 0.00799133 0.0137127 0.0148312 0.0104374 0.0259679 0.0074551 0.010712 0.0160466 0.012106 0.0224319 0.00668372 0.0129245 0.0173599 0.0124701 0.0186226 0.00730855 0.0155867 0.0160466 0.00899659 0.0219975 0.00799133 0.0137127 0.0148312 0.0104374 0.0259679 0.0074551 0.010712 0.0160466 0.012106 0.0224319 0.00668372 0.0129245 0.0173599 0.0124701
0.0157852 0.0711507 0.0120273 0.0950903 0.0132193 0.0847767 0.0110035 0.0429547 0.102201 0.0157852 0.0711507 0.0120273 0.0514802 0.0950903 0.0113989 0.0832378 0.0131451 0.04549 0.0884259 0.0132193 0.0971635 0.0122673 0.0357878 0.0950903 0.0153258 0.0847767 0.0110035 0.0429547 0.102201 0.0157852 0.0711507 0.0120273 0.0514802 0.0950903 0.0113989 0.0832378 0.0131451 0.04549 0.0884259 0.0132193 0.0971635 0.0122673 0.0357878 0.0950903 0.0153258 0.0847767 0.0110035 0.0429547 0.102201 0.0157852
0.0146992 0.119783 0.0142843 0.221951 0.0123076 0.141305 0.0130709 0.0267948 0.236073 0.0146992 0.119783 0.0142843 0.0322209 0.221951 0.0106115 0.138896 0.0156085 0.0284046 0.208444 0.0123076 0.160503 0.0145687 0.0222614 0.221951 0.014271 0.141305 0.0130709 0.0267948 0.236073 0.0146992 0.119783 0.0142843 0.0322209 0.221951 0.0106115 0.138896 0.0156085 0.0284046 0.208444 0.0123076 0.160503 0.0145687 0.0222614 0.221951 0.014271 0.141305 0.0130709 0.0267948 0.236073 0.0146992
0.0170166 0.0512231 0.0106064 0.0614777 0.0142534 0.0612847 0.00970235 0.0239167 0.0662587 0.0170166 0.0512231 0.0106064 0.0287773 0.0614777 0.0122924 0.0601441 0.0115936 0.0253582 0.0570206 0.0142534 0.0705034 0.0108183 0.0198604 0.0614777 0.016522 0.0612847 0.00970235 0.0239167 0.0662587 0.0170166 0.0512231 0.0106064 0.0287773 0.0614777 0.0122924 0.0601441 0.0115936 0.0253582 0.0570206 0.0142534 0.0705034 0.0108183 0.0198604 0.0614777 0.016522 0.0612847 0.00970235 0.0239167 0.0662587 0.0170166
0.0117235 0.138623 0.0138472 0.187014 0.00981124 0.162904 0.0126705 0.0220058 0.199482 0.0117235 0.138623 0.0138472 0.0264885 0.187014 0.00845617 0.160195 0.0151315 0.0233348 0.175154 0.00981124 0.184406 0.014123 0.0182674 0.187014 0.011381 0.162904 0.0126705 0.0220058 0.199482 0.0117235 0.138623 0.0138472 0.0264885 0.187014 0.00845617 0.160195 0.0151315 0.0233348 0.175154 0.00981124 0.184406 0.014123 0.0182674 0.187014 0.011381 0.162904 0.0126705 0.0220058 0.199482 0.0117235
0.0269263 0.153225 0.0168058 0.269515 0.0225909 0.179531 0.0153816 0.0371376 0.285552 0.0269263 0.153225 0.0168058 0.0445624 0.269515 0.0195056 0.176604 0.0183594 0.0393438 0.254058 0.0225909 0.202696 0.0171395 0.0309099 0.269515 0.0261513 0.179531 0.0153816 0.0371376 0.285552 0.0269263 0.153225 0.0168058 0.0445624 0.269515 0.0195056 0.176604 0.0183594 0.0393438 0.254058 0.0225909 0.202696 0.0171395 0.0309099 0.269515 0.0261513 0.179531 0.0153816 0.0371376 0.285552 0.0269263
0.0112467 0.0403567 0.00945818 0.0418717 0.00941148 0.0483927 0.00865117 0.0299051 0.0452015 0.0112467 0.0403567 0.00945818 0.0359378 0.0418717 0.00811117 0.0474799 0.0103397 0.0316957 0.0387773 0.00941148 0.0557873 0.0096474 0.0248589 0.0418717 0.010918 0.0483927 0.00865117 0.0299051 0.0452015 0.0112467 0.0403567 0.00945818 0.0359378 0.0418717 0.00811117 0.0474799 0.0103397 0.0316957 0.0387773 0.00941148 0.0557873 0.0096474 0.0248589 0.0418717 0.010918 0.0483927 0.00865117 0.0299051 0.0452015 0.0112467
0.0110227 0.0175787 0.0074892 0.0161731 0.0092237 0.0211791 0.00684903 0.0353743 0.0174966 0.0110227 0.0175787 0.0074892 0.0424621 0.0161731 0.00794912 0.0207685 0.00818872 0.0374797 0.0149483 0.0092237 0.0245226 0.00763934 0.0294333 0.0161731 0.0107004 0.0211791 0.00684903 0.0353743 0.0174966 0.0110227 0.0175787 0.0074892 0.0424621 0.0161731 0.00794912 0.0207685 0.00818872 0.0374797 0.0149483 0.0092237 0.0245226 0.00763934 0.0294333 0.0161731 0.0107004 0.0211791 0.00684903 0.0353743 0.0174966 0.0110227
0.0206656 0.0885427 0.0129007 0.121056 0.0173204 0.105123 0.0118034 0.0191278 0.12983 0.0206656 0.0885427 0.0129007 0.0230381 0.121056 0.0149438 0.103256 0.0140985 0.0202866 0.112799 0.0173204 0.120092 0.0131579 0.0158704 0.121056 0.0200671 0.105123 0.0118034 0.0191278 0.12983 0.0206656 0.0885427 0.0129007 0.0230381 0.121056 0.0149438 0.103256 0.0140985 0.0202866 0.112799 0.0173204 0.120092 0.0131579 0.0158704 0.121056 0.0200671 0.105123 0.0118034 0.0191278 0.12983 0.0206656
0.0228539 0.0481859 0.0109842 0.0429801 0.0191613 0.0576872 0.0100483 0.0492329 0.0463938 0.0228539 0.0481859 0.0109842 0.0589278 0.0429801 0.0165364 0.0566096 0.0120062 0.0521187 0.0398072 0.0191613 0.066403 0.0112036 0.0410635 0.0429801 0.0221934 0.0576872 0.0100483 0.0492329 0.0463938 0.0228539 0.0481859 0.0109842 0.0589278 0.0429801 0.0165364 0.0566096 0.0120062 0.0521187 0.0398072 0.0191613 0.066403 0.0112036 0.0410635 0.0429801 0.0221934 0.0576872 0.0100483 0.0492329 0.0463938 0.0228539
0.0151081 0.12805 0.0139119 0.190495 0.0126508 0.150804 0.0127297 0.0127528 0.203137 0.0151081 0.12805 0.0139119 0.0153803 0.190495 0.0109079 0.14826 0.0152021 0.0135307 0.178462 0.0126508 0.171035 0.0141889 0.0105694 0.190495 0.0146681 0.150804 0.0127297 0.0127528 0.203137 0.0151081 0.12805 0.0139119 0.0153803 0.190495 0.0109079 0.14826 0.0152021 0.0135307 0.178462 0.0126508 0.171035 0.0141889 0.0105694 0.190495 0.0146681 0.150804 0.0127297 0.0127528 0.203137 0.0151081
0.0240049 0.0680278 0.0122863 0.0990446 0.0201302 0.081108 0.0112407 0.0248408 0.106416 0.0240049 0.0680278 0.0122863 0.0298834 0.0990446 0.0173749 0.0796298 0.0134278 0.0263364 0.0921312 0.0201302 0.0930131 0.0125314 0.020631 0.0990446 0.023312 0.081108 0.0112407 0.0248408 0.106416 0.0240049 0.0680278 0.0122863 0.0298834 0.0990446 0.0173749 0.0796298 0.0134278 0.0263364 0.0921312 0.0201302 0.0930131 0.0125314 0.020631 0.0990446 0.023312 0.081108 0.0112407 0.0248408 0.106416 0.0240049
0.0138697 0.0646343 0.0114294 0.102474 0.0116115 0.077116 0.0104559 0.0278974 0.110069 0.0138697 0.0646343 0.0114294 0.0335391 0.102474 0.0100103 0.0757046 0.0124923 0.0295714 0.0953462 0.0116115 0.0884916 0.0116576 0.0231819 0.102474 0.0134653 0.077116 0.0104559 0.0278974 0.110069 0.0138697 0.0646343 0.0114294 0.0335391 0.102474 0.0100103 0.0757046 0.0124923 0.0295714 0.0953462 0.0116115 0.0884916 0.0116576 0.0231819 0.102474 0.0134653 0.077116 0.0104559 0.0278974 0.110069 0.0138697
0.0175931 0.1458 0.0155751 0.19613 0.0147377 0.171089 0.0142537 0.0553265 0.20905 0.0175931 0.1458 0.0155751 0.0661378 0.19613 0.012711 0.168271 0.0170169 0.0585474 0.183823 0.0147377 0.193421 0.0158847 0.046195 0.19613 0.0170821 0.171089 0.0142537 0.0553265 0.20905 0.0175931 0.1458 0.0155751 0.0661378 0.19613 0.012711 0.168271 0.0170169 0.0585474 0.183823 0.0147377 0.193421 0.0158847 0.046195 0.19613 0.0170821 0.171089 0.0142537 0.0553265 0.20905 0.0175931
0.0164388 0.0274693 0.00868791 0.0322661 0.0137681 0.0330275 0.0079461 0.0132734 0.0348598 0.0164388 0.0274693 0.00868791 0.0160064 0.0322661 0.0118731 0.0323947 0.00949832 0.0140827 0.0298594 0.0137681 0.0381684 0.00886187 0.0110019 0.0322661 0.0159607 0.0330275 0.0079461 0.0132734 0.0348598 0.0164388 0.0274693 0.00868791 0.0160064 0.0322661 0.0118731 0.0323947 0.00949832 0.0140827 0.0298594 0.0137681 0.0381684 0.00886187 0.0110019 0.0322661 0.0159607 0.0330275 0.0079461 0.0132734 0.0348598 0.0164388
0.0156686 0.0696331 0.0116332 0.0752749 0.0131214 0.0829945 0.0106426 0.033203 0.0810363 0.0156686 0.0696331 0.0116332 0.0398737 0.0752749 0.0113143 0.081485 0.0127149 0.0351839 0.069892 0.0131214 0.0951479 0.0118655 0.0276162 0.0752749 0.0152126 0.0829945 0.0106426 0.033203 0.0810363 0.0156686 0.0696331 0.0116332 0.0398737 0.0752749 0.0113143 0.081485 0.0127149 0.0351839 0.069892 0.0131214 0.0951479 0.0118655 0.0276162 0.0752749 0.0152126 0.0829945 0.0106426 0.033203 0.0810363 0.0156686
0.0193098 0.0292922 0.00899839 0.0256732 0.0161804 0.0352058 0.00823029 0.0232803 0.0277521 0.0193098 0.0292922 0.00899839 0.0280152 0.0256732 0.013958 0.0345327 0.00983748 0.0246843 0.0237463 0.0161804 0.0406716 0.00917851 0.0193297 0.0256732 0.0187498 0.0352058 0.00823029 0.0232803 0.0277521 0.0193098 0.0292922 0.00899839 0.0280152 0.0256732 0.013958 0.0345327 0.00983748 0.0246843 0.0237463 0.0161804 0.0406716 0.00917851 0.0193297 0.0256732 0.0187498 0.0352058 0.00823029 0.0232803 0.0277521 0.0193098
0.010336 0.013349 0.006604 0.0105115 0.00864805 0.0160973 0.00603903 0.0214064 0.011377 0.010336 0.013349 0.006604 0.0257703 0.0105115 0.00745242 0.0157836 0.00722143 0.0227001 0.00971118 0.00864805 0.0186538 0.00673651 0.0177681 0.0105115 0.0100336 0.0160973 0.00603903 0.0214064 0.011377 0.010336 0.013349 0.006604 0.0257703 0.0105115 0.00745242 0.0157836 0.00722143 0.0227001 0.00971118 0.00864805 0.0186538 0.00673651 0.0177681 0.0105115 0.0100336 0.0160973 0.00603903 0.0214064 0.011377 0.010336
0.0395791 0.110207 0.0162565 0.236156 0.0332762 0.130264 0.0148782 0.0502561 0.25089 0.0395791 0.110207 0.0162565 0.0601397 0.236156 0.0287744 0.128015 0.0177603 0.0531984 0.222031 0.0332762 0.14822 0.0165795 0.0419243 0.236156 0.0384543 0.130264 0.0148782 0.0502561 0.25089 0.0395791 0.110207 0.0162565 0.0601397 0.236156 0.0287744 0.128015 0.0177603 0.0531984 0.222031 0.0332762 0.14822 0.0165795 0.0419243 0.236156 0.0384543 0.130264 0.0148782 0.0502561 0.25089 0.0395791
0.00865066 0.0146691 0.00649096 0.00873378 0.00723595 0.0176843 0.00593561 0.019314 0.00945431 0.00865066 0.0146691 0.00649096 0.0232615 0.00873378 0.00623432 0.0173402 0.00709791 0.0204839 0.00806771 0.00723595 0.0204876 0.00662122 0.0160255 0.00873378 0.00839714 0.0176843 0.00593561 0.019314 0.00945431 0.00865066 0.0146691 0.00649096 0.0232615 0.00873378 0.00623432 0.0173402 0.00709791 0.0204839 0.00806771 0.00723595 0.0204876 0.00662122 0.0160255 0.00873378 0.00839714 0.0176843 0.00593561 0.019314 0.00945431 0.00865066
0.0185534 0.0513806 0.011164 0.0803729 0.0155446 0.0614711 0.0102129 0.0292264 0.086488 0.0185534 0.0513806 0.011164 0.0351272 0.0803729 0.0134084 0.0603273 0.0122025 0.0309777 0.0746549 0.0155446 0.0707157 0.0113869 0.0242919 0.0803729 0.018015 0.0614711 0.0102129 0.0292264 0.086488 0.0185534 0.0513806 0.011164 0.0351272 0.0803729 0.0134084 0.0603273 0.0122025 0.0309777 0.0746549 0.0155446 0.0707157 0.0113869 0.0242919 0.0803729 0.018015 0.0614711 0.0102129 0.0292264 0.086488 0.0185534
0.0287396 0.0288818 0.00970506 0.0236507 0.0241195 0.0347155 0.00887717 0.0478558 0.0255702 0.0287396 0.0288818 0.00970506 0.0572958 0.0236507 0.0208299 0.0340515 0.0106093 0.0506651 0.0218721 0.0241195 0.0401083 0.00989917 0.0399052 0.0236507 0.027914 0.0347155 0.00887717 0.0478558 0.0255702 0.0287396 0.0288818 0.00970506 0.0572958 0.0236507 0.0208299 0.0340515 0.0106093 0.0506651 0.0218721 0.0241195 0.0401083 0.00989917 0.0399052 0.0236507 0.027914 0.0347155 0.00887717 0.0478558 0.0255702 0.0287396
0.0117481 0.0380473 0.00926398 0.0308112 0.0098319 0.0456453 0.0084734 0.0416236 0.033292 0.0117481 0.0380473 0.00926398 0.0498987 0.0308112 0.008474 0.0447819 0.0101276 0.044084 0.0285099 0.0098319 0.0526434 0.00944936 0.0346707 0.0308112 0.0114049 0.0456453 0.0084734 0.0416236 0.033292 0.0117481 0.0380473 0.00926398 0.0498987 0.0308112 0.008474 0.0447819 0.0101276 0.044084 0.0285099 0.0098319 0.0526434 0.00944936 0.0346707 0.0308112 0.0114049 0.0456453 0.0084734 0.0416236 0.033292 0.0117481
0.0402968 0.158091 0.0179098 0.260516 0.0338836 0.18505 0.0163936 0.0416319 0.27622 0.0402968 0.158091 0.0179098 0.0499086 0.260516 0.0293022 0.182052 0.0195635 0.0440927 0.245402 0.0338836 0.208746 0.018265 0.0346777 0.260516 0.0391524 0.18505 0.0163936 0.0416319 0.27622 0.0402968 0.158091 0.0179098 0.0499086 0.260516 0.0293022 0.182052 0.0195635 0.0440927 0.245402 0.0338836 0.208746 0.018265 0.0346777 0.260516 0.0391524 0.18505 0.0163936 0.0416319 0.27622 0.0402968
0.0115953 0.0280749 0.00858507 0.0333901 0.00970376 0.0337512 0.00785197 0.0297751 0.0360707 0.0115953 0.0280749 0.00858507 0.0357826 0.0333901 0.00836341 0.033105 0.00938598 0.0315582 0.0309022 0.00970376 0.0390003 0.00875698 0.0247503 0.0333901 0.0112565 0.0337512 0.00785197 0.0297751 0.0360707 0.0115953 0.0280749 0.00858507 0.0357826 0.0333901 0.00836341 0.033105 0.00938598 0.0315582 0.0309022 0.00970376 0.0390003 0.00875698 0.0247503 0.0333901 0.0112565 0.0337512 0.00785197 0.0297751 0.0360707 0.0115953
0.0181245 0.0332288 0.00982592 0.0438908 0.0151842 0.0399045 0.00898782 0.0512683 0.0473732 0.0181245 0.0332288 0.00982592 0.0613381 0.0438908 0.0130968 0.0391452 0.0107413 0.0542665 0.0406535 0.0151842 0.0460649 0.0100224 0.0427763 0.0438908 0.0175982 0.0399045 0.00898782 0.0512683 0.0473732 0.0181245 0.0332288 0.00982592 0.0613381 0.0438908 0.0130968 0.0391452 0.0107413 0.0542665 0.0406535 0.0151842 0.0460649 0.0100224 0.0427763 0.0438908 0.0175982 0.0399045 0.00898782 0.0512683 0.0473732 0.0181245
0.0147022 0.0313399 0.0088385 0.0283222 0.0123101 0.0376509 0.00808393 0.0213702 0.0306089 0.0147022 0.0313399 0.0088385 0.0257269 0.0283222 0.0106136 0.0369329 0.00966282 0.0226617 0.0262018 0.0123101 0.0434791 0.00901544 0.0177379 0.0283222 0.0142738 0.0376509 0.00808393 0.0213702 0.0306089 0.0147022 0.0313399 0.0088385 0.0257269 0.0283222 0.0106136 0.0369329 0.00966282 0.0226617 0.0262018 0.0123101 0.0434791 0.00901544 0.0177379 0.0283222 0.0142738 0.0376509 0.00808393 0.0213702 0.0306089 0.0147022
0.00826165 0.034655 0.00825909 0.0328058 0.00691011 0.0416048 0.00755361 0.00908634 0.0354412 0.00826165 0.034655 0.00825909 0.0109668 0.0328058 0.00595332 0.0408146 0.00902986 0.00964279 0.0303601 0.00691011 0.0480146 0.00842453 0.00752586 0.0328058 0.00801944 0.0416048 0.00755361 0.00908634 0.0354412 0.00826165 0.034655 0.00825909 0.0109668 0.0328058 0.00595332 0.0408146 0.00902986 0.00964279 0.0303601 0.00691011 0.0480146 0.00842453 0.00752586 0.0328058 0.00801944 0.0416048 0.00755361 0.00908634 0.0354412 0.00826165
0.0112257 0.0987855 0.0126902 0.108687 0.00939387 0.117037 0.0116107 0.0496489 0.116683 0.0112257 0.0987855 0.0126902 0.0594206 0.108687 0.00809598 0.114986 0.0138687 0.0525577 0.101176 0.00939387 0.13345 0.0129433 0.0414134 0.108687 0.0108976 0.117037 0.0116107 0.0496489 0.116683 0.0112257 0.0987855 0.0126902 0.0594206 0.108687 0.00809598 0.114986 0.0138687 0.0525577 0.101176 0.00939387 0.13345 0.0129433 0.0414134 0.108687 0.0108976 0.117037 0.0116107 0.0496489 0.116683 0.0112257
0.0163599 0.0632357 0.0118278 0.0942175 0.0137019 0.0754691 0.0108208 0.0325384 0.10127 0.0163599 0.0632357 0.0118278 0.0390809 0.0942175 0.0118158 0.0740854 0.0129272 0.0344811 0.0876083 0.0137019 0.0866246 0.0120638 0.0270603 0.0942175 0.0158841 0.0754691 0.0108208 0.0325384 0.10127 0.0163599 0.0632357 0.0118278 0.0390809 0.0942175 0.0118158 0.0740854 0.0129272 0.0344811 0.0876083 0.0137019 0.0866246 0.0120638 0.0270603 0.0942175 0.0158841 0.0754691 0.0108208 0.0325384 0.10127 0.0163599
0.0206339 0.0506235 0.0112014 0.0792822 0.0172937 0.0605748 0.0102472 0.024709 0.085322 0.0206339 0.0506235 0.0112014 0.0297257 0.0792822 0.0149207 0.0594466 0.0122433 0.0261969 0.0736356 0.0172937 0.0696946 0.0114251 0.0205211 0.0792822 0.0200363 0.0605748 0.0102472 0.024709 0.085322 0.0206339 0.0506235 0.0112014 0.0297257 0.0792822 0.0149207 0.0594466 0.0122433 0.0261969 0.0736356 0.0172937 0.0696946 0.0114251 0.0205211 0.0792822 0.0200363 0.0605748 0.0102472 0.024709 0.085322 0.0206339
0.0076806 0.00944344 0.00558843 0.00713402 0.0064235 0.011397 0.0051099 0.0106874 0.0077236 0.0076806 0.00944344 0.00558843 0.0128948 0.00713402 0.00553371 0.0111738 0.0061115 0.0113407 0.00658914 0.0064235 0.013217 0.00570068 0.00885438 0.00713402 0.0074553 0.011397 0.0051099 0.0106874 0.0077236 0.0076806 0.00944344 0.00558843 0.0128948 0.00713402 0.00553371 0.0111738 0.0061115 0.0113407 0.00658914 0.0064235 0.013217 0.00570068 0.00885438 0.00713402 0.0074553 0.011397 0.0051099 0.0106874 0.0077236 0.0076806
0.0154037 0.0986746 0.0136672 0.180038 0.012899 0.116908 0.0125055 0.0356601 0.192152 0.0154037 0.0986746 0.0136672 0.0428026 0.180038 0.0111222 0.114859 0.014935 0.0377819 0.168529 0.012899 0.133306 0.0139394 0.0296725 0.180038 0.0149552 0.116908 0.0125055 0.0356601 0.192152 0.0154037 0.0986746 0.0136672 0.0428026 0.180038 0.0111222 0.114859 0.014935 0.0377819 0.168529 0.012899 0.133306 0.0139394 0.0296725 0.180038 0.0149552 0.116908 0.0125055 0.0356601 0.192152 0.0154037
0.0179026 0.248022 0.0187756 0.41411 0.0149978 0.285123 0.0171874 0.0272706 0.433644 0.0179026 0.248022 0.0187756 0.0327899 0.41411 0.0129357 0.281064 0.0205076 0.0289082 0.394843 0.0149978 0.316654 0.0191477 0.0226586 0.41411 0.0173827 0.285123 0.0171874 0.0272706 0.433644 0.0179026 0.248022 0.0187756 0.0327899 0.41411 0.0129357 0.281064 0.0205076 0.0289082 0.394843 0.0149978 0.316654 0.0191477 0.0226586 0.41411 0.0173827 0.285123 0.0171874 0.0272706 0.433644 0.0179026
0.0235245 0.121918 0.0148693 0.166399 0.0197257 0.143762 0.0136069 0.0425517 0.177793 0.0235245 0.121918 0.0148693 0.0510015 0.166399 0.0170249 0.141317 0.0162469 0.0450644 0.155596 0.0197257 0.16323 0.0151651 0.0354495 0.166399 0.0228451 0.143762 0.0136069 0.0425517 0.177793 0.0235245 0.121918 0.0148693 0.0510015 0.166399 0.0170249 0.141317 0.0162469 0.0450644 0.155596 0.0197257 0.16323 0.0151651 0.0354495 0.166399 0.0228451 0.143762 0.0136069 0.0425517 0.177793 0.0235245
0.0240894 0.247405 0.0197359 0.454339 0.0202013 0.284448 0.0180679 0.0423362 0.474234 0.0240894 0.247405 0.0197359 0.0507454 0.454339 0.0174365 0.280395 0.0215544 0.0448367 0.434588 0.0202013 0.315938 0.0201265 0.0352686 0.454339 0.0233941 0.284448 0.0180679 0.0423362 0.474234 0.0240894 0.247405 0.0197359 0.0507454 0.454339 0.0174365 0.280395 0.0215544 0.0448367 0.434588 0.0202013 0.315938 0.0201265 0.0352686 0.454339 0.0233941 0.284448 0.0180679 0.0423362 0.474234 0.0240894
0.025616 0.0311326 0.00971988 0.0330886 0.0214869 0.0374034 0.00889074 0.0297977 0.035746 0.025616 0.0311326 0.00971988 0.0358095 0.0330886 0.0185495 0.03669 0.0106255 0.0315821 0.0306226 0.0214869 0.0431951 0.00991429 0.0247692 0.0330886 0.0248778 0.0374034 0.00889074 0.0297977 0.035746 0.025616 0.0311326 0.00971988 0.0358095 0.0330886 0.0185495 0.03669 0.0106255 0.0315821 0.0306226 0.0214869 0.0431951 0.00991429 0.0247692 0.0330886 0.0248778 0.0374034 0.00889074 0.0297977 0.035746 0.025616
0.0344636 0.173352 0.0178428 0.269961 0.0289508 0.202288 0.0163321 0.0466546 0.286014 0.0344636 0.173352 0.0178428 0.0558716 0.269961 0.0250191 0.19908 0.0194903 0.0493971 0.254487 0.0289508 0.227575 0.0181966 0.0388955 0.269961 0.0334792 0.202288 0.0163321 0.0466546 0.286014 0.0344636 0.173352 0.0178428 0.0558716 0.269961 0.0250191 0.19908 0.0194903 0.0493971 0.254487 0.0289508 0.227575 0.0181966 0.0388955 0.269961 0.0334792 0.202288 0.0163321 0.0466546 0.286014 0.0344636
0.022933 0.060561 0.0118523 0.0690221 0.0192278 0.0723169 0.0108433 0.0494211 0.0743433 0.022933 0.060561 0.0118523 0.0591507 0.0690221 0.016594 0.0709866 0.012954 0.0523172 0.0640553 0.0192278 0.0830483 0.0120889 0.0412217 0.0690221 0.0222703 0.0723169 0.0108433 0.0494211 0.0743433 0.022933 0.060561 0.0118523 0.0591507 0.0690221 0.016594 0.0709866 0.012954 0.0523172 0.0640553 0.0192278 0.0830483 0.0120889 0.0412217 0.0690221 0.0222703 0.0723169 0.0108433 0.0494211 0.0743433 0.022933
0.0166902 0.0988956 0.0130386 0.115671 0.0139793 0.117165 0.0119298 0.0208271 0.124109 0.0166902 0.0988956 0.0130386 0.0250759 0.115671 0.0120555 0.115112 0.014249 0.0220865 0.107736 0.0139793 0.133593 0.0132985 0.0172855 0.115671 0.0162049 0.117165 0.0119298 0.0208271 0.124109 0.0166902 0.0988956 0.0130386 0.0250759 0.115671 0.0120555 0.115112 0.014249 0.0220865 0.107736 0.0139793 0.133593 0.0132985 0.0172855 0.115671 0.0162049 0.117165 0.0119298 0.0208271 0.124109 0.0166902
0.0119333 0.0430712 0.00975276 0.0590901 0.00998714 0.0516186 0.00892084 0.0181943 0.063698 0.0119333 0.0430712 0.00975276 0.021918 0.0590901 0.00860799 0.0506482 0.0106614 0.0192977 0.0547959 0.00998714 0.0594754 0.00994782 0.0150935 0.0590901 0.0115847 0.0516186 0.00892084 0.0181943 0.063698 0.0119333 0.0430712 0.00975276 0.021918 0.0590901 0.00860799 0.0506482 0.0106614 0.0192977 0.0547959 0.00998714 0.0594754 0.00994782 0.0150935 0.0590901 0.0115847 0.0516186 0.00892084 0.0181943 0.063698 0.0119333
0.0384396 0.131332 0.0161255 0.164171 0.032312 0.154565 0.0147581 0.0334675 0.175445 0.0384396 0.131332 0.0161255 0.0401891 0.164171 0.027937 0.15197 0.0176174 0.0354636 0.153486 0.032312 0.175197 0.0164459 0.0278374 0.164171 0.0373459 0.154565 0.0147581 0.0334675 0.175445 0.0384396 0.131332 0.0161255 0.0401891 0.164171 0.027937 0.15197 0.0176174 0.0354636 0.153486 0.032312 0.175197 0.0164459 0.0278374 0.164171 0.0373459 0.154565 0.0147581 0.0334675 0.175445 0.0384396
0.0121946 0.0247588 0.00813391 0.0235347 0.0102063 0.0297852 0.00743904 0.025699 0.025445 0.0121946 0.0247588 0.00813391 0.0309103 0.0235347 0.00879713 0.0292127 0.0088931 0.0272449 0.0217646 0.0102063 0.0344395 0.00829686 0.021347 0.0235347 0.0118385 0.0297852 0.00743904 0.025699 0.025445 0.0121946 0.0247588 0.00813391 0.0309103 0.0235347 0.00879713 0.0292127 0.0088931 0.0272449 0.0217646 0.0102063 0.0344395 0.00829686 0.021347 0.0235347 0.0118385 0.0297852 0.00743904 0.025699 0.025445 0.0121946
0.015934 0.0645985 0.0115103 0.093582 0.0133442 0.0770739 0.0105301 0.0196197 0.100592 0.015934 0.0645985 0.0115103 0.0236281 0.093582 0.0115069 0.0756632 0.0125807 0.0208076 0.0870131 0.0133442 0.0884439 0.0117401 0.0162799 0.093582 0.0154704 0.0770739 0.0105301 0.0196197 0.100592 0.015934 0.0645985 0.0115103 0.0236281 0.093582 0.0115069 0.0756632 0.0125807 0.0208076 0.0870131 0.0133442 0.0884439 0.0117401 0.0162799 0.093582 0.0154704 0.0770739 0.0105301 0.0196197 0.100592 0.015934
0.0204684 0.0298482 0.00923542 0.0248897 0.0171545 0.0358699 0.00844725 0.0367458 0.0269069 0.0204684 0.0298482 0.00923542 0.0440957 0.0248897 0.0148003 0.0351846 0.0100964 0.0389295 0.0230201 0.0171545 0.0414343 0.00942023 0.0305817 0.0248897 0.0198755 0.0358699 0.00844725 0.0367458 0.0269069 0.0204684 0.0298482 0.00923542 0.0440957 0.0248897 0.0148003 0.0351846 0.0100964 0.0389295 0.0230201 0.0171545 0.0414343 0.00942023 0.0305817 0.0248897 0.0198755 0.0358699 0.00844725 0.0367458 0.0269069 0.0204684
0.0237059 0.16675 0.01648 0.296978 0.0198785 0.194844 0.015083 0.0202105 0.313947 0.0237059 0.16675 0.01648 0.0243366 0.296978 0.0171571 0.191726 0.0180041 0.0214334 0.280551 0.0198785 0.219456 0.0168073 0.0167719 0.296978 0.0230215 0.194844 0.015083 0.0202105 0.313947 0.0237059 0.16675 0.01648 0.0243366 0.296978 0.0171571 0.191726 0.0180041 0.0214334 0.280551 0.0198785 0.219456 0.0168073 0.0167719 0.296978 0.0230215 0.194844 0.015083 0.0202105 0.313947 0.0237059
0.00932646 0.0189784 0.00709152 0.0198052 0.0078021 0.0228588 0.00648512 0.00935371 0.0214194 0.00932646 0.0189784 0.00709152 0.0112889 0.0198052 0.00672264 0.0224163 0.00775418 0.00992637 0.0183104 0.0078021 0.0264603 0.00723374 0.00774768 0.0198052 0.00905332 0.0228588 0.00648512 0.00935371 0.0214194 0.00932646 0.0189784 0.00709152 0.0112889 0.0198052 0.00672264 0.0224163 0.00775418 0.00992637 0.0183104 0.0078021 0.0264603 0.00723374 0.00774768 0.0198052 0.00905332 0.0228588 0.00648512 0.00935371 0.0214194 0.00932646
0.0109123 0.123209 0.0136231 0.224975 0.0091311 0.145246 0.0124652 0.0191928 0.23923 0.0109123 0.123209 0.0136231 0.0231161 0.224975 0.00786922 0.14278 0.0148869 0.0203555 0.211333 0.0091311 0.164876 0.0138945 0.0159246 0.224975 0.0105932 0.145246 0.0124652 0.0191928 0.23923 0.0109123 0.123209 0.0136231 0.0231161 0.224975 0.00786922 0.14278 0.0148869 0.0203555 0.211333 0.0091311 0.164876 0.0138945 0.0159246 0.224975 0.0105932 0.145246 0.0124652 0.0191928 0.23923 0.0109123
0.00786565 0.0827948 0.0112988 0.0994602 0.00657847 0.0984146 0.0103364 0.0226636 0.106859 0.00786565 0.0827948 0.0112988 0.0272765 0.0994602 0.00566734 0.0966542 0.0123497 0.0240313 0.0925208 0.00657847 0.112549 0.0115244 0.0188156 0.0994602 0.00763496 0.0984146 0.0103364 0.0226636 0.106859 0.00786565 0.0827948 0.0112988 0.0272765 0.0994602 0.00566734 0.0966542 0.0123497 0.0240313 0.0925208 0.00657847 0.112549 0.0115244 0.0188156 0.0994602 0.00763496 0.0984146 0.0103364 0.0226636 0.106859 0.00786565
0.0228023 0.0830257 0.0133476 0.128639 0.0191179 0.0986843 0.0122128 0.0385329 0.137876 0.0228023 0.0830257 0.0133476 0.0462232 0.128639 0.0164988 0.0969196 0.0145863 0.0408184 0.119935 0.0191179 0.112852 0.0136136 0.032079 0.128639 0.0221433 0.0986843 0.0122128 0.0385329 0.137876 0.0228023 0.0830257 0.0133476 0.0462232 0.128639 0.0164988 0.0969196 0.0145863 0.0408184 0.119935 0.0191179 0.112852 0.0136136 0.032079 0.128639 0.0221433 0.0986843 0.0122128 0.0385329 0.137876 0.0228023
0.0444749 0.0509341 0.01238 0.0525866 0.0374227 0.0609425 0.0113265 0.0520954 0.0567179 0.0444749 0.0509341 0.01238 0.062317 0.0525866 0.0323788 0.0598079 0.0135301 0.0551392 0.0487406 0.0374227 0.0701136 0.0126269 0.0434727 0.0525866 0.0432173 0.0609425 0.0113265 0.0520954 0.0567179 0.0444749 0.0509341 0.01238 0.062317 0.0525866 0.0323788 0.0598079 0.0135301 0.0551392 0.0487406 0.0374227 0.0701136 0.0126269 0.0434727 0.0525866 0.0432173 0.0609425 0.0113265 0.0520954 0.0567179 0.0444749
0.0210931 0.136426 0.015953 0.208164 0.0176799 0.160394 0.0146 0.0866959 0.221659 0.0210931 0.136426 0.015953 0.102969 0.208164 0.0152548 0.157719 0.0174292 0.091566 0.195285 0.0176799 0.181637 0.01627 0.0727859 0.208164 0.0204825 0.160394 0.0146 0.0866959 0.221659 0.0210931 0.136426 0.015953 0.102969 0.208164 0.0152548 0.157719 0.0174292 0.091566 0.195285 0.0176799 0.181637 0.01627 0.0727859 0.208164 0.0204825 0.160394 0.0146 0.0866959 0.221659 0.0210931
0.0294115 0.190156 0.0184511 0.32377 0.0246861 0.221147 0.0168899 0.0457058 0.341526 0.0294115 0.190156 0.0184511 0.0547461 0.32377 0.0213208 0.217721 0.0201537 0.0483953 0.306507 0.0246861 0.248058 0.0188168 0.0380981 0.32377 0.028567 0.221147 0.0168899 0.0457058 0.341526 0.0294115 0.190156 0.0184511 0.0547461 0.32377 0.0213208 0.217721 0.0201537 0.0483953 0.306507 0.0246861 0.248058 0.0188168 0.0380981 0.32377 0.028567 0.221147 0.0168899 0.0457058 0.341526 0.0294115
0.0353462 0.292958 0.022614 0.466517 0.0296966 0.333797 0.020708 0.0941169 0.48647 0.0353462 0.292958 0.022614 0.111613 0.466517 0.0256662 0.329364 0.0246911 0.0993585 0.44667 0.0296966 0.367941 0.0230603 0.0791193 0.466517 0.0343375 0.333797 0.020708 0.0941169 0.48647 0.0353462 0.292958 0.022614 0.111613 0.466517 0.0256662 0.329364 0.0246911 0.0993585 0.44667 0.0296966 0.367941 0.0230603 0.0791193 0.466517 0.0343375 0.333797 0.020708 0.0941169 0.48647 0.0353462
0.00677223 0.0232551 0.00719563 0.0209091 0.00566296 0.027985 0.00658039 0.0094317 0.0226112 0.00677223 0.0232551 0.00719563 0.0113828 0.0209091 0.004878 0.0274461 0.00786795 0.0100091 0.0193326 0.00566296 0.0323674 0.00733993 0.00781238 0.0209091 0.0065734 0.027985 0.00658039 0.0094317 0.0226112 0.00677223 0.0232551 0.00719563 0.0113828 0.0209091 0.004878 0.0274461 0.00786795 0.0100091 0.0193326 0.00566296 0.0323674 0.00733993 0.00781238 0.0209091 0.0065734 0.027985 0.00658039 0.0094317 0.0226112 0.00677223
0.010895 0.0221038 0.00746799 0.0179894 0.00911663 0.0266059 0.00682962 0.0119739 0.0194585 0.010895 0.0221038 0.00746799 0.0144432 0.0179894 0.00785673 0.0260929 0.00816554 0.0127049 0.0166293 0.00911663 0.0307792 0.0076177 0.00992246 0.0179894 0.0105764 0.0266059 0.00682962 0.0119739 0.0194585 0.010895 0.0221038 0.00746799 0.0144432 0.0179894 0.00785673 0.0260929 0.00816554 0.0127049 0.0166293 0.00911663 0.0307792 0.0076177 0.00992246 0.0179894 0.0105764 0.0266059 0.00682962 0.0119739 0.0194585 0.010895
0.0151111 0.046332 0.0102469 0.0597366 0.0126533 0.055489 0.00937324 0.0265053 0.0643915 0.0151111 0.046332 0.0102469 0.0318748 0.0597366 0.01091 0.0544501 0.0112011 0.0280983 0.0553983 0.0126533 0.0638952 0.0104518 0.0220198 0.0597366 0.014671 0.055489 0.00937324 0.0265053 0.0643915 0.0151111 0.046332 0.0102469 0.0318748 0.0597366 0.01091 0.0544501 0.0112011 0.0280983 0.0553983 0.0126533 0.0638952 0.0104518 0.0220198 0.0597366 0.014671 0.055489 0.00937324 0.0265053 0.0643915 0.0151111
0.00820471 0.0172409 0.00698287 0.0146168 0.00686242 0.0207736 0.0063857 0.0225782 0.0158149 0.00820471 0.0172409 0.00698287 0.0271743 0.0146168 0.00591219 0.0203706 0.00763546 0.023941 0.0135081 0.00686242 0.0240546 0.00712293 0.0187445 0.0146168 0.00796415 0.0207736 0.0063857 0.0225782 0.0158149 0.00820471 0.0172409 0.00698287 0.0271743 0.0146168 0.00591219 0.0203706 0.00763546 0.023941 0.0135081 0.00686242 0.0240546 0.00712293 0.0187445 0.0146168 0.00796415 0.0207736 0.0063857 0.0225782 0.0158149 0.00820471
0.0115737 0.0835919 0.0117206 0.126579 0.00968566 0.0993458 0.0107227 0.0124251 0.135691 0.0115737 0.0835919 0.0117206 0.0149861 0.126579 0.00834779 0.0975705 0.0128103 0.0131833 0.117995 0.00968566 0.113597 0.0119546 0.0102972 0.126579 0.0112355 0.0993458 0.0107227 0.0124251 0.135691 0.0115737 0.0835919 0.0117206 0.0149861 0.126579 0.00834779 0.0975705 0.0128103 0.0131833 0.117995 0.00968566 0.113597 0.0119546 0.0102972 0.126579 0.0112355 0.0993458 0.0107227 0.0124251 0.135691 0.0115737
0.0187048 0.0650114 0.0115211 0.0786888 0.0156719 0.0775599 0.0105399 0.0160843 0.0846875 0.0187048 0.0650114 0.0115211 0.0193846 0.0786888 0.0135184 0.0761411 0.0125924 0.0170619 0.073081 0.0156719 0.0889947 0.0117511 0.0133382 0.0786888 0.0181621 0.0775599 0.0105399 0.0160843 0.0846875 0.0187048 0.0650114 0.0115211 0.0193846 0.0786888 0.0135184 0.0761411 0.0125924 0.0170619 0.073081 0.0156719 0.0889947 0.0117511 0.0133382 0.0786888 0.0181621 0.0775599 0.0105399 0.0160843 0.0846875 0.0187048
0.00598997 0.0104957 0.00565243 0.00912865 0.00500818 0.0126641 0.00516845 0.0127171 0.00988144 0.00598997 0.0104957 0.00565243 0.0153374 0.00912865 0.00431359 0.0124164 0.00618145 0.0134929 0.00843272 0.00500818 0.0146835 0.00576596 0.0105397 0.00912865 0.00581396 0.0126641 0.00516845 0.0127171 0.00988144 0.00598997 0.0104957 0.00565243 0.0153374 0.00912865 0.00431359 0.0124164 0.00618145 0.0134929 0.00843272 0.00500818 0.0146835 0.00576596 0.0105397 0.00912865 0.00581396 0.0126641 0.00516845 0.0127171 0.00988144 0.00598997
0.0113588 0.063662 0.0104901 0.0665641 0.00950544 0.0759712 0.0095959 0.0159297 0.0717104 0.0113588 0.063662 0.0104901 0.019199 0.0665641 0.00819225 0.074579 0.0114667 0.0168981 0.0617625 0.00950544 0.0871939 0.0106998 0.0132096 0.0665641 0.0110268 0.0759712 0.0095959 0.0159297 0.0717104 0.0113588 0.063662 0.0104901 0.019199 0.0665641 0.00819225 0.074579 0.0114667 0.0168981 0.0617625 0.00950544 0.0871939 0.0106998 0.0132096 0.0665641 0.0110268 0.0759712 0.0095959 0.0159297 0.0717104 0.0113588
0.0147707 0.019584 0.0077486 0.0143175 0.0123676 0.0235853 0.00708641 0.0245103 0.0154915 0.0147707 0.019584 0.0077486 0.0294879 0.0143175 0.0106633 0.023129 0.00847213 0.0259866 0.0132313 0.0123676 0.027298 0.00790389 0.0203554 0.0143175 0.0143405 0.0235853 0.00708641 0.0245103 0.0154915 0.0147707 0.019584 0.0077486 0.0294879 0.0143175 0.0106633 0.023129 0.00847213 0.0259866 0.0132313 0.0123676 0.027298 0.00790389 0.0203554 0.0143175 0.0143405 0.0235853 0.00708641 0.0245103 0.0154915 0.0147707
0.0275214 0.135096 0.0166392 0.244244 0.0230925 0.158874 0.0152289 0.0667847 0.259311 0.0275214 0.135096 0.0166392 0.0796464 0.244244 0.0199401 0.156219 0.0181777 0.0706228 0.22978 0.0230925 0.179958 0.0169696 0.055874 0.244244 0.0267298 0.158874 0.0152289 0.0667847 0.259311 0.0275214 0.135096 0.0166392 0.0796464 0.244244 0.0199401 0.156219 0.0181777 0.0706228 0.22978 0.0230925 0.179958 0.0169696 0.055874 0.244244 0.0267298 0.158874 0.0152289 0.0667847 0.259311 0.0275214
0.0122965 0.0281489 0.00851771 0.0391205 0.0102918 0.0338397 0.00779031 0.013226 0.0422411 0.0122965 0.0281489 0.00851771 0.0159494 0.0391205 0.00887093 0.0331919 0.00931239 0.0140324 0.0362218 0.0102918 0.039102 0.00868829 0.0109625 0.0391205 0.0119375 0.0338397 0.00779031 0.013226 0.0422411 0.0122965 0.0281489 0.00851771 0.0159494 0.0391205 0.00887093 0.0331919 0.00931239 0.0140324 0.0362218 0.0102918 0.039102 0.00868829 0.0109625 0.0391205 0.0119375 0.0338397 0.00779031 0.013226 0.0422411 0.0122965
0.0104598 0.0296473 0.00850047 0.0397303 0.00875186 0.0356299 0.00777453 0.0123726 0.0428974 0.0104598 0.0296473 0.00850047 0.014923 0.0397303 0.00754199 0.034949 0.00929356 0.0131277 0.0367881 0.00875186 0.0411587 0.0086707 0.0102536 0.0397303 0.0101538 0.0356299 0.00777453 0.0123726 0.0428974 0.0104598 0.0296473 0.00850047 0.014923 0.0397303 0.00754199 0.034949 0.00929356 0.0131277 0.0367881 0.00875186 0.0411587 0.0086707 0.0102536 0.0397303 0.0101538 0.0356299 0.00777453 0.0123726 0.0428974 0.0104598
0.0176319 0.1616 0.0157817 0.245232 0.0147703 0.189023 0.014443 0.0401056 0.260339 0.0176319 0.1616 0.0157817 0.0480941 0.245232 0.0127391 0.185976 0.0172423 0.0424802 0.230728 0.0147703 0.213095 0.0160954 0.0333975 0.245232 0.0171197 0.189023 0.014443 0.0401056 0.260339 0.0176319 0.1616 0.0157817 0.0480941 0.245232 0.0127391 0.185976 0.0172423 0.0424802 0.230728 0.0147703 0.213095 0.0160954 0.0333975 0.245232 0.0171197 0.189023 0.014443 0.0401056 0.260339 0.0176319
0.0175745 0.058289 0.0113112 0.0695896 0.014722 0.0696366 0.0103477 0.0311582 0.0749511 0.0175745 0.058289 0.0113112 0.0374339 0.0695896 0.0126974 0.0683519 0.0123632 0.0330213 0.0645849 0.014722 0.0800045 0.0115371 0.0259062 0.0695896 0.0170639 0.0696366 0.0103477 0.0311582 0.0749511 0.0175745 0.058289 0.0113112 0.0374339 0.0695896 0.0126974 0.0683519 0.0123632 0.0330213 0.0645849 0.014722 0.0800045 0.0115371 0.0259062 0.0695896 0.0170639 0.0696366 0.0103477 0.0311582 0.0749511 0.0175745
0.0240825 0.0350879 0.00995853 0.0317821 0.0201955 0.0421207 0.00910922 0.0280531 0.0343382 0.0240825 0.0350879 0.00995853 0.0337253 0.0317821 0.0174315 0.0413212 0.0108862 0.0297363 0.0294104 0.0201955 0.048606 0.0101577 0.023312 0.0317821 0.0233874 0.0421207 0.00910922 0.0280531 0.0343382 0.0240825 0.0350879 0.00995853 0.0337253 0.0317821 0.0174315 0.0413212 0.0108862 0.0297363 0.0294104 0.0201955 0.048606 0.0101577 0.023312 0.0317821 0.0233874 0.0421207 0.00910922 0.0280531 0.0343382 0.0240825
0.0139263 0.104872 0.0135595 0.159918 0.011659 0.124094 0.0124069 0.0441947 0.17096 0.0139263 0.104872 0.0135595 0.0529528 0.159918 0.0100513 0.121936 0.0148175 0.0467997 0.149461 0.011659 0.141338 0.0138296 0.0368289 0.159918 0.0135203 0.124094 0.0124069 0.0441947 0.17096 0.0139263 0.104872 0.0135595 0.0529528 0.159918 0.0100513 0.121936 0.0148175 0.0467997 0.149461 0.011659 0.141338 0.0138296 0.0368289 0.159918 0.0135203 0.124094 0.0124069 0.0441947 0.17096 0.0139263
0.0221612 0.127697 0.0151055 0.194166 0.0185784 0.150399 0.0138234 0.0345278 0.20699 0.0221612 0.127697 0.0151055 0.0414532 0.194166 0.0160321 0.147861 0.0165046 0.0365848 0.181954 0.0185784 0.170586 0.015406 0.0287247 0.194166 0.0215204 0.150399 0.0138234 0.0345278 0.20699 0.0221612 0.127697 0.0151055 0.0414532 0.194166 0.0160321 0.147861 0.0165046 0.0365848 0.181954 0.0185784 0.170586 0.015406 0.0287247 0.194166 0.0215204 0.150399 0.0138234 0.0345278 0.20699 0.0221612
0.0157775 0.0367686 0.00924613 0.0367842 0.0132128 0.0441229 0.00845706 0.0146595 0.0397261 0.0157775 0.0367686 0.00924613 0.0176728 0.0367842 0.0113934 0.043287 0.0101081 0.0155519 0.0340524 0.0132128 0.0509001 0.00943115 0.0121537 0.0367842 0.0153184 0.0441229 0.00845706 0.0146595 0.0397261 0.0157775 0.0367686 0.00924613 0.0176728 0.0367842 0.0113934 0.043287 0.0101081 0.0155519 0.0340524 0.0132128 0.0509001 0.00943115 0.0121537 0.0367842 0.0153184 0.0441229 0.00845706 0.0146595 0.0397261 0.0157775
0.019966 0.0596529 0.0116444 0.0755961 0.016732 0.0712459 0.0106528 0.0300784 0.0813799 0.019966 0.0596529 0.0116444 0.0361448 0.0755961 0.014435 0.0699338 0.012727 0.031879 0.070192 0.016732 0.0818324 0.0118768 0.0250037 0.0755961 0.0193873 0.0712459 0.0106528 0.0300784 0.0813799 0.019966 0.0596529 0.0116444 0.0361448 0.0755961 0.014435 0.0699338 0.012727 0.031879 0.070192 0.016732 0.0818324 0.0118768 0.0250037 0.0755961 0.0193873 0.0712459 0.0106528 0.0300784 0.0813799 0.019966
0.0165898 0.0398665 0.0102068 0.0471093 0.013895 0.0478097 0.00933651 0.0431984 0.0508334 0.0165898 0.0398665 0.0102068 0.0517696 0.0471093 0.0119827 0.0469074 0.0111573 0.0457474 0.0436454 0.013895 0.0551205 0.0104108 0.0359923 0.0471093 0.0161074 0.0478097 0.00933651 0.0431984 0.0508334 0.0165898 0.0398665 0.0102068 0.0517696 0.0471093 0.0119827 0.0469074 0.0111573 0.0457474 0.0436454 0.013895 0.0551205 0.0104108 0.0359923 0.0471093 0.0161074 0.0478097 0.00933651 0.0431984 0.0508334 0.0165898
0.0134952 0.146326 0.0144162 0.239978 0.0112972 0.171688 0.0131917 0.0145434 0.254871 0.0134952 0.146326 0.0144162 0.0175332 0.239978 0.00973893 0.168863 0.0157524 0.0154288 0.225692 0.0112972 0.194081 0.0147031 0.0120571 0.239978 0.0131015 0.171688 0.0131917 0.0145434 0.254871 0.0134952 0.146326 0.0144162 0.0175332 0.239978 0.00973893 0.168863 0.0157524 0.0154288 0.225692 0.0112972 0.194081 0.0147031 0.0120571 0.239978 0.0131015 0.171688 0.0131917 0.0145434 0.254871 0.0134952
0.0257882 0.173461 0.016715 0.253892 0.021632 0.202411 0.0152984 0.0235035 0.269342 0.0257882 0.173461 0.016715 0.0282825 0.253892 0.0186751 0.199201 0.0182604 0.0249206 0.239038 0.021632 0.227708 0.0170469 0.0195158 0.253892 0.0250452 0.202411 0.0152984 0.0235035 0.269342 0.0257882 0.173461 0.016715 0.0282825 0.253892 0.0186751 0.199201 0.0182604 0.0249206 0.239038 0.021632 0.227708 0.0170469 0.0195158 0.253892 0.0250452 0.202411 0.0152984 0.0235035 0.269342 0.0257882
0.014877 0.0671252 0.011295 0.0843612 0.0124568 0.0800467 0.0103329 0.0210622 0.0907497 0.014877 0.0671252 0.011295 0.0253577 0.0843612 0.0107403 0.0785863 0.0123455 0.0223355 0.0783836 0.0124568 0.0918117 0.0115205 0.0174813 0.0843612 0.0144437 0.0800467 0.0103329 0.0210622 0.0907497 0.014877 0.0671252 0.011295 0.0253577 0.0843612 0.0107403 0.0785863 0.0123455 0.0223355 0.0783836 0.0124568 0.0918117 0.0115205 0.0174813 0.0843612 0.0144437 0.0800467 0.0103329 0.0210622 0.0907497 0.014877
0.0301851 0.129715 0.0159613 0.24325 0.0253387 0.152713 0.0146076 0.0213349 0.258277 0.0301851 0.129715 0.0159613 0.0256845 0.24325 0.0218865 0.150143 0.0174382 0.0226243 0.228828 0.0253387 0.173148 0.0162785 0.0177085 0.24325 0.0293192 0.152713 0.0146076 0.0213349 0.258277 0.0301851 0.129715 0.0159613 0.0256845 0.24325 0.0218865 0.150143 0.0174382 0.0226243 0.228828 0.0253387 0.173148 0.0162785 0.0177085 0.24325 0.0293192 0.152713 0.0146076 0.0213349 0.258277 0.0301851
0.0226054 0.0336752 0.00987727 0.0360718 0.0189522 0.0404367 0.00903483 0.0383673 0.0389591 0.0226054 0.0336752 0.00987727 0.0460261 0.0360718 0.0163555 0.0396678 0.0107974 0.0406434 0.0333911 0.0189522 0.0466753 0.0100748 0.0319402 0.0360718 0.021952 0.0404367 0.00903483 0.0383673 0.0389591 0.0226054 0.0336752 0.00987727 0.0460261 0.0360718 0.0163555 0.0396678 0.0107974 0.0406434 0.0333911 0.0189522 0.0466753 0.0100748 0.0319402 0.0360718 0.021952 0.0404367 0.00903483 0.0383673 0.0389591 0.0226054
0.00993547 0.0149976 0.00675025 0.0156026 0.00831241 0.0180791 0.00617285 0.0129267 0.0168802 0.00993547 0.0149976 0.00675025 0.0155895 0.0156026 0.00716285 0.0177275 0.00738126 0.0137151 0.0144203 0.00831241 0.0209436 0.00688567 0.0107139 0.0156026 0.00964466 0.0180791 0.00617285 0.0129267 0.0168802 0.00993547 0.0149976 0.00675025 0.0155895 0.0156026 0.00716285 0.0177275 0.00738126 0.0137151 0.0144203 0.00831241 0.0209436 0.00688567 0.0107139 0.0156026 0.00964466 0.0180791 0.00617285 0.0129267 0.0168802 0.00993547
0.00977532 0.025173 0.00761413 0.0246615 0.0081782 0.0302809 0.00696335 0.00784961 0.0266608 0.00977532 0.025173 0.00761413 0.00947657 0.0246615 0.00704707 0.0296992 0.00832521 0.00833096 0.0228087 0.0081782 0.0350099 0.00776675 0.00650014 0.0246615 0.00948915 0.0302809 0.00696335 0.00784961 0.0266608 0.00977532 0.025173 0.00761413 0.00947657 0.0246615 0.00704707 0.0296992 0.00832521 0.00833096 0.0228087 0.0081782 0.0350099 0.00776675 0.00650014 0.0246615 0.00948915 0.0302809 0.00696335 0.00784961 0.0266608 0.00977532
0.0209726 0.132283 0.0155163 0.236852 0.0175785 0.155655 0.0141998 0.0424289 0.251616 0.0209726 0.132283 0.0155163 0.0508556 0.236852 0.0151671 0.153044 0.0169528 0.0449346 0.222698 0.0175785 0.176402 0.0158248 0.0353464 0.236852 0.0203654 0.155655 0.0141998 0.0424289 0.251616 0.0209726 0.132283 0.0155163 0.0508556 0.236852 0.0151671 0.153044 0.0169528 0.0449346 0.222698 0.0175785 0.176402 0.0158248 0.0353464 0.236852 0.0203654 0.155655 0.0141998 0.0424289 0.251616 0.0209726
0.0283437 0.322205 0.0229872 0.543714 0.0237857 0.365016 0.0210504 0.0590144 0.563482 0.0283437 0.322205 0.0229872 0.0704927 0.543714 0.0205406 0.360393 0.0250977 0.0624358 0.523808 0.0237857 0.400434 0.0234407 0.049306 0.543714 0.0275291 0.365016 0.0210504 0.0590144 0.563482 0.0283437 0.322205 0.0229872 0.0704927 0.543714 0.0205406 0.360393 0.0250977 0.0624358 0.523808 0.0237857 0.400434 0.0234407 0.049306 0.543714 0.0275291 0.365016 0.0210504 0.0590144 0.563482 0.0283437
0.00715611 0.0203808 0.00693491 0.0189049 0.00598434 0.0245408 0.00634182 0.0102894 0.0204472 0.00715611 0.0203808 0.00693491 0.0124157 0.0189049 0.00515507 0.0240665 0.00758305 0.0109187 0.0174768 0.00598434 0.0283995 0.00707401 0.00852407 0.0189049 0.00694609 0.0245408 0.00634182 0.0102894 0.0204472 0.00715611 0.0203808 0.00693491 0.0124157 0.0189049 0.00515507 0.0240665 0.00758305 0.0109187 0.0174768 0.00598434 0.0283995 0.00707401 0.00852407 0.0189049 0.00694609 0.0245408 0.00634182 0.0102894 0.0204472 0.00715611
0.0253619 0.0759474 0.0128587 0.0888116 0.0212729 0.0904027 0.011765 0.0338965 0.095502 0.0253619 0.0759474 0.0128587 0.0407006 0.0888116 0.0183641 0.0887715 0.0140526 0.0359173 0.0825471 0.0212729 0.103518 0.013115 0.0281964 0.0888116 0.0246308 0.0904027 0.011765 0.0338965 0.095502 0.0253619 0.0759474 0.0128587 0.0407006 0.0888116 0.0183641 0.0887715 0.0140526 0.0359173 0.0825471 0.0212729 0.103518 0.013115 0.0281964 0.0888116 0.0246308 0.0904027 0.011765 0.0338965 0.095502 0.0253619
0.0238397 0.0527208 0.0110995 0.0524956 0.0199911 0.063057 0.0101538 0.0273322 0.0566203 0.0238397 0.0527208 0.0110995 0.0328635 0.0524956 0.0172545 0.0618856 0.0121321 0.0289734 0.0486559 0.0199911 0.0725217 0.0113211 0.02271 0.0524956 0.0231514 0.063057 0.0101538 0.0273322 0.0566203 0.0238397 0.0527208 0.0110995 0.0328635 0.0524956 0.0172545 0.0618856 0.0121321 0.0289734 0.0486559 0.0199911 0.0725217 0.0113211 0.02271 0.0524956 0.0231514 0.063057 0.0101538 0.0273322 0.0566203 0.0238397
0.00889559 0.0233372 0.0076756 0.0238526 0.00744112 0.0280833 0.00701961 0.0178311 0.025788 0.00889559 0.0233372 0.0076756 0.0214821 0.0238526 0.00641128 0.0275426 0.00839238 0.0189129 0.0220592 0.00744112 0.0324806 0.00782945 0.0147913 0.0238526 0.00863495 0.0280833 0.00701961 0.0178311 0.025788 0.00889559 0.0233372 0.0076756 0.0214821 0.0238526 0.00641128 0.0275426 0.00839238 0.0189129 0.0220592 0.00744112 0.0324806 0.00782945 0.0147913 0.0238526 0.00863495 0.0280833 0.00701961 0.0178311 0.025788 0.00889559
0.0198688 0.0325603 0.00966655 0.0419212 0.0166503 0.0391071 0.00884192 0.0285645 0.0452547 0.0198688 0.0325603 0.00966655 0.0343364 0.0419212 0.0143644 0.0383624 0.0105673 0.0302774 0.0388233 0.0166503 0.0451502 0.0098599 0.023739 0.0419212 0.0192929 0.0391071 0.00884192 0.0285645 0.0452547 0.0198688 0.0325603 0.00966655 0.0343364 0.0419212 0.0143644 0.0383624 0.0105673 0.0302774 0.0388233 0.0166503 0.0451502 0.0098599 0.023739 0.0419212 0.0192929 0.0391071 0.00884192 0.0285645 0.0452547 0.0198688
0.0066872 0.0300439 0.00795128 0.0300874 0.00559178 0.0361036 0.0072719 0.0149662 0.0325118 0.0066872 0.0300439 0.00795128 0.0180414 0.0300874 0.00481664 0.035414 0.00869358 0.015877 0.0278386 0.00559178 0.0417027 0.0081106 0.0124086 0.0300874 0.00649084 0.0361036 0.0072719 0.0149662 0.0325118 0.0066872 0.0300439 0.00795128 0.0180414 0.0300874 0.00481664 0.035414 0.00869358 0.015877 0.0278386 0.00559178 0.0417027 0.0081106 0.0124086 0.0300874 0.00649084 0.0361036 0.0072719 0.0149662 0.0325118 0.0066872
0.0291472 0.0802805 0.0132062 0.0919677 0.0244632 0.0954753 0.0120833 0.0303611 0.0988701 0.0291472 0.0802805 0.0132062 0.0364824 0.0919677 0.0211277 0.0937621 0.0144319 0.0321781 0.0855015 0.0244632 0.109239 0.0134694 0.02524 0.0919677 0.0283102 0.0954753 0.0120833 0.0303611 0.0988701 0.0291472 0.0802805 0.0132062 0.0364824 0.0919677 0.0211277 0.0937621 0.0144319 0.0321781 0.0855015 0.0244632 0.109239 0.0134694 0.02524 0.0919677 0.0283102 0.0954753 0.0120833 0.0303611 0.0988701 0.0291472
0.0202162 0.152759 0.0155929 0.219116 0.0169424 0.179002 0.0142699 0.0247555 0.233111 0.0202162 0.152759 0.0155929 0.0297814 0.219116 0.014617 0.176082 0.0170363 0.0262462 0.205735 0.0169424 0.202116 0.0159028 0.0205599 0.219116 0.0196304 0.179002 0.0142699 0.0247555 0.233111 0.0202162 0.152759 0.0155929 0.0297814 0.219116 0.014617 0.176082 0.0170363 0.0262462 0.205735 0.0169424 0.202116 0.0159028 0.0205599 0.219116 0.0196304 0.179002 0.0142699 0.0247555 0.233111 0.0202162
0.0180269 0.0351474 0.0097018 0.0374313 0.0151021 0.0421917 0.00887419 0.0381201 0.0404229 0.0180269 0.0351474 0.0097018 0.045732 0.0374313 0.0130259 0.0413908 0.0106058 0.0403822 0.0346532 0.0151021 0.0486873 0.00989585 0.0317331 0.0374313 0.0175034 0.0421917 0.00887419 0.0381201 0.0404229 0.0180269 0.0351474 0.0097018 0.045732 0.0374313 0.0130259 0.0413908 0.0106058 0.0403822 0.0346532 0.0151021 0.0486873 0.00989585 0.0317331 0.0374313 0.0175034 0.0421917 0.00887419 0.0381201 0.0404229 0.0180269
0.0120888 0.0208997 0.00781722 0.0264691 0.0101175 0.0251629 0.00714921 0.0145935 0.0286105 0.0120888 0.0208997 0.00781722 0.0175934 0.0264691 0.00872053 0.0246769 0.00854711 0.0154819 0.0244839 0.0101175 0.0291165 0.00797388 0.0120988 0.0264691 0.0117357 0.0251629 0.00714921 0.0145935 0.0286105 0.0120888 0.0208997 0.00781722 0.0175934 0.0264691 0.00872053 0.0246769 0.00854711 0.0154819 0.0244839 0.0101175 0.0291165 0.00797388 0.0120988 0.0264691 0.0117357 0.0251629 0.00714921 0.0145935 0.0286105 0.0120888
0.00977738 0.0205504 0.00733434 0.0190226 0.00817993 0.0247441 0.00670732 0.0126198 0.0205744 0.00977738 0.0205504 0.00733434 0.0152203 0.0190226 0.00704856 0.0242661 0.00801951 0.0133897 0.0175858 0.00817993 0.0286339 0.0074814 0.0104589 0.0190226 0.00949116 0.0247441 0.00670732 0.0126198 0.0205744 0.00977738 0.0205504 0.00733434 0.0152203 0.0190226 0.00704856 0.0242661 0.00801951 0.0133897 0.0175858 0.00817993 0.0286339 0.0074814 0.0104589 0.0190226 0.00949116 0.0247441 0.00670732 0.0126198 0.0205744 0.00977738
0.00887675 0.0482047 0.00953909 0.0568073 0.00742534 0.0577094 0.00872524 0.0136762 0.0612488 0.00887675 0.0482047 0.00953909 0.0164908 0.0568073 0.00639767 0.0566314 0.0104281 0.0145097 0.0526698 0.00742534 0.0664284 0.00972992 0.0113365 0.0568073 0.00861666 0.0577094 0.00872524 0.0136762 0.0612488 0.00887675 0.0482047 0.00953909 0.0164908 0.0568073 0.00639767 0.0566314 0.0104281 0.0145097 0.0526698 0.00742534 0.0664284 0.00972992 0.0113365 0.0568073 0.00861666 0.0577094 0.00872524 0.0136762 0.0612488 0.00887675
0.0202589 0.181057 0.0170771 0.290191 0.0169783 0.210951 0.0156303 0.0410797 0.306941 0.0202589 0.181057 0.0170771 0.0492522 0.290191 0.014648 0.207642 0.0186554 0.0435094 0.273993 0.0169783 0.237 0.0174161 0.0342144 0.290191 0.0196719 0.210951 0.0156303 0.0410797 0.306941 0.0202589 0.181057 0.0170771 0.0492522 0.290191 0.014648 0.207642 0.0186554 0.0435094 0.273993 0.0169783 0.237 0.0174161 0.0342144 0.290191 0.0196719 0.210951 0.0156303 0.0410797 0.306941 0.0202589
0.0157817 0.0398142 0.00976737 0.0490691 0.0132163 0.0477476 0.00893422 0.0152999 0.0529395 0.0157817 0.0398142 0.00976737 0.0184424 0.0490691 0.0113964 0.0468464 0.0106774 0.0162307 0.045468 0.0132163 0.0550494 0.00996272 0.012686 0.0490691 0.0153224 0.0477476 0.00893422 0.0152999 0.0529395 0.0157817 0.0398142 0.00976737 0.0184424 0.0490691 0.0113964 0.0468464 0.0106774 0.0162307 0.045468 0.0132163 0.0550494 0.00996272 0.012686 0.0490691 0.0153224 0.0477476 0.00893422 0.0152999 0.0529395 0.0157817
0.0310226 0.0745795 0.0131587 0.0975401 0.0260454 0.0887995 0.0120397 0.0367845 0.104812 0.0310226 0.0745795 0.0131587 0.0441418 0.0975401 0.0224991 0.0871945 0.01438 0.0389704 0.0907212 0.0260454 0.101709 0.0134209 0.0306141 0.0975401 0.0301334 0.0887995 0.0120397 0.0367845 0.104812 0.0310226 0.0745795 0.0131587 0.0441418 0.0975401 0.0224991 0.0871945 0.01438 0.0389704 0.0907212 0.0260454 0.101709 0.0134209 0.0306141 0.0975401 0.0301334 0.0887995 0.0120397 0.0367845 0.104812 0.0310226
0.0071463 0.0131136 0.00586088 0.00860314 0.00597613 0.0158142 0.00535914 0.00649955 0.009313 0.0071463 0.0131136 0.00586088 0.0078489 0.00860314 0.00514799 0.0155059 0.00640928 0.00689869 0.00794695 0.00597613 0.0183265 0.00597857 0.00538091 0.00860314 0.00693656 0.0158142 0.00535914 0.00649955 0.009313 0.0071463 0.0131136 0.00586088 0.0078489 0.00860314 0.00514799 0.0155059 0.00640928 0.00689869 0.00794695 0.00597613 0.0183265 0.00597857 0.00538091 0.00860314 0.00693656 0.0158142 0.00535914 0.00649955 0.009313 0.0071463
0.0100889 0.0596279 0.0102249 0.0704808 0.00844099 0.0712164 0.00935311 0.0127227 0.0759054 0.0100889 0.0596279 0.0102249 0.0153441 0.0704808 0.00727378 0.0699048 0.0111771 0.0134988 0.0654165 0.00844099 0.0817989 0.0104293 0.0105444 0.0704808 0.00979365 0.0712164 0.00935311 0.0127227 0.0759054 0.0100889 0.0596279 0.0102249 0.0153441 0.0704808 0.00727378 0.0699048 0.0111771 0.0134988 0.0654165 0.00844099 0.0817989 0.0104293 0.0105444 0.0704808 0.00979365 0.0712164 0.00935311 0.0127227 0.0759054 0.0100889
0.00690324 0.0219387 0.00715339 0.0181086 0.00577263 0.0264082 0.00654173 0.0149988 0.0195873 0.00690324 0.0219387 0.00715339 0.0180806 0.0181086 0.00497255 0.0258988 0.00782179 0.0159115 0.0167397 0.00577263 0.0305513 0.00729684 0.0124357 0.0181086 0.00670058 0.0264082 0.00654173 0.0149988 0.0195873 0.00690324 0.0219387 0.00715339 0.0180806 0.0181086 0.00497255 0.0258988 0.00782179 0.0159115 0.0167397 0.00577263 0.0305513 0.00729684 0.0124357 0.0181086 0.00670058 0.0264082 0.00654173 0.0149988 0.0195873 0.00690324
0.0312341 0.217767 0.0193679 0.376579 0.0262239 0.251858 0.0177305 0.0322161 0.395537 0.0312341 0.217767 0.0193679 0.0386965 0.376579 0.0226538 0.248108 0.0211533 0.0341402 0.357991 0.0262239 0.281157 0.0197515 0.0267908 0.376579 0.030339 0.251858 0.0177305 0.0322161 0.395537 0.0312341 0.217767 0.0193679 0.0386965 0.376579 0.0226538 0.248108 0.0211533 0.0341402 0.357991 0.0262239 0.281157 0.0197515 0.0267908 0.376579 0.030339 0.251858 0.0177305 0.0322161 0.395537 0.0312341
0.0084651 0.0337933 0.00876765 0.0488571 0.00708052 0.0405776 0.00801908 0.0218761 0.0527118 0.0084651 0.0337933 0.00876765 0.0263331 0.0488571 0.00610027 0.0398061 0.00958542 0.0231974 0.0452709 0.00708052 0.0468368 0.00894318 0.0181593 0.0488571 0.00821697 0.0405776 0.00801908 0.0218761 0.0527118 0.0084651 0.0337933 0.00876765 0.0263331 0.0488571 0.00610027 0.0398061 0.00958542 0.0231974 0.0452709 0.00708052 0.0468368 0.00894318 0.0181593 0.0488571 0.00821697 0.0405776 0.00801908 0.0218761 0.0527118 0.0084651
0.0128621 0.0189829 0.00760094 0.018524 0.0107661 0.0228642 0.00695128 0.0203338 0.0200359 0.0128621 0.0189829 0.00760094 0.0244844 0.018524 0.00928042 0.0224216 0.0083108 0.021564 0.0171242 0.0107661 0.0264665 0.00775329 0.0168746 0.018524 0.0124867 0.0228642 0.00695128 0.0203338 0.0200359 0.0128621 0.0189829 0.00760094 0.0244844 0.018524 0.00928042 0.0224216 0.0083108 0.021564 0.0171242 0.0107661 0.0264665 0.00775329 0.0168746 0.018524 0.0124867 0.0228642 0.00695128 0.0203338 0.0200359 0.0128621
0.012379 0.087185 0.0122619 0.141231 0.0103609 0.10354 0.0112183 0.0172516 0.151215 0.012379 0.087185 0.0122619 0.0207865 0.141231 0.00893063 0.101698 0.0134011 0.0182989 0.131803 0.0103609 0.118313 0.0125065 0.0143091 0.141231 0.0120175 0.10354 0.0112183 0.0172516 0.151215 0.012379 0.087185 0.0122619 0.0207865 0.141231 0.00893063 0.101698 0.0134011 0.0182989 0.131803 0.0103609 0.118313 0.0125065 0.0143091 0.141231 0.0120175 0.10354 0.0112183 0.0172516 0.151215 0.012379
0.0221893 0.0511802 0.0112157 0.0563137 0.0186021 0.0612339 0.0102603 0.0399132 0.0607191 0.0221893 0.0511802 0.0112157 0.0478652 0.0563137 0.0160525 0.0600942 0.012259 0.0422769 0.0522101 0.0186021 0.0704455 0.0114397 0.0332361 0.0563137 0.0215477 0.0612339 0.0102603 0.0399132 0.0607191 0.0221893 0.0511802 0.0112157 0.0478652 0.0563137 0.0160525 0.0600942 0.012259 0.0422769 0.0522101 0.0186021 0.0704455 0.0114397 0.0332361 0.0563137 0.0215477 0.0612339 0.0102603 0.0399132 0.0607191 0.0221893
0.0282973 0.106108 0.015004 0.2076 0.0237466 0.125524 0.0137304 0.0390122 0.221068 0.0282973 0.106108 0.015004 0.0467935 0.2076 0.0205067 0.123345 0.0163939 0.0413249 0.194747 0.0237466 0.142935 0.0153025 0.0324808 0.2076 0.0274839 0.125524 0.0137304 0.0390122 0.221068 0.0282973 0.106108 0.015004 0.0467935 0.2076 0.0205067 0.123345 0.0163939 0.0413249 0.194747 0.0237466 0.142935 0.0153025 0.0324808 0.2076 0.0274839 0.125524 0.0137304 0.0390122 0.221068 0.0282973
0.0813443 0.191648 0.021061 0.320655 0.0688672 0.222814 0.0192833 0.0579958 0.338325 0.0813443 0.191648 0.021061 0.0692905 0.320655 0.0598487 0.21937 0.0229988 0.061362 0.303483 0.0688672 0.249864 0.0214774 0.0484463 0.320655 0.0791304 0.222814 0.0192833 0.0579958 0.338325 0.0813443 0.191648 0.021061 0.0692905 0.320655 0.0598487 0.21937 0.0229988 0.061362 0.303483 0.0688672 0.249864 0.0214774 0.0484463 0.320655 0.0791304 0.222814 0.0192833 0.0579958 0.338325 0.0813443
0.00872679 0.0198111 0.00735391 0.0154332 0.00729972 0.0238576 0.00672522 0.025087 0.0166971 0.00872679 0.0198111 0.00735391 0.030178 0.0154332 0.00628932 0.0233963 0.00804089 0.0265971 0.0142635 0.00729972 0.027612 0.00750135 0.0208364 0.0154332 0.00847106 0.0238576 0.00672522 0.025087 0.0166971 0.00872679 0.0198111 0.00735391 0.030178 0.0154332 0.00628932 0.0233963 0.00804089 0.0265971 0.0142635 0.00729972 0.027612 0.00750135 0.0208364 0.0154332 0.00847106 0.0238576 0.00672522 0.025087 0.0166971 0.00872679
0.0133279 0.0310683 0.00905082 0.0311359 0.0111569 0.0373267 0.00827828 0.0317615 0.0336419 0.0133279 0.0310683 0.00905082 0.038154 0.0311359 0.0096178 0.0366146 0.00989474 0.0336594 0.028811 0.0111569 0.043107 0.00923197 0.0264106 0.0311359 0.0129391 0.0373267 0.00827828 0.0317615 0.0336419 0.0133279 0.0310683 0.00905082 0.038154 0.0311359 0.0096178 0.0366146 0.00989474 0.0336594 0.028811 0.0111569 0.043107 0.00923197 0.0264106 0.0311359 0.0129391 0.0373267 0.00827828 0.0317615 0.0336419 0.0133279
0.0121388 0.0604133 0.0108076 0.105631 0.0101595 0.0721428 0.00988657 0.0127796 0.113431 0.0121388 0.0604133 0.0108076 0.0154125 0.105631 0.00875674 0.0708154 0.0118133 0.0135591 0.0983084 0.0101595 0.0828506 0.0110235 0.0105916 0.105631 0.0117843 0.0721428 0.00988657 0.0127796 0.113431 0.0121388 0.0604133 0.0108076 0.0154125 0.105631 0.00875674 0.0708154 0.0118133 0.0135591 0.0983084 0.0101595 0.0828506 0.0110235 0.0105916 0.105631 0.0117843 0.0721428 0.00988657 0.0127796 0.113431 0.0121388
0.0139752 0.0568008 0.0105361 0.0637865 0.0117 0.0678796 0.00963796 0.0153897 0.0687339 0.0139752 0.0568008 0.0105361 0.0185502 0.0637865 0.0100868 0.066625 0.0115168 0.0163258 0.0591726 0.0117 0.0780079 0.0107466 0.0127606 0.0637865 0.0135678 0.0678796 0.00963796 0.0153897 0.0687339 0.0139752 0.0568008 0.0105361 0.0185502 0.0637865 0.0100868 0.066625 0.0115168 0.0163258 0.0591726 0.0117 0.0780079 0.0107466 0.0127606 0.0637865 0.0135678 0.0678796 0.00963796 0.0153897 0.0687339 0.0139752
0.0204975 0.20569 0.0178068 0.353753 0.0171789 0.238467 0.0162992 0.0243987 0.372248 0.0204975 0.20569 0.0178068 0.0293543 0.353753 0.0148215 0.234854 0.0194511 0.0258684 0.335685 0.0171789 0.266764 0.01816 0.0202623 0.353753 0.0199037 0.238467 0.0162992 0.0243987 0.372248 0.0204975 0.20569 0.0178068 0.0293543 0.353753 0.0148215 0.234854 0.0194511 0.0258684 0.335685 0.0171789 0.266764 0.01816 0.0202623 0.353753 0.0199037 0.238467 0.0162992 0.0243987 0.372248 0.0204975
0.0325142 0.0401765 0.0111925 0.0478924 0.0273044 0.0481784 0.010239 0.049366 0.0516751 0.0325142 0.0401765 0.0111925 0.0590854 0.0478924 0.0235908 0.0472695 0.0122337 0.0522591 0.0443737 0.0273044 0.0555422 0.011416 0.0411754 0.0478924 0.0315836 0.0481784 0.010239 0.049366 0.0516751 0.0325142 0.0401765 0.0111925 0.0590854 0.0478924 0.0235908 0.0472695 0.0122337 0.0522591 0.0443737 0.0273044 0.0555422 0.011416 0.0411754 0.0478924 0.0315836 0.0481784 0.010239 0.049366 0.0516751 0.0325142
0.0187562 0.0534502 0.0115438 0.0541132 0.0157151 0.0639197 0.0105607 0.113095 0.0583571 0.0187562 0.0534502 0.0115438 0.133599 0.0541132 0.0135558 0.0627334 0.0126172 0.119255 0.0501615 0.0157151 0.0735037 0.0117743 0.095392 0.0541132 0.018212 0.0639197 0.0105607 0.113095 0.0583571 0.0187562 0.0534502 0.0115438 0.133599 0.0541132 0.0135558 0.0627334 0.0126172 0.119255 0.0501615 0.0157151 0.0735037 0.0117743 0.095392 0.0541132 0.018212 0.0639197 0.0105607 0.113095 0.0583571 0.0187562
0.0150762 0.0385408 0.009394 0.0400487 0.0126241 0.0462326 0.00859241 0.012854 0.04324 0.0150762 0.0385408 0.009394 0.015502 0.0400487 0.0108848 0.0453586 0.0102696 0.013638 0.0370838 0.0126241 0.0533157 0.00958195 0.0106534 0.0400487 0.0146372 0.0462326 0.00859241 0.012854 0.04324 0.0150762 0.0385408 0.009394 0.015502 0.0400487 0.0108848 0.0453586 0.0102696 0.013638 0.0370838 0.0126241 0.0533157 0.00958195 0.0106534 0.0400487 0.0146372 0.0462326 0.00859241 0.012854 0.04324 0.0150762
0.00998705 0.0313277 0.00859393 0.0412396 0.00835563 0.0376363 0.00786008 0.0153404 0.0445215 0.00998705 0.0313277 0.00859393 0.018491 0.0412396 0.00720014 0.0369185 0.00939566 0.0162736 0.0381901 0.00835563 0.0434624 0.00876602 0.0127197 0.0412396 0.00969475 0.0376363 0.00786008 0.0153404 0.0445215 0.00998705 0.0313277 0.00859393 0.018491 0.0412396 0.00720014 0.0369185 0.00939566 0.0162736 0.0381901 0.00835563 0.0434624 0.00876602 0.0127197 0.0412396 0.00969475 0.0376363 0.00786008 0.0153404 0.0445215 0.00998705
0.00796545 0.0108853 0.00574992 0.00760048 0.00666204 0.0131331 0.00525763 0.00814677 0.00822829 0.00796545 0.0108853 0.00574992 0.00983471 0.00760048 0.0057394 0.0128764 0.006288 0.00864618 0.00702023 0.00666204 0.0152261 0.00586539 0.00674655 0.00760048 0.00773185 0.0131331 0.00525763 0.00814677 0.00822829 0.00796545 0.0108853 0.00574992 0.00983471 0.00760048 0.0057394 0.0128764 0.006288 0.00864618 0.00702023 0.00666204 0.0152261 0.00586539 0.00674655 0.00760048 0.00773185 0.0131331 0.00525763 0.00814677 0.00822829 0.00796545
0.0143158 0.102039 0.0134145 0.144584 0.0119858 0.120811 0.0122741 0.0357908 0.154762 0.0143158 0.102039 0.0134145 0.0429583 0.144584 0.0103335 0.118703 0.0146592 0.0379201 0.134968 0.0119858 0.137671 0.0136817 0.029782 0.144584 0.0138986 0.120811 0.0122741 0.0357908 0.154762 0.0143158 0.102039 0.0134145 0.0429583 0.144584 0.0103335 0.118703 0.0146592 0.0379201 0.134968 0.0119858 0.137671 0.0136817 0.029782 0.144584 0.0138986 0.120811 0.0122741 0.0357908 0.154762 0.0143158
0.0197193 0.0648536 0.011901 0.0888458 0.0165246 0.0773742 0.0108878 0.0323482 0.0955385 0.0197193 0.0648536 0.011901 0.038854 0.0888458 0.0142557 0.0759584 0.0130072 0.0342799 0.0825791 0.0165246 0.0887842 0.0121385 0.0269012 0.0888458 0.0191476 0.0773742 0.0108878 0.0323482 0.0955385 0.0197193 0.0648536 0.011901 0.038854 0.0888458 0.0142557 0.0759584 0.0130072 0.0342799 0.0825791 0.0165246 0.0887842 0.0121385 0.0269012 0.0888458 0.0191476 0.0773742 0.0108878 0.0323482 0.0955385 0.0197193
0.0231854 0.134443 0.0155236 0.191667 0.0194403 0.158127 0.0142065 0.0375029 0.204368 0.0231854 0.134443 0.0155236 0.0449973 0.191667 0.0167779 0.155483 0.0169608 0.0397298 0.179577 0.0194403 0.179133 0.0158323 0.0312159 0.191667 0.0225156 0.158127 0.0142065 0.0375029 0.204368 0.0231854 0.134443 0.0155236 0.0449973 0.191667 0.0167779 0.155483 0.0169608 0.0397298 0.179577 0.0194403 0.179133 0.0158323 0.0312159 0.191667 0.0225156 0.158127 0.0142065 0.0375029 0.204368 0.0231854
0.0192458 0.192709 0.017492 0.346639 0.0161266 0.224 0.0160106 0.027972 0.364973 0.0192458 0.192709 0.017492 0.0336284 0.346639 0.0139115 0.220543 0.0191078 0.0296505 0.32875 0.0161266 0.251147 0.0178391 0.0232442 0.346639 0.0186876 0.224 0.0160106 0.027972 0.364973 0.0192458 0.192709 0.017492 0.0336284 0.346639 0.0139115 0.220543 0.0191078 0.0296505 0.32875 0.0161266 0.251147 0.0178391 0.0232442 0.346639 0.0186876 0.224 0.0160106 0.027972 0.364973 0.0192458
0.0299707 0.0244462 0.00914202 0.0267554 0.0251578 0.0294111 0.00836176 0.0263642 0.0289194 0.0299707 0.0244462 0.00914202 0.031706 0.0267554 0.0217297 0.0288456 0.00999436 0.0279489 0.0247493 0.0251578 0.034009 0.00932498 0.021902 0.0267554 0.0291107 0.0294111 0.00836176 0.0263642 0.0289194 0.0299707 0.0244462 0.00914202 0.031706 0.0267554 0.0217297 0.0288456 0.00999436 0.0279489 0.0247493 0.0251578 0.034009 0.00932498 0.021902 0.0267554 0.0291107 0.0294111 0.00836176 0.0263642 0.0289194 0.0299707
0.0102769 0.0264424 0.00788029 0.0223539 0.00859858 0.0317995 0.00720693 0.0141508 0.0241707 0.0102769 0.0264424 0.00788029 0.0170614 0.0223539 0.00740974 0.0311895 0.00861601 0.0150127 0.0206708 0.00859858 0.0367566 0.0080382 0.0117309 0.0223539 0.00997624 0.0317995 0.00720693 0.0141508 0.0241707 0.0102769 0.0264424 0.00788029 0.0170614 0.0223539 0.00740974 0.0311895 0.00861601 0.0150127 0.0206708 0.00859858 0.0367566 0.0080382 0.0117309 0.0223539 0.00997624 0.0317995 0.00720693 0.0141508 0.0241707 0.0102769
0.0433961 0.480142 0.0297185 0.727186 0.0365085 0.527604 0.0272303 0.0896067 0.742766 0.0433961 0.480142 0.0297185 0.106363 0.727186 0.0315838 0.522617 0.0324265 0.0946233 0.71103 0.0365085 0.564766 0.0303007 0.0752681 0.727186 0.0421677 0.527604 0.0272303 0.0896067 0.742766 0.0433961 0.480142 0.0297185 0.106363 0.727186 0.0315838 0.522617 0.0324265 0.0946233 0.71103 0.0365085 0.564766 0.0303007 0.0752681 0.727186 0.0421677 0.527604 0.0272303 0.0896067 0.742766 0.0433961
0.0103277 0.020107 0.00769414 0.0205513 0.00864109 0.0242125 0.00703657 0.031719 0.022225 0.0103277 0.020107 0.00769414 0.0381032 0.0205513 0.00744642 0.0237444 0.00841263 0.0336144 0.0190013 0.00864109 0.0280211 0.00784835 0.026375 0.0205513 0.0100255 0.0242125 0.00703657 0.031719 0.022225 0.0103277 0.020107 0.00769414 0.0381032 0.0205513 0.00744642 0.0237444 0.00841263 0.0336144 0.0190013 0.00864109 0.0280211 0.00784835 0.026375 0.0205513 0.0100255 0.0242125 0.00703657 0.031719 0.022225 0.0103277
0.017862 0.048902 0.010813 0.0598015 0.0149637 0.0585358 0.0098915 0.0310352 0.0644611 0.017862 0.048902 0.010813 0.0372871 0.0598015 0.0129062 0.0574433 0.0118192 0.0328911 0.0554587 0.0149637 0.0673707 0.011029 0.0258034 0.0598015 0.0173433 0.0585358 0.0098915 0.0310352 0.0644611 0.017862 0.048902 0.010813 0.0372871 0.0598015 0.0129062 0.0574433 0.0118192 0.0328911 0.0554587 0.0149637 0.0673707 0.011029 0.0258034 0.0598015 0.0173433 0.0585358 0.0098915 0.0310352 0.0644611 0.017862
0.019906 0.100984 0.0139292 0.212488 0.0166816 0.119588 0.0127456 0.020523 0.226182 0.019906 0.100984 0.0139292 0.0247114 0.212488 0.0143914 0.117498 0.015221 0.0217645 0.199409 0.0166816 0.136303 0.0142066 0.0170322 0.212488 0.0193291 0.119588 0.0127456 0.020523 0.226182 0.019906 0.100984 0.0139292 0.0247114 0.212488 0.0143914 0.117498 0.015221 0.0217645 0.199409 0.0166816 0.136303 0.0142066 0.0170322 0.212488 0.0193291 0.119588 0.0127456 0.020523 0.226182 0.019906
0.020114 0.0516759 0.011407 0.072349 0.0168565 0.0618206 0.0104355 0.0488476 0.0779053 0.020114 0.0516759 0.011407 0.0584712 0.072349 0.0145426 0.0606708 0.0124679 0.0517119 0.0671601 0.0168565 0.0711138 0.0116348 0.0407393 0.072349 0.0195311 0.0618206 0.0104355 0.0488476 0.0779053 0.020114 0.0516759 0.011407 0.0584712 0.072349 0.0145426 0.0606708 0.0124679 0.0517119 0.0671601 0.0168565 0.0711138 0.0116348 0.0407393 0.072349 0.0195311 0.0618206 0.0104355 0.0488476 0.0779053 0.020114
0.00348503 0.00615142 0.00435003 0.00397544 0.00291261 0.00742904 0.00397711 0.00676335 0.00430512 0.00348503 0.00615142 0.00435003 0.00816701 0.00397544 0.00250793 0.00728301 0.00475774 0.00717857 0.00367092 0.00291261 0.00862095 0.00443751 0.00559956 0.00397544 0.00338238 0.00742904 0.00397711 0.00676335 0.00430512 0.00348503 0.00615142 0.00435003 0.00816701 0.00397544 0.00250793 0.00728301 0.00475774 0.00717857 0.00367092 0.00291261 0.00862095 0.00443751 0.00559956 0.00397544 0.00338238 0.00742904 0.00397711 0.00676335 0.00430512 0.00348503
0.0168404 0.0203485 0.00802015 0.0185444 0.0141055 0.0245021 0.00733493 0.0258943 0.020058 0.0168404 0.0203485 0.00802015 0.0311439 0.0185444 0.0121646 0.0240285 0.00876882 0.0274516 0.0171431 0.0141055 0.0283549 0.00818084 0.0215099 0.0185444 0.0163509 0.0245021 0.00733493 0.0258943 0.020058 0.0168404 0.0203485 0.00802015 0.0311439 0.0185444 0.0121646 0.0240285 0.00876882 0.0274516 0.0171431 0.0141055 0.0283549 0.00818084 0.0215099 0.0185444 0.0163509 0.0245021 0.00733493 0.0258943 0.020058 0.0168404
0.0205376 0.0481052 0.0107574 0.0396973 0.0172126 0.0575915 0.00984066 0.0419839 0.0428619 0.0205376 0.0481052 0.0107574 0.0503269 0.0396973 0.0148507 0.0565156 0.0117586 0.0444646 0.0367574 0.0172126 0.0662939 0.0109724 0.0349731 0.0396973 0.0199427 0.0575915 0.00984066 0.0419839 0.0428619 0.0205376 0.0481052 0.0107574 0.0503269 0.0396973 0.0148507 0.0565156 0.0117586 0.0444646 0.0367574 0.0172126 0.0662939 0.0109724 0.0349731 0.0396973 0.0199427 0.0575915 0.00984066 0.0419839 0.0428619 0.0205376
0.0197552 0.097251 0.0139239 0.140689 0.0165548 0.115255 0.0127407 0.0527556 0.150641 0.0197552 0.097251 0.0139239 0.0630981 0.140689 0.0142818 0.113231 0.0152152 0.0558357 0.131293 0.0165548 0.131456 0.0142012 0.0440287 0.140689 0.0191826 0.115255 0.0127407 0.0527556 0.150641 0.0197552 0.097251 0.0139239 0.0630981 0.140689 0.0142818 0.113231 0.0152152 0.0558357 0.131293 0.0165548 0.131456 0.0142012 0.0440287 0.140689 0.0191826 0.115255 0.0127407 0.0527556 0.150641 0.0197552
0.0101625 0.101928 0.0126358 0.149772 0.00850265 0.120683 0.0115609 0.0258913 0.160247 0.0101625 0.101928 0.0126358 0.0311403 0.149772 0.00732697 0.118577 0.0138094 0.0274484 0.139868 0.00850265 0.137527 0.0128878 0.0215074 0.149772 0.00986509 0.120683 0.0115609 0.0258913 0.160247 0.0101625 0.101928 0.0126358 0.0311403 0.149772 0.00732697 0.118577 0.0138094 0.0274484 0.139868 0.00850265 0.137527 0.0128878 0.0215074 0.149772 0.00986509 0.120683 0.0115609 0.0258913 0.160247 0.0101625
0.027919 0.0367015 0.0101146 0.0357789 0.0234276 0.044043 0.00925206 0.0282787 0.0386437 0.027919 0.0367015 0.0101146 0.0339949 0.0357789 0.0202304 0.0432086 0.0110566 0.029975 0.0331192 0.0234276 0.0508085 0.0103168 0.0235004 0.0357789 0.0271162 0.044043 0.00925206 0.0282787 0.0386437 0.027919 0.0367015 0.0101146 0.0339949 0.0357789 0.0202304 0.0432086 0.0110566 0.029975 0.0331192 0.0234276 0.0508085 0.0103168 0.0235004 0.0357789 0.0271162 0.044043 0.00925206 0.0282787 0.0386437 0.027919
0.0352748 0.230805 0.0205726 0.431964 0.0296362 0.266243 0.0188353 0.0614376 0.451691 0.0352748 0.230805 0.0205726 0.0733504 0.431964 0.0256138 0.262354 0.0224665 0.0649898 0.412451 0.0296362 0.296552 0.0209795 0.0513523 0.431964 0.034268 0.266243 0.0188353 0.0614376 0.451691 0.0352748 0.230805 0.0205726 0.0733504 0.431964 0.0256138 0.262354 0.0224665 0.0649898 0.412451 0.0296362 0.296552 0.0209795 0.0513523 0.431964 0.034268 0.266243 0.0188353 0.0614376 0.451691 0.0352748
0.0306395 0.2703 0.0212039 0.398229 0.0257221 0.309363 0.0194143 0.0691233 0.417548 0.0306395 0.2703 0.0212039 0.0823956 0.398229 0.0222188 0.305106 0.0231545 0.0730853 0.379223 0.0257221 0.342291 0.021623 0.0578542 0.398229 0.0297609 0.309363 0.0194143 0.0691233 0.417548 0.0306395 0.2703 0.0212039 0.0823956 0.398229 0.0222188 0.305106 0.0231545 0.0730853 0.379223 0.0257221 0.342291 0.021623 0.0578542 0.398229 0.0297609 0.309363 0.0194143 0.0691233 0.417548 0.0306395
0.0153613 0.0189861 0.00761753 0.0178507 0.0128634 0.0228681 0.00696646 0.0115251 0.0193087 0.0153613 0.0189861 0.00761753 0.0139032 0.0178507 0.0110915 0.0224254 0.00832893 0.0122291 0.0165009 0.0128634 0.026471 0.00777021 0.00954985 0.0178507 0.0149141 0.0228681 0.00696646 0.0115251 0.0193087 0.0153613 0.0189861 0.00761753 0.0139032 0.0178507 0.0110915 0.0224254 0.00832893 0.0122291 0.0165009 0.0128634 0.026471 0.00777021 0.00954985 0.0178507 0.0149141 0.0228681 0.00696646 0.0115251 0.0193087 0.0153613
0.014739 0.030606 0.00880206 0.0297124 0.012341 0.0367747 0.00805058 0.020857 0.0321076 0.014739 0.030606 0.00880206 0.0251117 0.0297124 0.0106403 0.0360728 0.00962301 0.0221182 0.0274908 0.012341 0.0424734 0.00897828 0.0173103 0.0297124 0.0143096 0.0367747 0.00805058 0.020857 0.0321076 0.014739 0.030606 0.00880206 0.0251117 0.0297124 0.0106403 0.0360728 0.00962301 0.0221182 0.0274908 0.012341 0.0424734 0.00897828 0.0173103 0.0297124 0.0143096 0.0367747 0.00805058 0.020857 0.0321076 0.014739
0.0174514 0.316813 0.020854 0.630516 0.0146187 0.359288 0.0190934 0.0162518 0.648951 0.0174514 0.316813 0.020854 0.0195859 0.630516 0.0126081 0.354697 0.0227732 0.0172395 0.611692 0.0146187 0.394495 0.0212663 0.0134775 0.630516 0.0169444 0.359288 0.0190934 0.0162518 0.648951 0.0174514 0.316813 0.020854 0.0195859 0.630516 0.0126081 0.354697 0.0227732 0.0172395 0.611692 0.0146187 0.394495 0.0212663 0.0134775 0.630516 0.0169444 0.359288 0.0190934 0.0162518 0.648951 0.0174514
0.0244311 0.0263175 0.00944732 0.0268639 0.020489 0.0316502 0.00864122 0.0484298 0.0290363 0.0244311 0.0263175 0.00944732 0.0579762 0.0268639 0.0176855 0.0310429 0.0103278 0.051271 0.0248498 0.020489 0.0365849 0.00963632 0.0403879 0.0268639 0.0237261 0.0316502 0.00864122 0.0484298 0.0290363 0.0244311 0.0263175 0.00944732 0.0579762 0.0268639 0.0176855 0.0310429 0.0103278 0.051271 0.0248498 0.020489 0.0365849 0.00963632 0.0403879 0.0268639 0.0237261 0.0316502 0.00864122 0.0484298 0.0290363 0.0244311
0.0134397 0.0225311 0.00812649 0.0238541 0.0112507 0.0271179 0.00743225 0.0270632 0.0257896 0.0134397 0.0225311 0.00812649 0.0325419 0.0238541 0.00969878 0.0265952 0.008885 0.0286887 0.0220606 0.0112507 0.0313688 0.00828929 0.0224855 0.0238541 0.0130477 0.0271179 0.00743225 0.0270632 0.0257896 0.0134397 0.0225311 0.00812649 0.0325419 0.0238541 0.00969878 0.0265952 0.008885 0.0286887 0.0220606 0.0112507 0.0313688 0.00828929 0.0224855 0.0238541 0.0130477 0.0271179 0.00743225 0.0270632 0.0257896 0.0134397
0.0155147 0.107687 0.0136733 0.209312 0.0129922 0.127351 0.0125111 0.019531 0.22286 0.0155147 0.107687 0.0136733 0.0235218 0.209312 0.0112027 0.125144 0.0149417 0.0207138 0.19638 0.0129922 0.144972 0.0139456 0.0162061 0.209312 0.0150631 0.127351 0.0125111 0.019531 0.22286 0.0155147 0.107687 0.0136733 0.0235218 0.209312 0.0112027 0.125144 0.0149417 0.0207138 0.19638 0.0129922 0.144972 0.0139456 0.0162061 0.209312 0.0150631 0.127351 0.0125111 0.019531 0.22286 0.0155147
0.024085 0.0661167 0.0120631 0.0787519 0.0201976 0.0788606 0.0110363 0.0276205 0.084755 0.024085 0.0661167 0.0120631 0.0332081 0.0787519 0.0174333 0.0774199 0.0131842 0.0292784 0.07314 0.0201976 0.0904683 0.0123038 0.0229507 0.0787519 0.0233898 0.0788606 0.0110363 0.0276205 0.084755 0.024085 0.0661167 0.0120631 0.0332081 0.0787519 0.0174333 0.0774199 0.0131842 0.0292784 0.07314 0.0201976 0.0904683 0.0123038 0.0229507 0.0787519 0.0233898 0.0788606 0.0110363 0.0276205 0.084755 0.024085
0.0178724 0.042297 0.0100603 0.0418325 0.0149724 0.0506989 0.00920235 0.024413 0.0451593 0.0178724 0.042297 0.0100603 0.0293713 0.0418325 0.0129138 0.0497449 0.0109972 0.0258835 0.0387409 0.0149724 0.0584243 0.0102614 0.0202742 0.0418325 0.0173534 0.0506989 0.00920235 0.024413 0.0451593 0.0178724 0.042297 0.0100603 0.0293713 0.0418325 0.0129138 0.0497449 0.0109972 0.0258835 0.0387409 0.0149724 0.0584243 0.0102614 0.0202742 0.0418325 0.0173534 0.0506989 0.00920235 0.024413 0.0451593 0.0178724
0.0210789 0.139784 0.0157614 0.259051 0.017668 0.16423 0.0144244 0.0313493 0.2747 0.0210789 0.139784 0.0157614 0.0376621 0.259051 0.0152445 0.161504 0.0172202 0.0332234 0.243994 0.017668 0.185868 0.0160747 0.026066 0.259051 0.0204687 0.16423 0.0144244 0.0313493 0.2747 0.0210789 0.139784 0.0157614 0.0376621 0.259051 0.0152445 0.161504 0.0172202 0.0332234 0.243994 0.017668 0.185868 0.0160747 0.026066 0.259051 0.0204687 0.16423 0.0144244 0.0313493 0.2747 0.0210789
0.016689 0.0263755 0.00891212 0.0393677 0.0139783 0.0317195 0.00815131 0.0219577 0.0425071 0.016689 0.0263755 0.00891212 0.0264309 0.0393677 0.0120547 0.0311109 0.00974323 0.0232839 0.0364513 0.0139783 0.0366646 0.00909052 0.0182274 0.0393677 0.0162038 0.0317195 0.00815131 0.0219577 0.0425071 0.016689 0.0263755 0.00891212 0.0264309 0.0393677 0.0120547 0.0311109 0.00974323 0.0232839 0.0364513 0.0139783 0.0366646 0.00909052 0.0182274 0.0393677 0.0162038 0.0317195 0.00815131 0.0219577 0.0425071 0.016689
0.0133202 0.0679675 0.0115279 0.100195 0.0111504 0.0810371 0.0105462 0.026571 0.107641 0.0133202 0.0679675 0.0115279 0.0319533 0.100195 0.00961218 0.0795602 0.0125999 0.0281678 0.0932093 0.0111504 0.0929329 0.011758 0.0220746 0.100195 0.0129316 0.0810371 0.0105462 0.026571 0.107641 0.0133202 0.0679675 0.0115279 0.0319533 0.100195 0.00961218 0.0795602 0.0125999 0.0281678 0.0932093 0.0111504 0.0929329 0.011758 0.0220746 0.100195 0.0129316 0.0810371 0.0105462 0.026571 0.107641 0.0133202
0.0270604 0.114573 0.0151959 0.168223 0.022704 0.135304 0.0139062 0.0561883 0.179716 0.0270604 0.114573 0.0151959 0.067156 0.168223 0.0196035 0.132981 0.0166032 0.0594562 0.157324 0.022704 0.153832 0.0154981 0.0469216 0.168223 0.0262817 0.135304 0.0139062 0.0561883 0.179716 0.0270604 0.114573 0.0151959 0.067156 0.168223 0.0196035 0.132981 0.0166032 0.0594562 0.157324 0.022704 0.153832 0.0154981 0.0469216 0.168223 0.0262817 0.135304 0.0139062 0.0561883 0.179716 0.0270604
0.0234322 0.0917701 0.0142844 0.158701 0.019648 0.108882 0.0130711 0.0693168 0.169676 0.0234322 0.0917701 0.0142844 0.0826229 0.158701 0.0169576 0.106957 0.0156087 0.0732889 0.148309 0.019648 0.124313 0.0145688 0.058018 0.158701 0.0227554 0.108882 0.0130711 0.0693168 0.169676 0.0234322 0.0917701 0.0142844 0.0826229 0.158701 0.0169576 0.106957 0.0156087 0.0732889 0.148309 0.019648 0.124313 0.0145688 0.058018 0.158701 0.0227554 0.108882 0.0130711 0.0693168 0.169676 0.0234322
0.0335887 0.0737657 0.0132538 0.0912396 0.0282117 0.0878452 0.0121269 0.0358142 0.0980933 0.0335887 0.0737657 0.0132538 0.0429861 0.0912396 0.0243778 0.0862558 0.0144839 0.0379448 0.0848198 0.0282117 0.100631 0.0135179 0.0298015 0.0912396 0.0326283 0.0878452 0.0121269 0.0358142 0.0980933 0.0335887 0.0737657 0.0132538 0.0429861 0.0912396 0.0243778 0.0862558 0.0144839 0.0379448 0.0848198 0.0282117 0.100631 0.0135179 0.0298015 0.0912396 0.0326283 0.0878452 0.0121269 0.0358142 0.0980933 0.0335887
0.0287539 0.0989525 0.0145313 0.131154 0.0241315 0.117231 0.0132973 0.0519314 0.140542 0.0287539 0.0989525 0.0145313 0.062123 0.131154 0.0208403 0.115177 0.0158781 0.0549662 0.122304 0.0241315 0.133667 0.0148206 0.0433346 0.131154 0.0279278 0.117231 0.0132973 0.0519314 0.140542 0.0287539 0.0989525 0.0145313 0.062123 0.131154 0.0208403 0.115177 0.0158781 0.0549662 0.122304 0.0241315 0.133667 0.0148206 0.0433346 0.131154 0.0279278 0.117231 0.0132973 0.0519314 0.140542 0.0287539
0.0134618 0.0314511 0.00883328 0.0295858 0.0112692 0.0377836 0.00807916 0.0185416 0.0319712 0.0134618 0.0314511 0.00883328 0.0223347 0.0295858 0.00971477 0.0370632 0.00965712 0.0196656 0.0273734 0.0112692 0.0436315 0.00901012 0.0153825 0.0295858 0.0130691 0.0377836 0.00807916 0.0185416 0.0319712 0.0134618 0.0314511 0.00883328 0.0223347 0.0295858 0.00971477 0.0370632 0.00965712 0.0196656 0.0273734 0.0112692 0.0436315 0.00901012 0.0153825 0.0295858 0.0130691 0.0377836 0.00807916 0.0185416 0.0319712 0.0134618
0.00903603 0.0233091 0.00766874 0.0240404 0.00755878 0.0280497 0.00701333 0.0142675 0.0259906 0.00903603 0.0233091 0.00766874 0.0172017 0.0240404 0.00651276 0.0275096 0.00838488 0.0151364 0.0222332 0.00755878 0.0324418 0.00782245 0.0118279 0.0240404 0.00877131 0.0280497 0.00701333 0.0142675 0.0259906 0.00903603 0.0233091 0.00766874 0.0172017 0.0240404 0.00651276 0.0275096 0.00838488 0.0151364 0.0222332 0.00755878 0.0324418 0.00782245 0.0118279 0.0240404 0.00877131 0.0280497 0.00701333 0.0142675 0.0259906 0.00903603
0.0106046 0.0590793 0.0103639 0.0790745 0.00887318 0.0705692 0.00948039 0.0143202 0.0850999 0.0106046 0.0590793 0.0103639 0.017265 0.0790745 0.00764666 0.0692687 0.0113289 0.0151923 0.0734415 0.00887318 0.0810639 0.0105711 0.0118716 0.0790745 0.0102944 0.0705692 0.00948039 0.0143202 0.0850999 0.0106046 0.0590793 0.0103639 0.017265 0.0790745 0.00764666 0.0692687 0.0113289 0.0151923 0.0734415 0.00887318 0.0810639 0.0105711 0.0118716 0.0790745 0.0102944 0.0705692 0.00948039 0.0143202 0.0850999 0.0106046
0.00798117 0.026719 0.00758932 0.0180164 0.00667521 0.0321303 0.00694065 0.0140414 0.0194877 0.00798117 0.026719 0.00758932 0.0169298 0.0180164 0.00575075 0.0315142 0.00829811 0.0148967 0.0166543 0.00667521 0.037137 0.00774145 0.0116399 0.0180164 0.00774712 0.0321303 0.00694065 0.0140414 0.0194877 0.00798117 0.026719 0.00758932 0.0169298 0.0180164 0.00575075 0.0315142 0.00829811 0.0148967 0.0166543 0.00667521 0.037137 0.00774145 0.0116399 0.0180164 0.00774712 0.0321303 0.00694065 0.0140414 0.0194877 0.00798117
0.00748574 0.0391999 0.0089895 0.0416855 0.00626034 0.0470169 0.00822214 0.0294299 0.0450012 0.00748574 0.0391999 0.0089895 0.0353703 0.0416855 0.00539302 0.0461288 0.00982776 0.031193 0.0386043 0.00626034 0.0542133 0.00916943 0.0244619 0.0416855 0.00726611 0.0470169 0.00822214 0.0294299 0.0450012 0.00748574 0.0391999 0.0089895 0.0353703 0.0416855 0.00539302 0.0461288 0.00982776 0.031193 0.0386043 0.00626034 0.0542133 0.00916943 0.0244619 0.0416855 0.00726611 0.0470169 0.00822214 0.0294299 0.0450012 0.00748574
0.0285601 0.0724792 0.0130018 0.100895 0.0239682 0.0863361 0.0118961 0.0418371 0.108388 0.0285601 0.0724792 0.0130018 0.0501524 0.100895 0.0206987 0.0847714 0.0142089 0.0443095 0.0938664 0.0239682 0.098926 0.013261 0.0348499 0.100895 0.0277395 0.0863361 0.0118961 0.0418371 0.108388 0.0285601 0.0724792 0.0130018 0.0501524 0.100895 0.0206987 0.0847714 0.0142089 0.0443095 0.0938664 0.0239682 0.098926 0.013261 0.0348499 0.100895 0.0277395 0.0863361 0.0118961 0.0418371 0.108388 0.0285601
0.0116868 0.035074 0.00931948 0.0579387 0.00978043 0.0421042 0.0085242 0.0242401 0.0624628 0.0116868 0.035074 0.00931948 0.0291644 0.0579387 0.00842958 0.041305 0.0101882 0.0257005 0.0537235 0.00978043 0.0485871 0.00950595 0.02013 0.0579387 0.0113453 0.0421042 0.0085242 0.0242401 0.0624628 0.0116868 0.035074 0.00931948 0.0291644 0.0579387 0.00842958 0.041305 0.0101882 0.0257005 0.0537235 0.00978043 0.0485871 0.00950595 0.02013 0.0579387 0.0113453 0.0421042 0.0085242 0.0242401 0.0624628 0.0116868
0.0120373 0.0874376 0.0116619 0.111124 0.0100744 0.103834 0.0106689 0.0110834 0.119276 0.0120373 0.0874376 0.0116619 0.0133715 0.111124 0.0086833 0.101988 0.0127462 0.0117607 0.103465 0.0100744 0.118644 0.0118947 0.0091831 0.111124 0.0116857 0.103834 0.0106689 0.0110834 0.119276 0.0120373 0.0874376 0.0116619 0.0133715 0.111124 0.0086833 0.101988 0.0127462 0.0117607 0.103465 0.0100744 0.118644 0.0118947 0.0091831 0.111124 0.0116857 0.103834 0.0106689 0.0110834 0.119276 0.0120373
0.0444191 0.119438 0.0164136 0.185004 0.0373754 0.140908 0.0150221 0.0520949 0.197371 0.0444191 0.119438 0.0164136 0.0623165 0.185004 0.0323377 0.138504 0.0179316 0.0551387 0.173244 0.0373754 0.160062 0.0167396 0.0434723 0.185004 0.043163 0.140908 0.0150221 0.0520949 0.197371 0.0444191 0.119438 0.0164136 0.0623165 0.185004 0.0323377 0.138504 0.0179316 0.0551387 0.173244 0.0373754 0.160062 0.0167396 0.0434723 0.185004 0.043163 0.140908 0.0150221 0.0520949 0.197371 0.0444191
0.0162593 0.145723 0.0147034 0.213355 0.0136174 0.171001 0.0134549 0.0198704 0.227089 0.0162593 0.145723 0.0147034 0.0239288 0.213355 0.0117429 0.168185 0.0160658 0.0210733 0.200236 0.0136174 0.193325 0.014996 0.0164887 0.213355 0.0157864 0.171001 0.0134549 0.0198704 0.227089 0.0162593 0.145723 0.0147034 0.0239288 0.213355 0.0117429 0.168185 0.0160658 0.0210733 0.200236 0.0136174 0.193325 0.014996 0.0164887 0.213355 0.0157864 0.171001 0.0134549 0.0198704 0.227089 0.0162593
0.0106235 0.0145885 0.00679209 0.0130904 0.00888907 0.0175874 0.00621113 0.0140239 0.0141653 0.0106235 0.0145885 0.00679209 0.0169087 0.0130904 0.00766038 0.0172452 0.00742698 0.0148782 0.0120962 0.00888907 0.0203757 0.00692835 0.0116254 0.0130904 0.0103128 0.0175874 0.00621113 0.0140239 0.0141653 0.0106235 0.0145885 0.00679209 0.0169087 0.0130904 0.00766038 0.0172452 0.00742698 0.0148782 0.0120962 0.00888907 0.0203757 0.00692835 0.0116254 0.0130904 0.0103128 0.0175874 0.00621113 0.0140239 0.0141653 0.0106235
0.0155334 0.0957157 0.0130419 0.142694 0.0130078 0.113472 0.0119327 0.0238312 0.152763 0.0155334 0.0957157 0.0130419 0.0286748 0.142694 0.0112163 0.111475 0.0142526 0.0252676 0.133184 0.0130078 0.129458 0.0133018 0.019789 0.142694 0.0150812 0.113472 0.0119327 0.0238312 0.152763 0.0155334 0.0957157 0.0130419 0.0286748 0.142694 0.0112163 0.111475 0.0142526 0.0252676 0.133184 0.0130078 0.129458 0.0133018 0.019789 0.142694 0.0150812 0.113472 0.0119327 0.0238312 0.152763 0.0155334
0.0084319 0.0409069 0.00920729 0.0552765 0.00705271 0.0490468 0.00842151 0.0207028 0.0596059 0.0084319 0.0409069 0.00920729 0.0249268 0.0552765 0.0060763 0.0481223 0.0100657 0.0219548 0.0512444 0.00705271 0.0565355 0.00939155 0.0171819 0.0552765 0.00818474 0.0490468 0.00842151 0.0207028 0.0596059 0.0084319 0.0409069 0.00920729 0.0249268 0.0552765 0.0060763 0.0481223 0.0100657 0.0219548 0.0512444 0.00705271 0.0565355 0.00939155 0.0171819 0.0552765 0.00818474 0.0490468 0.00842151 0.0207028 0.0596059 0.0084319
0.00906215 0.0619203 0.0105016 0.0828253 0.00758066 0.0739194 0.00960644 0.0193507 0.0891089 0.00906215 0.0619203 0.0105016 0.0233055 0.0828253 0.00653163 0.0725619 0.0114793 0.0205227 0.0769474 0.00758066 0.0848668 0.0107115 0.016056 0.0828253 0.00879667 0.0739194 0.00960644 0.0193507 0.0891089 0.00906215 0.0619203 0.0105016 0.0233055 0.0828253 0.00653163 0.0725619 0.0114793 0.0205227 0.0769474 0.00758066 0.0848668 0.0107115 0.016056 0.0828253 0.00879667 0.0739194 0.00960644 0.0193507 0.0891089 0.00906215
0.00618452 0.0169504 0.00635459 0.0134347 0.00517101 0.0204249 0.00581084 0.00796791 0.0145373 0.00618452 0.0169504 0.00635459 0.00961916 0.0134347 0.00445394 0.0200285 0.00694887 0.00845645 0.0124146 0.00517101 0.0236521 0.00648213 0.00659823 0.0134347 0.00600284 0.0204249 0.00581084 0.00796791 0.0145373 0.00618452 0.0169504 0.00635459 0.00961916 0.0134347 0.00445394 0.0200285 0.00694887 0.00845645 0.0124146 0.00517101 0.0236521 0.00648213 0.00659823 0.0134347 0.00600284 0.0204249 0.00581084 0.00796791 0.0145373 0.00618452
0.030666 0.0476468 0.0110069 0.0484842 0.0257444 0.0570481 0.0100691 0.0224458 0.0523111 0.030666 0.0476468 0.0110069 0.0270157 0.0484842 0.0222382 0.0559817 0.012031 0.0238007 0.044924 0.0257444 0.0656741 0.0112267 0.0186341 0.0484842 0.0297867 0.0570481 0.0100691 0.0224458 0.0523111 0.030666 0.0476468 0.0110069 0.0270157 0.0484842 0.0222382 0.0559817 0.012031 0.0238007 0.044924 0.0257444 0.0656741 0.0112267 0.0186341 0.0484842 0.0297867 0.0570481 0.0100691 0.0224458 0.0523111 0.030666
0.0219182 0.0721023 0.0123523 0.0832744 0.018374 0.0858938 0.0113011 0.0388784 0.0895887 0.0219182 0.0721023 0.0123523 0.0466342 0.0832744 0.0158552 0.0843364 0.0134998 0.0411834 0.0773673 0.018374 0.0984262 0.0125987 0.0323686 0.0832744 0.0212842 0.0858938 0.0113011 0.0388784 0.0895887 0.0219182 0.0721023 0.0123523 0.0466342 0.0832744 0.0158552 0.0843364 0.0134998 0.0411834 0.0773673 0.018374 0.0984262 0.0125987 0.0323686 0.0832744 0.0212842 0.0858938 0.0113011 0.0388784 0.0895887 0.0219182
0.0260826 0.140502 0.0160516 0.270177 0.02188 0.165049 0.0146903 0.0282176 0.286238 0.0260826 0.140502 0.0160516 0.0339218 0.270177 0.0188899 0.162311 0.0175367 0.0299103 0.254696 0.02188 0.186771 0.0163705 0.0234493 0.270177 0.0253313 0.165049 0.0146903 0.0282176 0.286238 0.0260826 0.140502 0.0160516 0.0339218 0.270177 0.0188899 0.162311 0.0175367 0.0299103 0.254696 0.02188 0.186771 0.0163705 0.0234493 0.270177 0.0253313 0.165049 0.0146903 0.0282176 0.286238 0.0260826
0.0110772 0.0197086 0.0077063 0.0237525 0.00926936 0.0237348 0.0070477 0.0211522 0.02568 0.0110772 0.0197086 0.0077063 0.0254656 0.0237525 0.00798853 0.0232757 0.00842592 0.0224309 0.0219665 0.00926936 0.0274704 0.00786075 0.0175563 0.0237525 0.0107533 0.0237348 0.0070477 0.0211522 0.02568 0.0110772 0.0197086 0.0077063 0.0254656 0.0237525 0.00798853 0.0232757 0.00842592 0.0224309 0.0219665 0.00926936 0.0274704 0.00786075 0.0175563 0.0237525 0.0107533 0.0237348 0.0070477 0.0211522 0.02568 0.0110772
0.0129667 0.0339775 0.00903776 0.0370593 0.0108539 0.0407973 0.00826632 0.0218149 0.0400223 0.0129667 0.0339775 0.00903776 0.0262597 0.0370593 0.00935617 0.0400217 0.00988048 0.0231326 0.0343078 0.0108539 0.0470887 0.00921865 0.0181084 0.0370593 0.0125883 0.0407973 0.00826632 0.0218149 0.0400223 0.0129667 0.0339775 0.00903776 0.0262597 0.0370593 0.00935617 0.0400217 0.00988048 0.0231326 0.0343078 0.0108539 0.0470887 0.00921865 0.0181084 0.0370593 0.0125883 0.0407973 0.00826632 0.0218149 0.0400223 0.0129667
0.0170611 0.27862 0.0193549 0.524999 0.0142908 0.31836 0.0177186 0.0176173 0.544899 0.0170611 0.27862 0.0193549 0.0212255 0.524999 0.0123247 0.314036 0.0211391 0.0186864 0.50502 0.0142908 0.351759 0.0197382 0.0146134 0.524999 0.0165652 0.31836 0.0177186 0.0176173 0.544899 0.0170611 0.27862 0.0193549 0.0212255 0.524999 0.0123247 0.314036 0.0211391 0.0186864 0.50502 0.0142908 0.351759 0.0197382 0.0146134 0.524999 0.0165652 0.31836 0.0177186 0.0176173 0.544899 0.0170611
0.0247559 0.0717678 0.0129822 0.114792 0.0207626 0.0855011 0.0118781 0.0501216 0.123175 0.0247559 0.0717678 0.0129822 0.0599804 0.114792 0.0179223 0.0839502 0.0141875 0.0530565 0.10691 0.0207626 0.0979823 0.013241 0.0418111 0.114792 0.0240419 0.0855011 0.0118781 0.0501216 0.123175 0.0247559 0.0717678 0.0129822 0.0599804 0.114792 0.0179223 0.0839502 0.0141875 0.0530565 0.10691 0.0207626 0.0979823 0.013241 0.0418111 0.114792 0.0240419 0.0855011 0.0118781 0.0501216 0.123175 0.0247559
0.012787 0.0123948 0.0065513 0.00831105 0.0107032 0.0149496 0.00599081 0.0212419 0.00899702 0.012787 0.0123948 0.0065513 0.0255731 0.00831105 0.00922607 0.0146579 0.00716384 0.0225258 0.00767697 0.0107032 0.0173271 0.00668276 0.017631 0.00831105 0.0124138 0.0149496 0.00599081 0.0212419 0.00899702 0.012787 0.0123948 0.0065513 0.0255731 0.00831105 0.00922607 0.0146579 0.00716384 0.0225258 0.00767697 0.0107032 0.0173271 0.00668276 0.017631 0.00831105 0.0124138 0.0149496 0.00599081 0.0212419 0.00899702 0.012787
0.0299384 0.0591638 0.0123563 0.062829 0.0251306 0.070669 0.0113048 0.0696174 0.0677075 0.0299384 0.0591638 0.0123563 0.0829761 0.062829 0.0217061 0.0693667 0.0135042 0.0736055 0.05828 0.0251306 0.0811772 0.0126027 0.0582728 0.062829 0.0290794 0.070669 0.0113048 0.0696174 0.0677075 0.0299384 0.0591638 0.0123563 0.0829761 0.062829 0.0217061 0.0693667 0.0135042 0.0736055 0.05828 0.0251306 0.0811772 0.0126027 0.0582728 0.062829 0.0290794 0.070669 0.0113048 0.0696174 0.0677075 0.0299384
0.0118532 0.0553077 0.0103905 0.0737645 0.00991996 0.0661156 0.00950467 0.0137595 0.0794202 0.0118532 0.0553077 0.0103905 0.0165909 0.0737645 0.00855 0.0648914 0.0113579 0.014598 0.0684816 0.00991996 0.0760022 0.0105981 0.0114057 0.0737645 0.0115069 0.0661156 0.00950467 0.0137595 0.0794202 0.0118532 0.0553077 0.0103905 0.0165909 0.0737645 0.00855 0.0648914 0.0113579 0.014598 0.0684816 0.00991996 0.0760022 0.0105981 0.0114057 0.0737645 0.0115069 0.0661156 0.00950467 0.0137595 0.0794202 0.0118532
0.028798 0.0770469 0.0133301 0.107199 0.0241688 0.0916907 0.0121968 0.035401 0.1151 0.028798 0.0770469 0.0133301 0.0424939 0.107199 0.0208725 0.0900386 0.0145672 0.037508 0.0997796 0.0241688 0.104972 0.0135957 0.0294557 0.107199 0.0279707 0.0916907 0.0121968 0.035401 0.1151 0.028798 0.0770469 0.0133301 0.0424939 0.107199 0.0208725 0.0900386 0.0145672 0.037508 0.0997796 0.0241688 0.104972 0.0135957 0.0294557 0.107199 0.0279707 0.0916907 0.0121968 0.035401 0.1151 0.028798
0.0584097 0.458514 0.0303008 0.741943 0.0492618 0.505918 0.0277652 0.0995036 0.756961 0.0584097 0.458514 0.0303008 0.11787 0.741943 0.042693 0.500919 0.03306 0.10501 0.726332 0.0492618 0.54331 0.030894 0.083727 0.741943 0.0567814 0.505918 0.0277652 0.0995036 0.756961 0.0584097 0.458514 0.0303008 0.11787 0.741943 0.042693 0.500919 0.03306 0.10501 0.726332 0.0492618 0.54331 0.030894 0.083727 0.741943 0.0567814 0.505918 0.0277652 0.0995036 0.756961 0.0584097
0.00955064 0.0314033 0.00832703 0.0366515 0.00798993 0.0377265 0.00761579 0.00958188 0.0395833 0.00955064 0.0314033 0.00832703 0.0115637 0.0366515 0.00688466 0.0370071 0.00910408 0.0101684 0.0339292 0.00798993 0.043566 0.00849382 0.00793699 0.0366515 0.00927099 0.0377265 0.00761579 0.00958188 0.0395833 0.00955064 0.0314033 0.00832703 0.0115637 0.0366515 0.00688466 0.0370071 0.00910408 0.0101684 0.0339292 0.00798993 0.043566 0.00849382 0.00793699 0.0366515 0.00927099 0.0377265 0.00761579 0.00958188 0.0395833 0.00955064
0.0163573 0.0262542 0.00862855 0.0275277 0.0136997 0.0315745 0.00789176 0.0221656 0.0297522 0.0163573 0.0262542 0.00862855 0.02668 0.0275277 0.011814 0.0309686 0.00943347 0.023504 0.0254652 0.0136997 0.0364978 0.00880132 0.0184006 0.0275277 0.0158816 0.0315745 0.00789176 0.0221656 0.0297522 0.0163573 0.0262542 0.00862855 0.02668 0.0275277 0.011814 0.0309686 0.00943347 0.023504 0.0254652 0.0136997 0.0364978 0.00880132 0.0184006 0.0275277 0.0158816 0.0315745 0.00789176 0.0221656 0.0297522 0.0163573
0.0130795 0.119729 0.0139804 0.239289 0.0109485 0.141244 0.0127925 0.0232344 0.254153 0.0130795 0.119729 0.0139804 0.0279602 0.239289 0.00943783 0.138835 0.0152768 0.0246357 0.225032 0.0109485 0.160434 0.0142588 0.0192914 0.239289 0.0126978 0.141244 0.0127925 0.0232344 0.254153 0.0130795 0.119729 0.0139804 0.0279602 0.239289 0.00943783 0.138835 0.0152768 0.0246357 0.225032 0.0109485 0.160434 0.0142588 0.0192914 0.239289 0.0126978 0.141244 0.0127925 0.0232344 0.254153 0.0130795
0.0131549 0.0616133 0.0110857 0.0707917 0.0110117 0.0735576 0.0101412 0.03103 0.0762382 0.0131549 0.0616133 0.0110857 0.0372809 0.0707917 0.00949244 0.0722062 0.012117 0.0328857 0.0657066 0.0110117 0.0844563 0.0113071 0.0257991 0.0707917 0.012771 0.0735576 0.0101412 0.03103 0.0762382 0.0131549 0.0616133 0.0110857 0.0372809 0.0707917 0.00949244 0.0722062 0.012117 0.0328857 0.0657066 0.0110117 0.0844563 0.0113071 0.0257991 0.0707917 0.012771 0.0735576 0.0101412 0.03103 0.0762382 0.0131549
0.0241273 0.193617 0.0179185 0.265707 0.0202332 0.225015 0.0164016 0.0668985 0.281605 0.0241273 0.193617 0.0179185 0.0797802 0.265707 0.0174641 0.221546 0.019573 0.0707426 0.250394 0.0202332 0.252244 0.0182739 0.0559702 0.265707 0.023431 0.225015 0.0164016 0.0668985 0.281605 0.0241273 0.193617 0.0179185 0.0797802 0.265707 0.0174641 0.221546 0.019573 0.0707426 0.250394 0.0202332 0.252244 0.0182739 0.0559702 0.265707 0.023431 0.225015 0.0164016 0.0668985 0.281605 0.0241273
0.0197739 0.0558356 0.0111653 0.0721745 0.0165705 0.0667394 0.0102142 0.021252 0.0777185 0.0197739 0.0558356 0.0111653 0.0255851 0.0721745 0.0142954 0.0655045 0.012204 0.0225365 0.0669972 0.0165705 0.0767116 0.0113883 0.0176394 0.0721745 0.0192007 0.0667394 0.0102142 0.021252 0.0777185 0.0197739 0.0558356 0.0111653 0.0255851 0.0721745 0.0142954 0.0655045 0.012204 0.0225365 0.0669972 0.0165705 0.0767116 0.0113883 0.0176394 0.0721745 0.0192007 0.0667394 0.0102142 0.021252 0.0777185 0.0197739
0.0117128 0.0471418 0.0100694 0.0535131 0.00980227 0.0564494 0.00921076 0.0340011 0.0577128 0.0117128 0.0471418 0.0100694 0.0408253 0.0535131 0.00844843 0.0553935 0.0110073 0.0360279 0.0496029 0.00980227 0.0649911 0.0102708 0.0282839 0.0535131 0.0113706 0.0564494 0.00921076 0.0340011 0.0577128 0.0117128 0.0471418 0.0100694 0.0408253 0.0535131 0.00844843 0.0553935 0.0110073 0.0360279 0.0496029 0.00980227 0.0649911 0.0102708 0.0282839 0.0535131 0.0113706 0.0564494 0.00921076 0.0340011 0.0577128 0.0117128
0.0176818 0.123834 0.0143467 0.196539 0.0148122 0.145964 0.0131281 0.0186011 0.209479 0.0176818 0.123834 0.0143467 0.0224062 0.196539 0.0127753 0.143489 0.0156767 0.0197287 0.184212 0.0148122 0.165673 0.0146323 0.015432 0.196539 0.0171682 0.145964 0.0131281 0.0186011 0.209479 0.0176818 0.123834 0.0143467 0.0224062 0.196539 0.0127753 0.143489 0.0156767 0.0197287 0.184212 0.0148122 0.165673 0.0146323 0.015432 0.196539 0.0171682 0.145964 0.0131281 0.0186011 0.209479 0.0176818
0.022825 0.192378 0.0176086 0.387654 0.019137 0.223631 0.0161175 0.0225869 0.406806 0.022825 0.192378 0.0176086 0.0271847 0.387654 0.0165154 0.220178 0.019235 0.0239501 0.368843 0.019137 0.250748 0.0179579 0.0187517 0.387654 0.0221654 0.223631 0.0161175 0.0225869 0.406806 0.022825 0.192378 0.0176086 0.0271847 0.387654 0.0165154 0.220178 0.019235 0.0239501 0.368843 0.019137 0.250748 0.0179579 0.0187517 0.387654 0.0221654 0.223631 0.0161175 0.0225869 0.406806 0.022825
0.0209776 0.032512 0.00984438 0.0310544 0.0175827 0.0390494 0.00900472 0.0717253 0.033554 0.0209776 0.032512 0.00984438 0.0854513 0.0310544 0.0151707 0.0383058 0.0107615 0.0758242 0.0287354 0.0175827 0.0450841 0.0100413 0.0600593 0.0310544 0.0203702 0.0390494 0.00900472 0.0717253 0.033554 0.0209776 0.032512 0.00984438 0.0854513 0.0310544 0.0151707 0.0383058 0.0107615 0.0758242 0.0287354 0.0175827 0.0450841 0.0100413 0.0600593 0.0310544 0.0203702 0.0390494 0.00900472 0.0717253 0.033554 0.0209776
0.00555058 0.0372718 0.00815144 0.0429511 0.00464047 0.0447221 0.00745508 0.00868168 0.0463625 0.00555058 0.0372718 0.00815144 0.0104793 0.0429511 0.00399668 0.0438754 0.00891225 0.00921357 0.0397802 0.00464047 0.0515863 0.00831474 0.00719019 0.0429511 0.00538742 0.0447221 0.00745508 0.00868168 0.0463625 0.00555058 0.0372718 0.00815144 0.0104793 0.0429511 0.00399668 0.0438754 0.00891225 0.00921357 0.0397802 0.00464047 0.0515863 0.00831474 0.00719019 0.0429511 0.00538742 0.0447221 0.00745508 0.00868168 0.0463625 0.00555058
0.0100208 0.0227955 0.00756792 0.0185117 0.0083839 0.0274346 0.00692107 0.0165578 0.0200226 0.0100208 0.0227955 0.00756792 0.0199533 0.0185117 0.00722453 0.026906 0.00827473 0.0175637 0.0171128 0.0083839 0.0317336 0.00771962 0.0137319 0.0185117 0.00972751 0.0274346 0.00692107 0.0165578 0.0200226 0.0100208 0.0227955 0.00756792 0.0199533 0.0185117 0.00722453 0.026906 0.00827473 0.0175637 0.0171128 0.0083839 0.0317336 0.00771962 0.0137319 0.0185117 0.00972751 0.0274346 0.00692107 0.0165578 0.0200226 0.0100208
0.0168881 0.0514058 0.0104494 0.0489793 0.0141455 0.0615009 0.00955863 0.0183287 0.052843 0.0168881 0.0514058 0.0104494 0.0220793 0.0489793 0.0121992 0.0603566 0.0114222 0.0194401 0.0453845 0.0141455 0.0707496 0.0106582 0.0152053 0.0489793 0.0163972 0.0615009 0.00955863 0.0183287 0.052843 0.0168881 0.0514058 0.0104494 0.0220793 0.0489793 0.0121992 0.0603566 0.0114222 0.0194401 0.0453845 0.0141455 0.0707496 0.0106582 0.0152053 0.0489793 0.0163972 0.0615009 0.00955863 0.0183287 0.052843 0.0168881
0.0064136 0.0188076 0.00671931 0.0205421 0.00536276 0.022654 0.00614454 0.00796835 0.0222149 0.0064136 0.0188076 0.00671931 0.00961969 0.0205421 0.00461922 0.0222154 0.00734745 0.00845692 0.0189927 0.00536276 0.026224 0.00685412 0.0065986 0.0205421 0.00622523 0.022654 0.00614454 0.00796835 0.0222149 0.0064136 0.0188076 0.00671931 0.00961969 0.0205421 0.00461922 0.0222154 0.00734745 0.00845692 0.0189927 0.00536276 0.026224 0.00685412 0.0065986 0.0205421 0.00622523 0.022654 0.00614454 0.00796835 0.0222149 0.0064136
0.0225971 0.304742 0.0219502 0.537311 0.0189452 0.346419 0.020099 0.0656689 0.55713 0.0225971 0.304742 0.0219502 0.0783337 0.537311 0.0163494 0.341905 0.0239678 0.0694476 0.517373 0.0189452 0.381115 0.0223837 0.0549297 0.537311 0.0219439 0.346419 0.020099 0.0656689 0.55713 0.0225971 0.304742 0.0219502 0.0783337 0.537311 0.0163494 0.341905 0.0239678 0.0694476 0.517373 0.0189452 0.381115 0.0223837 0.0549297 0.537311 0.0219439 0.346419 0.020099 0.0656689 0.55713 0.0225971
0.0154694 0.0833551 0.0123701 0.102758 0.0129542 0.0990692 0.0113175 0.0272745 0.110372 0.0154694 0.0833551 0.0123701 0.0327946 0.102758 0.0111699 0.0972984 0.0135193 0.0289123 0.0956129 0.0129542 0.113286 0.0126169 0.0226619 0.102758 0.0150191 0.0990692 0.0113175 0.0272745 0.110372 0.0154694 0.0833551 0.0123701 0.0327946 0.102758 0.0111699 0.0972984 0.0135193 0.0289123 0.0956129 0.0129542 0.113286 0.0126169 0.0226619 0.102758 0.0150191 0.0990692 0.0113175 0.0272745 0.110372 0.0154694
0.00811458 0.0386259 0.00878214 0.0369799 0.00678694 0.0463339 0.00803235 0.0215321 0.0399368 0.00811458 0.0386259 0.00878214 0.0259209 0.0369799 0.0058471 0.0454581 0.00960126 0.0228331 0.0342341 0.00678694 0.0534316 0.00895797 0.0178727 0.0369799 0.00787664 0.0463339 0.00803235 0.0215321 0.0399368 0.00811458 0.0386259 0.00878214 0.0259209 0.0369799 0.0058471 0.0454581 0.00960126 0.0228331 0.0342341 0.00678694 0.0534316 0.00895797 0.0178727 0.0369799 0.00787664 0.0463339 0.00803235 0.0215321 0.0399368 0.00811458
0.0229098 0.0266299 0.00929924 0.0305563 0.0192083 0.0320237 0.00850567 0.030563 0.0330172 0.0229098 0.0266299 0.00929924 0.0367234 0.0305563 0.0165771 0.0314095 0.0101661 0.0323917 0.0282735 0.0192083 0.0370144 0.00948531 0.0254087 0.0305563 0.0222477 0.0320237 0.00850567 0.030563 0.0330172 0.0229098 0.0266299 0.00929924 0.0367234 0.0305563 0.0165771 0.0314095 0.0101661 0.0323917 0.0282735 0.0192083 0.0370144 0.00948531 0.0254087 0.0305563 0.0222477 0.0320237 0.00850567 0.030563 0.0330172 0.0229098
0.0319874 0.0687898 0.0131196 0.117458 0.0268596 0.0820037 0.0120039 0.0318902 0.126009 0.0319874 0.0687898 0.0131196 0.0383076 0.117458 0.0232051 0.0805106 0.0143374 0.0337956 0.109416 0.0268596 0.0940268 0.0133811 0.0265183 0.117458 0.0310714 0.0820037 0.0120039 0.0318902 0.126009 0.0319874 0.0687898 0.0131196 0.0383076 0.117458 0.0232051 0.0805106 0.0143374 0.0337956 0.109416 0.0268596 0.0940268 0.0133811 0.0265183 0.117458 0.0310714 0.0820037 0.0120039 0.0318902 0.126009 0.0319874
0.0408818 0.108963 0.0156256 0.148178 0.0343789 0.128826 0.0143 0.0622611 0.158562 0.0408818 0.108963 0.0156256 0.074321 0.148178 0.0297326 0.126598 0.017072 0.0658576 0.138362 0.0343789 0.146617 0.0159363 0.0520481 0.148178 0.0397216 0.128826 0.0143 0.0622611 0.158562 0.0408818 0.108963 0.0156256 0.074321 0.148178 0.0297326 0.126598 0.017072 0.0658576 0.138362 0.0343789 0.146617 0.0159363 0.0520481 0.148178 0.0397216 0.128826 0.0143 0.0622611 0.158562 0.0408818
0.0142255 0.106801 0.01319 0.115831 0.01191 0.126326 0.0120684 0.036895 0.124279 0.0142255 0.106801 0.01319 0.0442735 0.115831 0.0102681 0.124135 0.0144142 0.0390873 0.107886 0.01191 0.143829 0.0134529 0.0307067 0.115831 0.0138108 0.126326 0.0120684 0.036895 0.124279 0.0142255 0.106801 0.01319 0.0442735 0.115831 0.0102681 0.124135 0.0144142 0.0390873 0.107886 0.01191 0.143829 0.0134529 0.0307067 0.115831 0.0138108 0.126326 0.0120684 0.036895 0.124279 0.0142255
0.0238435 0.396243 0.0238434 0.638601 0.0199943 0.44247 0.021836 0.0378021 0.656852 0.0238435 0.396243 0.0238434 0.0453534 0.638601 0.0172573 0.437542 0.0260304 0.040046 0.619941 0.0199943 0.479725 0.0243133 0.0314666 0.638601 0.0231552 0.44247 0.021836 0.0378021 0.656852 0.0238435 0.396243 0.0238434 0.0453534 0.638601 0.0172573 0.437542 0.0260304 0.040046 0.619941 0.0199943 0.479725 0.0243133 0.0314666 0.638601 0.0231552 0.44247 0.021836 0.0378021 0.656852 0.0238435
0.0325524 0.146305 0.0168295 0.182778 0.0273366 0.171664 0.0154033 0.0651753 0.195032 0.0325524 0.146305 0.0168295 0.0777529 0.182778 0.0236188 0.168839 0.0183853 0.0689278 0.17113 0.0273366 0.194054 0.0171636 0.0545121 0.182778 0.0316208 0.171664 0.0154033 0.0651753 0.195032 0.0325524 0.146305 0.0168295 0.0777529 0.182778 0.0236188 0.168839 0.0183853 0.0689278 0.17113 0.0273366 0.194054 0.0171636 0.0545121 0.182778 0.0316208 0.171664 0.0154033 0.0651753 0.195032 0.0325524
0.0159509 0.0326111 0.00892164 0.0298516 0.0133584 0.0391677 0.00816003 0.0142032 0.0322576 0.0159509 0.0326111 0.00892164 0.0171243 0.0298516 0.0115191 0.0384219 0.00975363 0.0150683 0.0276199 0.0133584 0.0452197 0.00910023 0.0117744 0.0298516 0.0154867 0.0391677 0.00816003 0.0142032 0.0322576 0.0159509 0.0326111 0.00892164 0.0171243 0.0298516 0.0115191 0.0384219 0.00975363 0.0150683 0.0276199 0.0133584 0.0452197 0.00910023 0.0117744 0.0298516 0.0154867 0.0391677 0.00816003 0.0142032 0.0322576 0.0159509
0.028588 0.103568 0.0146198 0.1832 0.0239917 0.122583 0.0133784 0.0230788 0.195475 0.028588 0.103568 0.0146198 0.0277739 0.1832 0.0207191 0.120448 0.0159747 0.024471 0.171531 0.0239917 0.139651 0.0149108 0.0191618 0.1832 0.0277665 0.122583 0.0133784 0.0230788 0.195475 0.028588 0.103568 0.0146198 0.0277739 0.1832 0.0207191 0.120448 0.0159747 0.024471 0.171531 0.0239917 0.139651 0.0149108 0.0191618 0.1832 0.0277665 0.122583 0.0133784 0.0230788 0.195475 0.028588
0.0148719 0.0370929 0.00990419 0.0513524 0.0124526 0.0445091 0.00905947 0.0322429 0.0553925 0.0148719 0.0370929 0.00990419 0.0387284 0.0513524 0.0107367 0.0436663 0.0108268 0.0341686 0.0475922 0.0124526 0.0513424 0.0101022 0.0268132 0.0513524 0.0144387 0.0445091 0.00905947 0.0322429 0.0553925 0.0148719 0.0370929 0.00990419 0.0387284 0.0513524 0.0107367 0.0436663 0.0108268 0.0341686 0.0475922 0.0124526 0.0513424 0.0101022 0.0268132 0.0513524 0.0144387 0.0445091 0.00905947 0.0322429 0.0553925 0.0148719
0.0140311 0.0536358 0.0108553 0.0811972 0.011747 0.0641392 0.00993028 0.0284369 0.0873691 0.0140311 0.0536358 0.0108553 0.0341839 0.0811972 0.0101273 0.0629491 0.0118655 0.0301424 0.0754253 0.011747 0.0737536 0.0110722 0.0236325 0.0811972 0.0136221 0.0641392 0.00993028 0.0284369 0.0873691 0.0140311 0.0536358 0.0108553 0.0341839 0.0811972 0.0101273 0.0629491 0.0118655 0.0301424 0.0754253 0.011747 0.0737536 0.0110722 0.0236325 0.0811972 0.0136221 0.0641392 0.00993028 0.0284369 0.0873691 0.0140311
0.0129825 0.0579066 0.0106649 0.0838597 0.0108671 0.0691852 0.00975597 0.0158799 0.0902141 0.0129825 0.0579066 0.0106649 0.0191392 0.0838597 0.00936758 0.0679083 0.0116576 0.0168453 0.0779146 0.0108671 0.0794917 0.010878 0.0131682 0.0838597 0.0126036 0.0691852 0.00975597 0.0158799 0.0902141 0.0129825 0.0579066 0.0106649 0.0191392 0.0838597 0.00936758 0.0679083 0.0116576 0.0168453 0.0779146 0.0108671 0.0794917 0.010878 0.0131682 0.0838597 0.0126036 0.0691852 0.00975597 0.0158799 0.0902141 0.0129825
0.022243 0.0513547 0.0112504 0.0702167 0.0186472 0.0614404 0.010292 0.0355179 0.0756226 0.022243 0.0513547 0.0112504 0.0426331 0.0702167 0.0160916 0.0602971 0.0122968 0.0376315 0.06517 0.0186472 0.0706807 0.011475 0.0295535 0.0702167 0.0215998 0.0614404 0.010292 0.0355179 0.0756226 0.022243 0.0513547 0.0112504 0.0426331 0.0702167 0.0160916 0.0602971 0.0122968 0.0376315 0.06517 0.0186472 0.0706807 0.011475 0.0295535 0.0702167 0.0215998 0.0614404 0.010292 0.0355179 0.0756226 0.022243
0.0216035 0.139019 0.015297 0.209614 0.0181092 0.163357 0.0139988 0.0276028 0.223176 0.0216035 0.139019 0.015297 0.033187 0.209614 0.0156261 0.160642 0.0167135 0.0292597 0.196667 0.0181092 0.184905 0.0156012 0.0229359 0.209614 0.0209784 0.163357 0.0139988 0.0276028 0.223176 0.0216035 0.139019 0.015297 0.033187 0.209614 0.0156261 0.160642 0.0167135 0.0292597 0.196667 0.0181092 0.184905 0.0156012 0.0229359 0.209614 0.0209784 0.163357 0.0139988 0.0276028 0.223176 0.0216035
0.0213933 0.0298675 0.00925963 0.0249253 0.0179324 0.035893 0.00846942 0.0300824 0.0269453 0.0213933 0.0298675 0.00925963 0.0361495 0.0249253 0.0154732 0.0352073 0.0101228 0.0318833 0.0230531 0.0179324 0.0414609 0.00944492 0.0250071 0.0249253 0.0207742 0.035893 0.00846942 0.0300824 0.0269453 0.0213933 0.0298675 0.00925963 0.0361495 0.0249253 0.0154732 0.0352073 0.0101228 0.0318833 0.0230531 0.0179324 0.0414609 0.00944492 0.0250071 0.0249253 0.0207742 0.035893 0.00846942 0.0300824 0.0269453 0.0213933
0.0164175 0.0533961 0.0108803 0.0600929 0.0137502 0.0638557 0.00995321 0.0361892 0.0647736 0.0164175 0.0533961 0.0108803 0.0434329 0.0600929 0.0118577 0.0626705 0.0118928 0.0383412 0.0557302 0.0137502 0.0734309 0.0110977 0.0301156 0.0600929 0.01594 0.0638557 0.00995321 0.0361892 0.0647736 0.0164175 0.0533961 0.0108803 0.0434329 0.0600929 0.0118577 0.0626705 0.0118928 0.0383412 0.0557302 0.0137502 0.0734309 0.0110977 0.0301156 0.0600929 0.01594 0.0638557 0.00995321 0.0361892 0.0647736 0.0164175
0.0459403 0.262371 0.0221256 0.543105 0.0386652 0.30076 0.0202599 0.0350588 0.562878 0.0459403 0.262371 0.0221256 0.042086 0.543105 0.0334596 0.296571 0.0241589 0.0371461 0.523196 0.0386652 0.333215 0.0225625 0.0291691 0.543105 0.0446432 0.30076 0.0202599 0.0350588 0.562878 0.0459403 0.262371 0.0221256 0.042086 0.543105 0.0334596 0.296571 0.0241589 0.0371461 0.523196 0.0386652 0.333215 0.0225625 0.0291691 0.543105 0.0446432 0.30076 0.0202599 0.0350588 0.562878 0.0459403
0.0118034 0.0824243 0.0118728 0.0946954 0.00987823 0.0979817 0.010862 0.025632 0.10178 0.0118034 0.0824243 0.0118728 0.0308301 0.0946954 0.00851398 0.0962282 0.0129764 0.0271739 0.088056 0.00987823 0.112062 0.0121097 0.021291 0.0946954 0.0114585 0.0979817 0.010862 0.025632 0.10178 0.0118034 0.0824243 0.0118728 0.0308301 0.0946954 0.00851398 0.0962282 0.0129764 0.0271739 0.088056 0.00987823 0.112062 0.0121097 0.021291 0.0946954 0.0114585 0.0979817 0.010862 0.025632 0.10178 0.0118034
0.0165968 0.0431318 0.0102613 0.0662079 0.0139008 0.0516906 0.00938644 0.0223916 0.0713288 0.0165968 0.0431318 0.0102613 0.0269507 0.0662079 0.0119878 0.050719 0.0112169 0.0237433 0.0614303 0.0139008 0.0595577 0.0104665 0.018589 0.0662079 0.0161142 0.0516906 0.00938644 0.0223916 0.0713288 0.0165968 0.0431318 0.0102613 0.0269507 0.0662079 0.0119878 0.050719 0.0112169 0.0237433 0.0614303 0.0139008 0.0595577 0.0104665 0.018589 0.0662079 0.0161142 0.0516906 0.00938644 0.0223916 0.0713288 0.0165968
0.0143713 0.199963 0.0167298 0.336194 0.0120324 0.232094 0.0153119 0.0296307 0.354274 0.0143713 0.199963 0.0167298 0.0356101 0.336194 0.0103738 0.228549 0.0182765 0.0314054 0.31858 0.0120324 0.259893 0.017062 0.0246296 0.336194 0.0139525 0.232094 0.0153119 0.0296307 0.354274 0.0143713 0.199963 0.0167298 0.0356101 0.336194 0.0103738 0.228549 0.0182765 0.0314054 0.31858 0.0120324 0.259893 0.017062 0.0246296 0.336194 0.0139525 0.232094 0.0153119 0.0296307 0.354274 0.0143713
0.0339763 0.23621 0.0211178 0.451647 0.0285392 0.272183 0.0193354 0.0851912 0.471526 0.0339763 0.23621 0.0211178 0.101213 0.451647 0.0246619 0.268239 0.0230607 0.0899851 0.431921 0.0285392 0.30289 0.0215352 0.0715037 0.451647 0.0330053 0.272183 0.0193354 0.0851912 0.471526 0.0339763 0.23621 0.0211178 0.101213 0.451647 0.0246619 0.268239 0.0230607 0.0899851 0.431921 0.0285392 0.30289 0.0215352 0.0715037 0.451647 0.0330053 0.272183 0.0193354 0.0851912 0.471526 0.0339763
0.021338 0.0244766 0.0087177 0.0226001 0.0178858 0.0294475 0.00797336 0.0224342 0.0244364 0.021338 0.0244766 0.0087177 0.0270018 0.0226001 0.0154329 0.0288813 0.00953086 0.0237885 0.0208988 0.0178858 0.0340509 0.00889225 0.0186245 0.0226001 0.0207204 0.0294475 0.00797336 0.0224342 0.0244364 0.021338 0.0244766 0.0087177 0.0270018 0.0226001 0.0154329 0.0288813 0.00953086 0.0237885 0.0208988 0.0178858 0.0340509 0.00889225 0.0186245 0.0226001 0.0207204 0.0294475 0.00797336 0.0224342 0.0244364 0.021338
0.0152154 0.0649141 0.0115171 0.0700747 0.0127409 0.0774454 0.0105363 0.0489918 0.0754706 0.0152154 0.0649141 0.0115171 0.0586421 0.0700747 0.0109857 0.0760284 0.0125881 0.0518641 0.0650375 0.0127409 0.0888649 0.011747 0.0408606 0.0700747 0.0147724 0.0774454 0.0105363 0.0489918 0.0754706 0.0152154 0.0649141 0.0115171 0.0586421 0.0700747 0.0109857 0.0760284 0.0125881 0.0518641 0.0650375 0.0127409 0.0888649 0.011747 0.0408606 0.0700747 0.0147724 0.0774454 0.0105363 0.0489918 0.0754706 0.0152154
0.00849782 0.0111644 0.00596936 0.00776479 0.00710792 0.0134691 0.00545839 0.0131014 0.00840606 0.00849782 0.0111644 0.00596936 0.0157995 0.00776479 0.00612391 0.0132059 0.00652785 0.0139003 0.00717209 0.00710792 0.0156148 0.00608921 0.0108589 0.00776479 0.00824874 0.0134691 0.00545839 0.0131014 0.00840606 0.00849782 0.0111644 0.00596936 0.0157995 0.00776479 0.00612391 0.0132059 0.00652785 0.0139003 0.00717209 0.00710792 0.0156148 0.00608921 0.0108589 0.00776479 0.00824874 0.0134691 0.00545839 0.0131014 0.00840606 0.00849782
0.00981246 0.0326409 0.00889605 0.0449836 0.00820932 0.0392032 0.00813661 0.0231688 0.0485483 0.00981246 0.0326409 0.00889605 0.0278817 0.0449836 0.00707392 0.0384568 0.00972568 0.0245663 0.0416693 0.00820932 0.0452604 0.00907413 0.0192368 0.0449836 0.00952522 0.0392032 0.00813661 0.0231688 0.0485483 0.00981246 0.0326409 0.00889605 0.0278817 0.0449836 0.00707392 0.0384568 0.00972568 0.0245663 0.0416693 0.00820932 0.0452604 0.00907413 0.0192368 0.0449836 0.00952522 0.0392032 0.00813661 0.0231688 0.0485483 0.00981246
0.0147931 0.291283 0.0195208 0.537922 0.0123864 0.331998 0.0178707 0.0202435 0.557736 0.0147931 0.291283 0.0195208 0.0243761 0.537922 0.0106795 0.327578 0.02132 0.0214684 0.517987 0.0123864 0.366059 0.0199073 0.0167994 0.537922 0.0143622 0.331998 0.0178707 0.0202435 0.557736 0.0147931 0.291283 0.0195208 0.0243761 0.537922 0.0106795 0.327578 0.02132 0.0214684 0.517987 0.0123864 0.366059 0.0199073 0.0167994 0.537922 0.0143622 0.331998 0.0178707 0.0202435 0.557736 0.0147931
0.0174945 0.0595408 0.0113314 0.0841026 0.0146548 0.0711137 0.0103662 0.0204131 0.0904735 0.0174945 0.0595408 0.0113314 0.0245796 0.0841026 0.0126393 0.0698038 0.0123853 0.0216481 0.0781417 0.0146548 0.0816822 0.0115577 0.0169407 0.0841026 0.0169862 0.0711137 0.0103662 0.0204131 0.0904735 0.0174945 0.0595408 0.0113314 0.0245796 0.0841026 0.0126393 0.0698038 0.0123853 0.0216481 0.0781417 0.0146548 0.0816822 0.0115577 0.0169407 0.0841026 0.0169862 0.0711137 0.0103662 0.0204131 0.0904735 0.0174945
0.0107918 0.0203461 0.00757893 0.0131342 0.00903011 0.0244992 0.00693114 0.0394579 0.0142125 0.0107918 0.0203461 0.00757893 0.0473237 0.0131342 0.00778208 0.0240257 0.00828675 0.0417958 0.0121366 0.00903011 0.0283516 0.00773085 0.0328544 0.0131342 0.0104762 0.0244992 0.00693114 0.0394579 0.0142125 0.0107918 0.0203461 0.00757893 0.0473237 0.0131342 0.00778208 0.0240257 0.00828675 0.0417958 0.0121366 0.00903011 0.0283516 0.00773085 0.0328544 0.0131342 0.0104762 0.0244992 0.00693114 0.0394579 0.0142125 0.0107918
0.0117937 0.0341084 0.00881104 0.0282939 0.00987011 0.0409533 0.0080588 0.0238021 0.0305784 0.0117937 0.0341084 0.00881104 0.0286401 0.0282939 0.00850698 0.040175 0.00963283 0.0252368 0.0261755 0.00987011 0.0472677 0.00898744 0.0197648 0.0282939 0.0114491 0.0409533 0.0080588 0.0238021 0.0305784 0.0117937 0.0341084 0.00881104 0.0286401 0.0282939 0.00850698 0.040175 0.00963283 0.0252368 0.0261755 0.00987011 0.0472677 0.00898744 0.0197648 0.0282939 0.0114491 0.0409533 0.0080588 0.0238021 0.0305784 0.0117937
0.0292872 0.136776 0.0159909 0.219994 0.0245813 0.160794 0.0146347 0.0340814 0.234029 0.0292872 0.136776 0.0159909 0.0409211 0.219994 0.02123 0.158114 0.0174705 0.0361128 0.206574 0.0245813 0.182078 0.0163087 0.0283511 0.219994 0.0284462 0.160794 0.0146347 0.0340814 0.234029 0.0292872 0.136776 0.0159909 0.0409211 0.219994 0.02123 0.158114 0.0174705 0.0361128 0.206574 0.0245813 0.182078 0.0163087 0.0283511 0.219994 0.0284462 0.160794 0.0146347 0.0340814 0.234029 0.0292872
0.0206821 0.0888663 0.0128384 0.113669 0.0173342 0.1055 0.0117464 0.0223801 0.121981 0.0206821 0.0888663 0.0128384 0.026937 0.113669 0.0149558 0.103627 0.0140305 0.0237312 0.105854 0.0173342 0.120516 0.0130943 0.0185794 0.113669 0.0200831 0.1055 0.0117464 0.0223801 0.121981 0.0206821 0.0888663 0.0128384 0.026937 0.113669 0.0149558 0.103627 0.0140305 0.0237312 0.105854 0.0173342 0.120516 0.0130943 0.0185794 0.113669 0.0200831 0.1055 0.0117464 0.0223801 0.121981 0.0206821
0.0155413 0.035679 0.00933862 0.0339061 0.0130145 0.0428251 0.00854173 0.0283881 0.0366266 0.0155413 0.035679 0.00933862 0.0341256 0.0339061 0.011222 0.0420127 0.0102091 0.0300907 0.0313811 0.0130145 0.0494132 0.00952548 0.0235917 0.0339061 0.0150889 0.0428251 0.00854173 0.0283881 0.0366266 0.0155413 0.035679 0.00933862 0.0341256 0.0339061 0.011222 0.0420127 0.0102091 0.0300907 0.0313811 0.0130145 0.0494132 0.00952548 0.0235917 0.0339061 0.0150889 0.0428251 0.00854173 0.0283881 0.0366266 0.0155413
0.0131034 0.0384415 0.00940456 0.0442661 0.0109685 0.0461144 0.00860209 0.0164936 0.0477767 0.0131034 0.0384415 0.00940456 0.0198762 0.0442661 0.00945516 0.0452426 0.0102811 0.0174956 0.0410023 0.0109685 0.0531804 0.00959272 0.0136785 0.0442661 0.0127211 0.0461144 0.00860209 0.0164936 0.0477767 0.0131034 0.0384415 0.00940456 0.0198762 0.0442661 0.00945516 0.0452426 0.0102811 0.0174956 0.0410023 0.0109685 0.0531804 0.00959272 0.0136785 0.0442661 0.0127211 0.0461144 0.00860209 0.0164936 0.0477767 0.0131034
0.0471317 0.059433 0.0128823 0.0587052 0.0396758 0.0709865 0.0117866 0.0400724 0.0632851 0.0471317 0.059433 0.0128823 0.0480546 0.0587052 0.034339 0.0696788 0.0140784 0.0424451 0.0544374 0.0396758 0.0815379 0.0131391 0.0333696 0.0587052 0.0458026 0.0709865 0.0117866 0.0400724 0.0632851 0.0471317 0.059433 0.0128823 0.0480546 0.0587052 0.034339 0.0696788 0.0140784 0.0424451 0.0544374 0.0396758 0.0815379 0.0131391 0.0333696 0.0587052 0.0458026 0.0709865 0.0117866 0.0400724 0.0632851 0.0471317
0.0187854 0.135047 0.0151678 0.213213 0.0157396 0.158818 0.0138804 0.0394219 0.226941 0.0187854 0.135047 0.0151678 0.0472809 0.213213 0.013577 0.156164 0.0165725 0.0417578 0.200101 0.0157396 0.179896 0.0154694 0.0328242 0.213213 0.0182404 0.158818 0.0138804 0.0394219 0.226941 0.0187854 0.135047 0.0151678 0.0472809 0.213213 0.013577 0.156164 0.0165725 0.0417578 0.200101 0.0157396 0.179896 0.0154694 0.0328242 0.213213 0.0182404 0.158818 0.0138804 0.0394219 0.226941 0.0187854
0.0146539 0.0592971 0.0111901 0.08924 0.0122696 0.0708262 0.0102368 0.0222169 0.0959593 0.0146539 0.0592971 0.0111901 0.0267414 0.08924 0.0105786 0.0695213 0.012231 0.0235583 0.082948 0.0122696 0.0813558 0.0114135 0.0184433 0.08924 0.014227 0.0708262 0.0102368 0.0222169 0.0959593 0.0146539 0.0592971 0.0111901 0.0267414 0.08924 0.0105786 0.0695213 0.012231 0.0235583 0.082948 0.0122696 0.0813558 0.0114135 0.0184433 0.08924 0.014227 0.0708262 0.0102368 0.0222169 0.0959593 0.0146539
0.00953487 0.0121321 0.0061381 0.0075013 0.00797672 0.0146336 0.00561276 0.0127523 0.00812099 0.00953487 0.0121321 0.0061381 0.0153796 0.0075013 0.00687327 0.014348 0.00671227 0.0135302 0.00692857 0.00797672 0.0169617 0.00626132 0.0105689 0.0075013 0.00925568 0.0146336 0.00561276 0.0127523 0.00812099 0.00953487 0.0121321 0.0061381 0.0153796 0.0075013 0.00687327 0.014348 0.00671227 0.0135302 0.00692857 0.00797672 0.0169617 0.00626132 0.0105689 0.0075013 0.00925568 0.0146336 0.00561276 0.0127523 0.00812099 0.00953487
0.00724139 0.0880145 0.0111168 0.110374 0.00605574 0.104507 0.0101697 0.0151426 0.118478 0.00724139 0.0880145 0.0111168 0.0182534 0.110374 0.00521662 0.10265 0.012151 0.016064 0.10276 0.00605574 0.1194 0.0113388 0.0125552 0.110374 0.00702888 0.104507 0.0101697 0.0151426 0.118478 0.00724139 0.0880145 0.0111168 0.0182534 0.110374 0.00521662 0.10265 0.012151 0.016064 0.10276 0.00605574 0.1194 0.0113388 0.0125552 0.110374 0.00702888 0.104507 0.0101697 0.0151426 0.118478 0.00724139
0.0390747 0.214761 0.0198521 0.31744 0.0328493 0.248531 0.0181745 0.0681082 0.335021 0.0390747 0.214761 0.0198521 0.0812026 0.31744 0.0284036 0.244815 0.0216812 0.0720165 0.300365 0.0328493 0.277587 0.0202451 0.0569944 0.31744 0.0379637 0.248531 0.0181745 0.0681082 0.335021 0.0390747 0.214761 0.0198521 0.0812026 0.31744 0.0284036 0.244815 0.0216812 0.0720165 0.300365 0.0328493 0.277587 0.0202451 0.0569944 0.31744 0.0379637 0.248531 0.0181745 0.0681082 0.335021 0.0390747
0.0258822 0.0468524 0.0113252 0.0554153 0.0217112 0.0561062 0.0103606 0.0470751 0.0597549 0.0258822 0.0468524 0.0113252 0.0563702 0.0554153 0.0187437 0.0550564 0.0123786 0.0498409 0.0513737 0.0217112 0.0645996 0.0115514 0.0392489 0.0554153 0.0251365 0.0561062 0.0103606 0.0470751 0.0597549 0.0258822 0.0468524 0.0113252 0.0563702 0.0554153 0.0187437 0.0550564 0.0123786 0.0498409 0.0513737 0.0217112 0.0645996 0.0115514 0.0392489 0.0554153 0.0251365 0.0561062 0.0103606 0.0470751 0.0597549 0.0258822
0.102377 0.228581 0.0239416 0.41327 0.0869793 0.263794 0.0219262 0.100418 0.432794 0.102377 0.228581 0.0239416 0.118932 0.41327 0.0757819 0.259928 0.0261374 0.10597 0.394016 0.0869793 0.293937 0.0244135 0.0845104 0.41327 0.0996527 0.263794 0.0219262 0.100418 0.432794 0.102377 0.228581 0.0239416 0.118932 0.41327 0.0757819 0.259928 0.0261374 0.10597 0.394016 0.0869793 0.293937 0.0244135 0.0845104 0.41327 0.0996527 0.263794 0.0219262 0.100418 0.432794 0.102377
0.0172672 0.0313245 0.00954776 0.0325347 0.0144639 0.0376325 0.00873317 0.0556087 0.0351492 0.0172672 0.0313245 0.00954776 0.0664714 0.0325347 0.0124743 0.0369148 0.0104375 0.058845 0.0301086 0.0144639 0.0434581 0.00973876 0.046433 0.0325347 0.0167654 0.0376325 0.00873317 0.0556087 0.0351492 0.0172672 0.0313245 0.00954776 0.0664714 0.0325347 0.0124743 0.0369148 0.0104375 0.058845 0.0301086 0.0144639 0.0434581 0.00973876 0.046433 0.0325347 0.0167654 0.0376325 0.00873317 0.0556087 0.0351492 0.0172672
0.00880287 0.0339685 0.00872684 0.0417843 0.00736346 0.0407865 0.00798172 0.0179813 0.0451075 0.00880287 0.0339685 0.00872684 0.0216624 0.0417843 0.00634429 0.0400112 0.00954084 0.019072 0.0386961 0.00736346 0.0470764 0.00890156 0.0149162 0.0417843 0.00854493 0.0407865 0.00798172 0.0179813 0.0451075 0.00880287 0.0339685 0.00872684 0.0216624 0.0417843 0.00634429 0.0400112 0.00954084 0.019072 0.0386961 0.00736346 0.0470764 0.00890156 0.0149162 0.0417843 0.00854493 0.0407865 0.00798172 0.0179813 0.0451075 0.00880287
0.0110547 0.0427872 0.00927905 0.0441553 0.00925052 0.0512812 0.00848719 0.012742 0.0476576 0.0110547 0.0427872 0.00927905 0.0153673 0.0441553 0.00797227 0.0503169 0.010144 0.0135193 0.0408994 0.00925052 0.0590899 0.00946473 0.0105604 0.0441553 0.0107315 0.0512812 0.00848719 0.012742 0.0476576 0.0110547 0.0427872 0.00927905 0.0153673 0.0441553 0.00797227 0.0503169 0.010144 0.0135193 0.0408994 0.00925052 0.0590899 0.00946473 0.0105604 0.0441553 0.0107315 0.0512812 0.00848719 0.012742 0.0476576 0.0110547
0.0195328 0.0940822 0.013073 0.121134 0.0163678 0.111572 0.0119612 0.0191472 0.129912 0.0195328 0.0940822 0.013073 0.0230613 0.121134 0.0141201 0.109605 0.0142865 0.0203071 0.112872 0.0163678 0.12733 0.0133335 0.0158866 0.121134 0.0189665 0.111572 0.0119612 0.0191472 0.129912 0.0195328 0.0940822 0.013073 0.0230613 0.121134 0.0141201 0.109605 0.0142865 0.0203071 0.112872 0.0163678 0.12733 0.0133335 0.0158866 0.121134 0.0189665 0.111572 0.0119612 0.0191472 0.129912 0.0195328
0.00618705 0.0170536 0.00654972 0.0156166 0.00517313 0.0205487 0.00598937 0.0146896 0.0168953 0.00618705 0.0170536 0.00654972 0.0177089 0.0156166 0.00445577 0.02015 0.00716212 0.0155838 0.0144333 0.00517313 0.023795 0.00668115 0.0121786 0.0156166 0.00600529 0.0205487 0.00598937 0.0146896 0.0168953 0.00618705 0.0170536 0.00654972 0.0177089 0.0156166 0.00445577 0.02015 0.00716212 0.0155838 0.0144333 0.00517313 0.023795 0.00668115 0.0121786 0.0156166 0.00600529 0.0205487 0.00598937 0.0146896 0.0168953 0.00618705
0.0148688 0.0255915 0.00834743 0.0256494 0.01245 0.0307816 0.00763447 0.0139223 0.0277264 0.0148688 0.0255915 0.00834743 0.0167866 0.0256494 0.0107344 0.0301905 0.00912637 0.0147705 0.0237241 0.01245 0.0355859 0.00851463 0.011541 0.0256494 0.0144357 0.0307816 0.00763447 0.0139223 0.0277264 0.0148688 0.0255915 0.00834743 0.0167866 0.0256494 0.0107344 0.0301905 0.00912637 0.0147705 0.0237241 0.01245 0.0355859 0.00851463 0.011541 0.0256494 0.0144357 0.0307816 0.00763447 0.0139223 0.0277264 0.0148688
0.0186392 0.0937433 0.013204 0.142287 0.0156168 0.111178 0.0120812 0.0281314 0.152332 0.0186392 0.0937433 0.013204 0.0338188 0.142287 0.0134708 0.109217 0.0144295 0.0298191 0.1328 0.0156168 0.126888 0.0134671 0.0233773 0.142287 0.0180983 0.111178 0.0120812 0.0281314 0.152332 0.0186392 0.0937433 0.013204 0.0338188 0.142287 0.0134708 0.109217 0.0144295 0.0298191 0.1328 0.0156168 0.126888 0.0134671 0.0233773 0.142287 0.0180983 0.111178 0.0120812 0.0281314 0.152332 0.0186392
0.0261088 0.0450437 0.010701 0.0437787 0.0219021 0.0539604 0.00978898 0.0302014 0.0472526 0.0261088 0.0450437 0.010701 0.0362917 0.0437787 0.018909 0.0529485 0.011697 0.0320092 0.0405493 0.0219021 0.0621503 0.0109148 0.0251066 0.0437787 0.0253567 0.0539604 0.00978898 0.0302014 0.0472526 0.0261088 0.0450437 0.010701 0.0362917 0.0437787 0.018909 0.0529485 0.011697 0.0320092 0.0405493 0.0219021 0.0621503 0.0109148 0.0251066 0.0437787 0.0253567 0.0539604 0.00978898 0.0302014 0.0472526 0.0261088
0.0107731 0.0094275 0.00568241 0.00591306 0.00901444 0.0113778 0.00519588 0.0090148 0.00640238 0.0107731 0.0094275 0.00568241 0.0108806 0.00591306 0.00776855 0.011155 0.00621422 0.00956691 0.00546092 0.00901444 0.0131948 0.00579654 0.00746652 0.00591306 0.010458 0.0113778 0.00519588 0.0090148 0.00640238 0.0107731 0.0094275 0.00568241 0.0108806 0.00591306 0.00776855 0.011155 0.00621422 0.00956691 0.00546092 0.00901444 0.0131948 0.00579654 0.00746652 0.00591306 0.010458 0.0113778 0.00519588 0.0090148 0.00640238 0.0107731
0.0229704 0.37718 0.0235986 0.597528 0.0192594 0.42274 0.0216114 0.0445968 0.616608 0.0229704 0.37718 0.0235986 0.0534301 0.597528 0.0166213 0.417867 0.0257638 0.0472243 0.578148 0.0192594 0.459704 0.0240639 0.0371666 0.597528 0.0223067 0.42274 0.0216114 0.0445968 0.616608 0.0229704 0.37718 0.0235986 0.0534301 0.597528 0.0166213 0.417867 0.0257638 0.0472243 0.578148 0.0192594 0.459704 0.0240639 0.0371666 0.597528 0.0223067 0.42274 0.0216114 0.0445968 0.616608 0.0229704
0.0069423 0.0342243 0.0082944 0.0381125 0.00580534 0.0410915 0.00758593 0.0117791 0.0411562 0.0069423 0.0342243 0.0082944 0.0142088 0.0381125 0.00500075 0.0403106 0.00906843 0.0124983 0.0352857 0.00580534 0.0474261 0.00846054 0.0097607 0.0381125 0.00673851 0.0410915 0.00758593 0.0117791 0.0411562 0.0069423 0.0342243 0.0082944 0.0142088 0.0381125 0.00500075 0.0403106 0.00906843 0.0124983 0.0352857 0.00580534 0.0474261 0.00846054 0.0097607 0.0381125 0.00673851 0.0410915 0.00758593 0.0117791 0.0411562 0.0069423
0.0349769 0.195955 0.0197033 0.364774 0.0293845 0.227625 0.018038 0.0725517 0.383504 0.0349769 0.195955 0.0197033 0.0864212 0.364774 0.0253954 0.224128 0.0215189 0.076694 0.346445 0.0293845 0.255067 0.0200933 0.0607601 0.364774 0.0339783 0.227625 0.018038 0.0725517 0.383504 0.0349769 0.195955 0.0197033 0.0864212 0.364774 0.0253954 0.224128 0.0215189 0.076694 0.346445 0.0293845 0.255067 0.0200933 0.0607601 0.364774 0.0339783 0.227625 0.018038 0.0725517 0.383504 0.0349769
0.00786104 0.0253345 0.00741313 0.0203144 0.00657461 0.0304742 0.00677942 0.0108738 0.0219691 0.00786104 0.0253345 0.00741313 0.0131193 0.0203144 0.00566401 0.0298888 0.0081056 0.0115384 0.0187819 0.00657461 0.0352322 0.00756176 0.00900912 0.0203144 0.00763049 0.0304742 0.00677942 0.0108738 0.0219691 0.00786104 0.0253345 0.00741313 0.0131193 0.0203144 0.00566401 0.0298888 0.0081056 0.0115384 0.0187819 0.00657461 0.0352322 0.00756176 0.00900912 0.0203144 0.00763049 0.0304742 0.00677942 0.0108738 0.0219691 0.00786104
0.0117321 0.024461 0.00803385 0.0217144 0.00981844 0.0294288 0.00734747 0.0286431 0.0234804 0.0117321 0.024461 0.00803385 0.0344303 0.0217144 0.00846238 0.0288629 0.00878379 0.0303605 0.0200784 0.00981844 0.0340293 0.00819481 0.0238046 0.0217144 0.0113893 0.0294288 0.00734747 0.0286431 0.0234804 0.0117321 0.024461 0.00803385 0.0344303 0.0217144 0.00846238 0.0288629 0.00878379 0.0303605 0.0200784 0.00981844 0.0340293 0.00819481 0.0238046 0.0217144 0.0113893 0.0294288 0.00734747 0.0286431 0.0234804 0.0117321
0.0191022 0.0432836 0.0103674 0.0428921 0.0160059 0.0518709 0.00948354 0.0340493 0.046299 0.0191022 0.0432836 0.0103674 0.0408829 0.0428921 0.0138072 0.0508961 0.0113327 0.0360789 0.0397254 0.0160059 0.0597637 0.0105746 0.0283243 0.0428921 0.0185481 0.0518709 0.00948354 0.0340493 0.046299 0.0191022 0.0432836 0.0103674 0.0408829 0.0428921 0.0138072 0.0508961 0.0113327 0.0360789 0.0397254 0.0160059 0.0597637 0.0105746 0.0283243 0.0428921 0.0185481 0.0518709 0.00948354 0.0340493 0.046299 0.0191022
0.0351448 0.0809124 0.0141722 0.116632 0.0295263 0.0962143 0.0129683 0.0670208 0.125131 0.0351448 0.0809124 0.0141722 0.079924 0.116632 0.0255185 0.0944891 0.0154862 0.0708714 0.108639 0.0295263 0.110071 0.0144544 0.0560738 0.116632 0.0341415 0.0962143 0.0129683 0.0670208 0.125131 0.0351448 0.0809124 0.0141722 0.079924 0.116632 0.0255185 0.0944891 0.0154862 0.0708714 0.108639 0.0295263 0.110071 0.0144544 0.0560738 0.116632 0.0341415 0.0962143 0.0129683 0.0670208 0.125131 0.0351448
0.00994605 0.0304557 0.00879922 0.0448555 0.00832127 0.0365953 0.00804797 0.0309118 0.0484106 0.00994605 0.0304557 0.00879922 0.0371399 0.0448555 0.0071705 0.0358966 0.0096199 0.0327607 0.0415502 0.00832127 0.0422673 0.00897538 0.0257003 0.0448555 0.00965494 0.0365953 0.00804797 0.0309118 0.0484106 0.00994605 0.0304557 0.00879922 0.0371399 0.0448555 0.0071705 0.0358966 0.0096199 0.0327607 0.0415502 0.00832127 0.0422673 0.00897538 0.0257003 0.0448555 0.00965494 0.0365953 0.00804797 0.0309118 0.0484106 0.00994605
0.00846551 0.062745 0.00990829 0.0628378 0.00708087 0.0748911 0.00906322 0.0110558 0.0677169 0.00846551 0.062745 0.00990829 0.0133384 0.0628378 0.00610057 0.0735172 0.0108313 0.0117315 0.0582882 0.00708087 0.0859691 0.0101064 0.00916025 0.0628378 0.00821738 0.0748911 0.00906322 0.0110558 0.0677169 0.00846551 0.062745 0.00990829 0.0133384 0.0628378 0.00610057 0.0735172 0.0108313 0.0117315 0.0582882 0.00708087 0.0859691 0.0101064 0.00916025 0.0628378 0.00821738 0.0748911 0.00906322 0.0110558 0.0677169 0.00846551
0.0132226 0.0792617 0.0118986 0.15307 0.0110686 0.0942835 0.0108856 0.0111073 0.163732 0.0132226 0.0792617 0.0118986 0.0134004 0.15307 0.00954153 0.0925894 0.0130046 0.0117861 0.142984 0.0110686 0.107895 0.012136 0.00920299 0.15307 0.0128369 0.0942835 0.0108856 0.0111073 0.163732 0.0132226 0.0792617 0.0118986 0.0134004 0.15307 0.00954153 0.0925894 0.0130046 0.0117861 0.142984 0.0110686 0.107895 0.012136 0.00920299 0.15307 0.0128369 0.0942835 0.0108856 0.0111073 0.163732 0.0132226
0.00961032 0.0271411 0.00818351 0.0258103 0.00803994 0.032635 0.00748443 0.0220718 0.0279 0.00961032 0.0271411 0.00818351 0.0265677 0.0258103 0.0069278 0.0320095 0.00894729 0.0234047 0.0238733 0.00803994 0.0377173 0.00834745 0.0183225 0.0258103 0.00932894 0.032635 0.00748443 0.0220718 0.0279 0.00961032 0.0271411 0.00818351 0.0265677 0.0258103 0.0069278 0.0320095 0.00894729 0.0234047 0.0238733 0.00803994 0.0377173 0.00834745 0.0183225 0.0258103 0.00932894 0.032635 0.00748443 0.0220718 0.0279 0.00961032
0.0111228 0.0187246 0.00718123 0.0158587 0.00930764 0.0225543 0.00656721 0.0133756 0.0171569 0.0111228 0.0187246 0.00718123 0.0161292 0.0158587 0.00802156 0.0221176 0.00785221 0.0141909 0.0146573 0.00930764 0.0261091 0.00732524 0.0110867 0.0158587 0.0107977 0.0225543 0.00656721 0.0133756 0.0171569 0.0111228 0.0187246 0.00718123 0.0161292 0.0158587 0.00802156 0.0221176 0.00785221 0.0141909 0.0146573 0.00930764 0.0261091 0.00732524 0.0110867 0.0158587 0.0107977 0.0225543 0.00656721 0.0133756 0.0171569 0.0111228
0.0431425 0.0546636 0.0124128 0.0553563 0.0362936 0.0653544 0.0113566 0.0465685 0.0596915 0.0431425 0.0546636 0.0124128 0.0557695 0.0553563 0.0313969 0.0641433 0.013566 0.0493062 0.0513187 0.0362936 0.0751363 0.0126604 0.0388231 0.0553563 0.0419209 0.0653544 0.0113566 0.0465685 0.0596915 0.0431425 0.0546636 0.0124128 0.0557695 0.0553563 0.0313969 0.0641433 0.013566 0.0493062 0.0513187 0.0362936 0.0751363 0.0126604 0.0388231 0.0553563 0.0419209 0.0653544 0.0113566 0.0465685 0.0596915 0.0431425
0.0246582 0.0951687 0.013965 0.131038 0.0206803 0.112836 0.0127784 0.0343738 0.140419 0.0246582 0.0951687 0.013965 0.0412697 0.131038 0.0178511 0.110849 0.0152601 0.036422 0.122194 0.0206803 0.128745 0.0142431 0.0285958 0.131038 0.0239469 0.112836 0.0127784 0.0343738 0.140419 0.0246582 0.0951687 0.013965 0.0412697 0.131038 0.0178511 0.110849 0.0152601 0.036422 0.122194 0.0206803 0.128745 0.0142431 0.0285958 0.131038 0.0239469 0.112836 0.0127784 0.0343738 0.140419 0.0246582
0.00681264 0.0521225 0.0094707 0.0501663 0.00569679 0.062349 0.00866263 0.023539 0.0541184 0.00681264 0.0521225 0.0094707 0.028325 0.0501663 0.00490716 0.06119 0.0103534 0.0249582 0.0464886 0.00569679 0.0717156 0.00966018 0.0195454 0.0501663 0.00661262 0.062349 0.00866263 0.023539 0.0541184 0.00681264 0.0521225 0.0094707 0.028325 0.0501663 0.00490716 0.06119 0.0103534 0.0249582 0.0464886 0.00569679 0.0717156 0.00966018 0.0195454 0.0501663 0.00661262 0.062349 0.00866263 0.023539 0.0541184 0.00681264
0.0292039 0.271087 0.0212287 0.490737 0.0245111 0.310215 0.0194371 0.0530238 0.510734 0.0292039 0.271087 0.0212287 0.0634154 0.490737 0.0211691 0.305952 0.0231815 0.0561186 0.47077 0.0245111 0.343189 0.0216483 0.0442546 0.490737 0.0283653 0.310215 0.0194371 0.0530238 0.510734 0.0292039 0.271087 0.0212287 0.0634154 0.490737 0.0211691 0.305952 0.0231815 0.0561186 0.47077 0.0245111 0.343189 0.0216483 0.0442546 0.490737 0.0283653 0.310215 0.0194371 0.0530238 0.510734 0.0292039
0.0114354 0.039573 0.0091672 0.0449975 0.00956966 0.0474606 0.00838481 0.0146703 0.0485633 0.0114354 0.039573 0.0091672 0.0176858 0.0449975 0.00824768 0.0465646 0.0100219 0.0155634 0.0416822 0.00956966 0.054721 0.00935066 0.0121626 0.0449975 0.0111012 0.0474606 0.00838481 0.0146703 0.0485633 0.0114354 0.039573 0.0091672 0.0176858 0.0449975 0.00824768 0.0465646 0.0100219 0.0155634 0.0416822 0.00956966 0.054721 0.00935066 0.0121626 0.0449975 0.0111012 0.0474606 0.00838481 0.0146703 0.0485633 0.0114354
0.00859215 0.0165587 0.00672762 0.0173538 0.00718694 0.0199545 0.00615214 0.00739585 0.018772 0.00859215 0.0165587 0.00672762 0.0089296 0.0173538 0.00619205 0.0195671 0.00735653 0.00784959 0.016041 0.00718694 0.0231092 0.00686259 0.0061239 0.0173538 0.00834033 0.0199545 0.00615214 0.00739585 0.018772 0.00859215 0.0165587 0.00672762 0.0089296 0.0173538 0.00619205 0.0195671 0.00735653 0.00784959 0.016041 0.00718694 0.0231092 0.00686259 0.0061239 0.0173538 0.00834033 0.0199545 0.00615214 0.00739585 0.018772 0.00859215
0.0207564 0.172152 0.017071 0.293971 0.0173966 0.200936 0.0156247 0.0415127 0.310845 0.0207564 0.172152 0.017071 0.0497669 0.293971 0.0150098 0.197744 0.0186487 0.0439669 0.277645 0.0173966 0.226102 0.0174099 0.0345777 0.293971 0.0201553 0.200936 0.0156247 0.0415127 0.310845 0.0207564 0.172152 0.017071 0.0497669 0.293971 0.0150098 0.197744 0.0186487 0.0439669 0.277645 0.0173966 0.226102 0.0174099 0.0345777 0.293971 0.0201553 0.200936 0.0156247 0.0415127 0.310845 0.0207564
0.0216105 0.0311698 0.0097134 0.0296991 0.0181151 0.0374478 0.0088848 0.0471314 0.0320933 0.0216105 0.0311698 0.0097134 0.056437 0.0296991 0.0156312 0.0367336 0.0106184 0.0499004 0.0274785 0.0181151 0.0432461 0.00990768 0.0392962 0.0296991 0.0209852 0.0374478 0.0088848 0.0471314 0.0320933 0.0216105 0.0311698 0.0097134 0.056437 0.0296991 0.0156312 0.0367336 0.0106184 0.0499004 0.0274785 0.0181151 0.0432461 0.00990768 0.0392962 0.0296991 0.0209852 0.0374478 0.0088848 0.0471314 0.0320933 0.0216105
0.0445203 0.175254 0.0183733 0.260552 0.0374612 0.204429 0.0168186 0.036882 0.276258 0.0445203 0.175254 0.0183733 0.0442579 0.260552 0.0324123 0.201195 0.0200689 0.0390735 0.245437 0.0374612 0.229906 0.0187376 0.0306958 0.260552 0.0432615 0.204429 0.0168186 0.036882 0.276258 0.0445203 0.175254 0.0183733 0.0442579 0.260552 0.0324123 0.201195 0.0200689 0.0390735 0.245437 0.0374612 0.229906 0.0187376 0.0306958 0.260552 0.0432615 0.204429 0.0168186 0.036882 0.276258 0.0445203
0.0122707 0.046386 0.00960081 0.0461809 0.0102701 0.0555531 0.00878174 0.0170514 0.0498355 0.0122707 0.046386 0.00960081 0.0205461 0.0461809 0.00885225 0.054513 0.0104955 0.0180868 0.0427822 0.0102701 0.0639684 0.00979286 0.0141426 0.0461809 0.0119124 0.0555531 0.00878174 0.0170514 0.0498355 0.0122707 0.046386 0.00960081 0.0205461 0.0461809 0.00885225 0.054513 0.0104955 0.0180868 0.0427822 0.0102701 0.0639684 0.00979286 0.0141426 0.0461809 0.0119124 0.0555531 0.00878174 0.0170514 0.0498355 0.0122707
0.0346102 0.434756 0.0258739 0.663449 0.0290746 0.48189 0.0236997 0.0342764 0.681072 0.0346102 0.434756 0.0258739 0.0411536 0.663449 0.0251265 0.476898 0.0282417 0.036319 0.645359 0.0290746 0.519372 0.0263828 0.0285143 0.663449 0.0336217 0.48189 0.0236997 0.0342764 0.681072 0.0346102 0.434756 0.0258739 0.0411536 0.663449 0.0251265 0.476898 0.0282417 0.036319 0.645359 0.0290746 0.519372 0.0263828 0.0285143 0.663449 0.0336217 0.48189 0.0236997 0.0342764 0.681072 0.0346102
0.0215285 0.0225137 0.00856483 0.0194312 0.0180461 0.0270971 0.00783344 0.0353003 0.0210155 0.0215285 0.0225137 0.00856483 0.0423739 0.0194312 0.0155716 0.0265748 0.00936387 0.0374015 0.0179641 0.0180461 0.0313449 0.00873634 0.0293713 0.0194312 0.0209055 0.0270971 0.00783344 0.0353003 0.0210155 0.0215285 0.0225137 0.00856483 0.0423739 0.0194312 0.0155716 0.0265748 0.00936387 0.0374015 0.0179641 0.0180461 0.0313449 0.00873634 0.0293713 0.0194312 0.0209055 0.0270971 0.00783344 0.0353003 0.0210155 0.0215285
0.00891173 0.0122312 0.0064132 0.0105509 0.00745465 0.0147528 0.00586446 0.0242983 0.0114196 0.00891173 0.0122312 0.0064132 0.0292341 0.0105509 0.00642294 0.0144649 0.00701292 0.0257621 0.00974762 0.00745465 0.0170995 0.00654191 0.0201786 0.0105509 0.00865063 0.0147528 0.00586446 0.0242983 0.0114196 0.00891173 0.0122312 0.0064132 0.0292341 0.0105509 0.00642294 0.0144649 0.00701292 0.0257621 0.00974762 0.00745465 0.0170995 0.00654191 0.0201786 0.0105509 0.00865063 0.0147528 0.00586446 0.0242983 0.0114196 0.00891173
0.0161921 0.0371599 0.00972897 0.0408041 0.013561 0.0445889 0.00889907 0.0264365 0.0440529 0.0161921 0.0371599 0.00972897 0.0317925 0.0408041 0.0116941 0.0437446 0.0106354 0.0280255 0.0377855 0.013561 0.0514338 0.00992356 0.0219624 0.0408041 0.0157211 0.0445889 0.00889907 0.0264365 0.0440529 0.0161921 0.0371599 0.00972897 0.0317925 0.0408041 0.0116941 0.0437446 0.0106354 0.0280255 0.0377855 0.013561 0.0514338 0.00992356 0.0219624 0.0408041 0.0157211 0.0445889 0.00889907 0.0264365 0.0440529 0.0161921
0.0142378 0.0800725 0.0121723 0.125153 0.0119203 0.095232 0.0111363 0.0211037 0.134178 0.0142378 0.0800725 0.0121723 0.0254074 0.125153 0.010277 0.0935226 0.0133034 0.0223795 0.116653 0.0119203 0.108964 0.0124151 0.0175159 0.125153 0.0138228 0.095232 0.0111363 0.0211037 0.134178 0.0142378 0.0800725 0.0121723 0.0254074 0.125153 0.010277 0.0935226 0.0133034 0.0223795 0.116653 0.0119203 0.108964 0.0124151 0.0175159 0.125153 0.0138228 0.095232 0.0111363 0.0211037 0.134178 0.0142378
0.00857939 0.0616981 0.0100352 0.0781382 0.00717625 0.0736575 0.00917937 0.0102771 0.0840988 0.00857939 0.0616981 0.0100352 0.012401 0.0781382 0.00618283 0.0723044 0.0109698 0.0109057 0.0725666 0.00717625 0.0845697 0.0102358 0.00851392 0.0781382 0.00832794 0.0736575 0.00917937 0.0102771 0.0840988 0.00857939 0.0616981 0.0100352 0.012401 0.0781382 0.00618283 0.0723044 0.0109698 0.0109057 0.0725666 0.00717625 0.0845697 0.0102358 0.00851392 0.0781382 0.00832794 0.0736575 0.00917937 0.0102771 0.0840988 0.00857939
0.045722 0.263367 0.0223295 0.449739 0.03848 0.301842 0.0204469 0.0668963 0.469606 0.045722 0.263367 0.0223295 0.0797776 0.449739 0.0332985 0.297644 0.0243811 0.0707403 0.430031 0.03848 0.334357 0.0227703 0.0559684 0.449739 0.0444307 0.301842 0.0204469 0.0668963 0.469606 0.045722 0.263367 0.0223295 0.0797776 0.449739 0.0332985 0.297644 0.0243811 0.0707403 0.430031 0.03848 0.334357 0.0227703 0.0559684 0.449739 0.0444307 0.301842 0.0204469 0.0668963 0.469606 0.045722
0.0203162 0.0706581 0.0120111 0.076331 0.0170265 0.0841984 0.0109887 0.0344157 0.082166 0.0203162 0.0706581 0.0120111 0.0413196 0.076331 0.0146897 0.082669 0.0131274 0.0364662 0.0708783 0.0170265 0.0965096 0.0122508 0.0286309 0.076331 0.0197276 0.0841984 0.0109887 0.0344157 0.082166 0.0203162 0.0706581 0.0120111 0.0413196 0.076331 0.0146897 0.082669 0.0131274 0.0364662 0.0708783 0.0170265 0.0965096 0.0122508 0.0286309 0.076331 0.0197276 0.0841984 0.0109887 0.0344157 0.082166 0.0203162
0.0597054 0.23265 0.0227719 0.388819 0.0503655 0.268272 0.0208528 0.156697 0.407991 0.0597054 0.23265 0.0227719 0.18347 0.388819 0.0436563 0.264365 0.0248631 0.16479 0.369986 0.0503655 0.298719 0.0232212 0.133194 0.388819 0.0580433 0.268272 0.0208528 0.156697 0.407991 0.0597054 0.23265 0.0227719 0.18347 0.388819 0.0436563 0.264365 0.0248631 0.16479 0.369986 0.0503655 0.298719 0.0232212 0.133194 0.388819 0.0580433 0.268272 0.0208528 0.156697 0.407991 0.0597054
0.00986553 0.0186542 0.00718548 0.0164708 0.0082538 0.0224698 0.00657109 0.0135361 0.0178181 0.00986553 0.0186542 0.00718548 0.0163223 0.0164708 0.00711228 0.0220347 0.00785685 0.0143611 0.0152237 0.0082538 0.0260116 0.00732957 0.0112201 0.0164708 0.00957675 0.0224698 0.00657109 0.0135361 0.0178181 0.00986553 0.0186542 0.00718548 0.0163223 0.0164708 0.00711228 0.0220347 0.00785685 0.0143611 0.0152237 0.0082538 0.0260116 0.00732957 0.0112201 0.0164708 0.00957675 0.0224698 0.00657109 0.0135361 0.0178181 0.00986553
0.0105635 0.101826 0.012641 0.165161 0.00883875 0.120564 0.0115656 0.017955 0.176489 0.0105635 0.101826 0.012641 0.0216308 0.165161 0.00761696 0.11846 0.013815 0.0190441 0.154424 0.00883875 0.137395 0.0128931 0.0148943 0.165161 0.0102545 0.120564 0.0115656 0.017955 0.176489 0.0105635 0.101826 0.012641 0.0216308 0.165161 0.00761696 0.11846 0.013815 0.0190441 0.154424 0.00883875 0.137395 0.0128931 0.0148943 0.165161 0.0102545 0.120564 0.0115656 0.017955 0.176489 0.0105635
0.0185301 0.0810786 0.0128631 0.115574 0.015525 0.0964086 0.011769 0.0423325 0.124006 0.0185301 0.0810786 0.0128631 0.0507411 0.115574 0.0133915 0.0946804 0.0140575 0.0448329 0.107645 0.015525 0.11029 0.0131195 0.0352656 0.115574 0.0179923 0.0964086 0.011769 0.0423325 0.124006 0.0185301 0.0810786 0.0128631 0.0507411 0.115574 0.0133915 0.0946804 0.0140575 0.0448329 0.107645 0.015525 0.11029 0.0131195 0.0352656 0.115574 0.0179923 0.0964086 0.011769 0.0423325 0.124006 0.0185301
0.0250503 0.107745 0.0149237 0.184546 0.0210104 0.127418 0.0136568 0.0413601 0.19689 0.0250503 0.107745 0.0149237 0.0495855 0.184546 0.0181369 0.125211 0.0163062 0.0438056 0.17281 0.0210104 0.145048 0.0152206 0.0344496 0.184546 0.0243279 0.127418 0.0136568 0.0413601 0.19689 0.0250503 0.107745 0.0149237 0.0495855 0.184546 0.0181369 0.125211 0.0163062 0.0438056 0.17281 0.0210104 0.145048 0.0152206 0.0344496 0.184546 0.0243279 0.127418 0.0136568 0.0413601 0.19689 0.0250503
0.0173282 0.0415573 0.00995818 0.0416975 0.0145151 0.0498199 0.0091089 0.0201155 0.045014 0.0173282 0.0415573 0.00995818 0.0242226 0.0416975 0.0125186 0.0488816 0.0108858 0.0213328 0.0386155 0.0145151 0.0574195 0.0101573 0.0166928 0.0416975 0.0168246 0.0498199 0.0091089 0.0201155 0.045014 0.0173282 0.0415573 0.00995818 0.0242226 0.0416975 0.0125186 0.0488816 0.0108858 0.0213328 0.0386155 0.0145151 0.0574195 0.0101573 0.0166928 0.0416975 0.0168246 0.0498199 0.0091089 0.0201155 0.045014 0.0173282
0.00912936 0.139623 0.0140227 0.248775 0.00763697 0.164047 0.0128313 0.0275509 0.264025 0.00912936 0.139623 0.0140227 0.0331249 0.248775 0.0065802 0.161322 0.015323 0.0292048 0.234127 0.00763697 0.185666 0.0143019 0.0228926 0.248775 0.00886194 0.164047 0.0128313 0.0275509 0.264025 0.00912936 0.139623 0.0140227 0.0331249 0.248775 0.0065802 0.161322 0.015323 0.0292048 0.234127 0.00763697 0.185666 0.0143019 0.0228926 0.248775 0.00886194 0.164047 0.0128313 0.0275509 0.264025 0.00912936
0.0126575 0.0259879 0.0083291 0.0316697 0.0105945 0.0312559 0.00761769 0.0134806 0.0342171 0.0126575 0.0259879 0.0083291 0.0162555 0.0316697 0.00913226 0.030656 0.00910634 0.0143023 0.0293062 0.0105945 0.0361315 0.00849593 0.011174 0.0316697 0.012288 0.0312559 0.00761769 0.0134806 0.0342171 0.0126575 0.0259879 0.0083291 0.0162555 0.0316697 0.00913226 0.030656 0.00910634 0.0143023 0.0293062 0.0105945 0.0361315 0.00849593 0.011174 0.0316697 0.012288 0.0312559 0.00761769 0.0134806 0.0342171 0.0126575
0.0183732 0.0712225 0.0118379 0.0816116 0.0153932 0.084861 0.0108301 0.0249005 0.0878119 0.0183732 0.0712225 0.0118379 0.0299549 0.0816116 0.0132775 0.0833207 0.0129383 0.0263997 0.0758127 0.0153932 0.0972588 0.0120742 0.0206808 0.0816116 0.0178399 0.084861 0.0108301 0.0249005 0.0878119 0.0183732 0.0712225 0.0118379 0.0299549 0.0816116 0.0132775 0.0833207 0.0129383 0.0263997 0.0758127 0.0153932 0.0972588 0.0120742 0.0206808 0.0816116 0.0178399 0.084861 0.0108301 0.0249005 0.0878119 0.0183732
0.0184511 0.034969 0.00972999 0.032942 0.0154587 0.0419791 0.0089 0.0436994 0.035588 0.0184511 0.034969 0.00972999 0.0523647 0.032942 0.0133341 0.0411821 0.0106366 0.0462766 0.0304865 0.0154587 0.0484437 0.0099246 0.036413 0.032942 0.0179156 0.0419791 0.0089 0.0436994 0.035588 0.0184511 0.034969 0.00972999 0.0523647 0.032942 0.0133341 0.0411821 0.0106366 0.0462766 0.0304865 0.0154587 0.0484437 0.0099246 0.036413 0.032942 0.0179156 0.0419791 0.0089 0.0436994 0.035588 0.0184511
0.03794 0.274856 0.0215837 0.457238 0.0318895 0.314293 0.0197628 0.0379659 0.477149 0.03794 0.274856 0.0215837 0.0455484 0.457238 0.02757 0.309999 0.0235685 0.0402192 0.437462 0.0318895 0.347482 0.0220102 0.0316039 0.457238 0.03686 0.314293 0.0197628 0.0379659 0.477149 0.03794 0.274856 0.0215837 0.0455484 0.457238 0.02757 0.309999 0.0235685 0.0402192 0.437462 0.0318895 0.347482 0.0220102 0.0316039 0.457238 0.03686 0.314293 0.0197628 0.0379659 0.477149 0.03794
0.0175578 0.0835322 0.0129178 0.157475 0.014708 0.099276 0.0118191 0.0250583 0.168382 0.0175578 0.0835322 0.0129178 0.0301437 0.157475 0.0126853 0.0975019 0.0141172 0.0265667 0.147149 0.014708 0.113518 0.0131753 0.0208125 0.157475 0.0170477 0.099276 0.0118191 0.0250583 0.168382 0.0175578 0.0835322 0.0129178 0.0301437 0.157475 0.0126853 0.0975019 0.0141172 0.0265667 0.147149 0.014708 0.113518 0.0131753 0.0208125 0.157475 0.0170477 0.099276 0.0118191 0.0250583 0.168382 0.0175578
0.0241757 0.0932467 0.0133861 0.12165 0.020274 0.110601 0.0122481 0.0183652 0.13046 0.0241757 0.0932467 0.0133861 0.0221231 0.12165 0.0174994 0.108648 0.0146283 0.0194788 0.113358 0.020274 0.12624 0.0136529 0.0152357 0.12165 0.0234779 0.110601 0.0122481 0.0183652 0.13046 0.0241757 0.0932467 0.0133861 0.0221231 0.12165 0.0174994 0.108648 0.0146283 0.0194788 0.113358 0.020274 0.12624 0.0136529 0.0152357 0.12165 0.0234779 0.110601 0.0122481 0.0183652 0.13046 0.0241757
0.00870622 0.0185094 0.00705717 0.0177535 0.00728249 0.0222961 0.00645369 0.0164662 0.0192038 0.00870622 0.0185094 0.00705717 0.0198434 0.0177535 0.00627447 0.0218643 0.00771664 0.0174666 0.016411 0.00728249 0.0258112 0.0071987 0.0136558 0.0177535 0.00845109 0.0222961 0.00645369 0.0164662 0.0192038 0.00870622 0.0185094 0.00705717 0.0198434 0.0177535 0.00627447 0.0218643 0.00771664 0.0174666 0.016411 0.00728249 0.0258112 0.0071987 0.0136558 0.0177535 0.00845109 0.0222961 0.00645369 0.0164662 0.0192038 0.00870622
0.0181492 0.0591797 0.0115518 0.0640735 0.015205 0.0706877 0.010568 0.0461634 0.0690416 0.0181492 0.0591797 0.0115518 0.055289 0.0640735 0.0131148 0.0693851 0.0126259 0.0488785 0.0594401 0.015205 0.0811985 0.0117824 0.0384827 0.0640735 0.0176223 0.0706877 0.010568 0.0461634 0.0690416 0.0181492 0.0591797 0.0115518 0.055289 0.0640735 0.0131148 0.0693851 0.0126259 0.0488785 0.0594401 0.015205 0.0811985 0.0117824 0.0384827 0.0640735 0.0176223 0.0706877 0.010568 0.0461634 0.0690416 0.0181492
0.0291262 0.281592 0.0211624 0.449629 0.0244455 0.321568 0.0193763 0.0440315 0.469495 0.0291262 0.281592 0.0211624 0.052759 0.449629 0.0211123 0.31722 0.0231093 0.0466273 0.429922 0.0244455 0.355127 0.0215807 0.0366918 0.449629 0.0282897 0.321568 0.0193763 0.0440315 0.469495 0.0291262 0.281592 0.0211624 0.052759 0.449629 0.0211123 0.31722 0.0231093 0.0466273 0.429922 0.0244455 0.355127 0.0215807 0.0366918 0.449629 0.0282897 0.321568 0.0193763 0.0440315 0.469495 0.0291262
0.0162345 0.0133098 0.00682458 0.00790248 0.0135966 0.0160501 0.00624086 0.0205346 0.00855502 0.0162345 0.0133098 0.00682458 0.0247253 0.00790248 0.0117249 0.0157373 0.00746248 0.0217768 0.00729934 0.0135966 0.0185993 0.00696148 0.0170419 0.00790248 0.0157623 0.0160501 0.00624086 0.0205346 0.00855502 0.0162345 0.0133098 0.00682458 0.0247253 0.00790248 0.0117249 0.0157373 0.00746248 0.0217768 0.00729934 0.0135966 0.0185993 0.00696148 0.0170419 0.00790248 0.0157623 0.0160501 0.00624086 0.0205346 0.00855502 0.0162345
0.00826422 0.0495631 0.00963694 0.0513484 0.00691227 0.059319 0.00881481 0.0335721 0.0553882 0.00826422 0.0495631 0.00963694 0.0403138 0.0513484 0.00595518 0.0582127 0.0105349 0.0355742 0.0475884 0.00691227 0.0682635 0.00982971 0.0279249 0.0513484 0.00802194 0.059319 0.00881481 0.0335721 0.0553882 0.00826422 0.0495631 0.00963694 0.0403138 0.0513484 0.00595518 0.0582127 0.0105349 0.0355742 0.0475884 0.00691227 0.0682635 0.00982971 0.0279249 0.0513484 0.00802194 0.059319 0.00881481 0.0335721 0.0553882 0.00826422
0.0216992 0.204583 0.0184316 0.415583 0.0181897 0.237236 0.016872 0.0489134 0.435134 0.0216992 0.204583 0.0184316 0.0585492 0.415583 0.0156958 0.233636 0.0201324 0.0517814 0.396293 0.0181897 0.265438 0.0187969 0.0407946 0.415583 0.0210714 0.237236 0.016872 0.0489134 0.435134 0.0216992 0.204583 0.0184316 0.0585492 0.415583 0.0156958 0.233636 0.0201324 0.0517814 0.396293 0.0181897 0.265438 0.0187969 0.0407946 0.415583 0.0210714 0.237236 0.016872 0.0489134 0.435134 0.0216992
0.0361545 0.18637 0.0192033 0.310561 0.0303797 0.216909 0.0175796 0.0918248 0.327944 0.0361545 0.18637 0.0192033 0.108946 0.310561 0.0262592 0.213531 0.0209739 0.0969525 0.293696 0.0303797 0.243466 0.0195837 0.0771615 0.310561 0.0351235 0.216909 0.0175796 0.0918248 0.327944 0.0361545 0.18637 0.0192033 0.108946 0.310561 0.0262592 0.213531 0.0209739 0.0969525 0.293696 0.0303797 0.243466 0.0195837 0.0771615 0.310561 0.0351235 0.216909 0.0175796 0.0918248 0.327944 0.0361545
0.00726444 0.0663446 0.0101887 0.0853216 0.00607504 0.0791287 0.00931996 0.0137489 0.0917756 0.00726444 0.0663446 0.0101887 0.0165781 0.0853216 0.00523327 0.0776836 0.0111375 0.0145866 0.0792818 0.00607504 0.090772 0.0103924 0.0113969 0.0853216 0.00705126 0.0791287 0.00931996 0.0137489 0.0917756 0.00726444 0.0663446 0.0101887 0.0165781 0.0853216 0.00523327 0.0776836 0.0111375 0.0145866 0.0792818 0.00607504 0.090772 0.0103924 0.0113969 0.0853216 0.00705126 0.0791287 0.00931996 0.0137489 0.0917756 0.00726444
0.0167581 0.100716 0.0136227 0.166525 0.0140363 0.119277 0.0124648 0.0318056 0.177927 0.0167581 0.100716 0.0136227 0.0382066 0.166525 0.0121048 0.117192 0.0148865 0.033706 0.155716 0.0140363 0.135955 0.013894 0.0264475 0.166525 0.0162709 0.119277 0.0124648 0.0318056 0.177927 0.0167581 0.100716 0.0136227 0.0382066 0.166525 0.0121048 0.117192 0.0148865 0.033706 0.155716 0.0140363 0.135955 0.013894 0.0264475 0.166525 0.0162709 0.119277 0.0124648 0.0318056 0.177927 0.0167581
0.0359028 0.0298171 0.0100839 0.0239882 0.0301669 0.0358328 0.00922399 0.0575892 0.0259343 0.0359028 0.0298171 0.0100839 0.0688105 0.0239882 0.0260745 0.0351482 0.0110231 0.0609333 0.0221848 0.0301669 0.0413917 0.0102855 0.0481033 0.0239882 0.0348787 0.0358328 0.00922399 0.0575892 0.0259343 0.0359028 0.0298171 0.0100839 0.0688105 0.0239882 0.0260745 0.0351482 0.0110231 0.0609333 0.0221848 0.0301669 0.0413917 0.0102855 0.0481033 0.0239882 0.0348787 0.0358328 0.00922399 0.0575892 0.0259343 0.0359028
0.0223599 0.0276114 0.00910635 0.0189879 0.0187456 0.0331973 0.00832911 0.0409 0.0205369 0.0223599 0.0276114 0.00910635 0.0490386 0.0189879 0.0161767 0.0325614 0.0099554 0.0433196 0.0175537 0.0187456 0.0383637 0.00928861 0.0340637 0.0189879 0.0217134 0.0331973 0.00832911 0.0409 0.0205369 0.0223599 0.0276114 0.00910635 0.0490386 0.0189879 0.0161767 0.0325614 0.0099554 0.0433196 0.0175537 0.0187456 0.0383637 0.00928861 0.0340637 0.0189879 0.0217134 0.0331973 0.00832911 0.0409 0.0205369 0.0223599
0.0137324 0.0384414 0.00931049 0.0387939 0.0114963 0.0461143 0.00851597 0.0203821 0.0418896 0.0137324 0.0384414 0.00931049 0.0245424 0.0387939 0.00991079 0.0452425 0.0101784 0.0216152 0.0359184 0.0114963 0.0531803 0.00949679 0.0169148 0.0387939 0.0133319 0.0461143 0.00851597 0.0203821 0.0418896 0.0137324 0.0384414 0.00931049 0.0245424 0.0387939 0.00991079 0.0452425 0.0101784 0.0216152 0.0359184 0.0114963 0.0531803 0.00949679 0.0169148 0.0387939 0.0133319 0.0461143 0.00851597 0.0203821 0.0418896 0.0137324
0.0111206 0.0158935 0.00696976 0.0112475 0.00930577 0.0191556 0.0063737 0.0218663 0.0121728 0.0111206 0.0158935 0.00696976 0.0263213 0.0112475 0.00801994 0.0187834 0.00762113 0.023187 0.0103917 0.00930577 0.0221868 0.00710956 0.0181512 0.0112475 0.0107955 0.0191556 0.0063737 0.0218663 0.0121728 0.0111206 0.0158935 0.00696976 0.0263213 0.0112475 0.00801994 0.0187834 0.00762113 0.023187 0.0103917 0.00930577 0.0221868 0.00710956 0.0181512 0.0112475 0.0107955 0.0191556 0.0063737 0.0218663 0.0121728 0.0111206
0.0199535 0.0929125 0.0134393 0.142361 0.0167216 0.110212 0.0122969 0.0253577 0.15241 0.0199535 0.0929125 0.0134393 0.0305019 0.142361 0.014426 0.108266 0.0146864 0.0268836 0.13287 0.0167216 0.125804 0.0137071 0.0210622 0.142361 0.0193753 0.110212 0.0122969 0.0253577 0.15241 0.0199535 0.0929125 0.0134393 0.0305019 0.142361 0.014426 0.108266 0.0146864 0.0268836 0.13287 0.0167216 0.125804 0.0137071 0.0210622 0.142361 0.0193753 0.110212 0.0122969 0.0253577 0.15241 0.0199535
0.0217887 0.0656978 0.0117916 0.0702991 0.018265 0.0783677 0.0107877 0.0217513 0.0757108 0.0217887 0.0656978 0.0117916 0.0261836 0.0702991 0.015761 0.0769353 0.0128877 0.0230653 0.0652469 0.018265 0.08991 0.0120269 0.0180554 0.0702991 0.0211584 0.0783677 0.0107877 0.0217513 0.0757108 0.0217887 0.0656978 0.0117916 0.0261836 0.0702991 0.015761 0.0769353 0.0128877 0.0230653 0.0652469 0.018265 0.08991 0.0120269 0.0180554 0.0702991 0.0211584 0.0783677 0.0107877 0.0217513 0.0757108 0.0217887
0.0395836 0.250987 0.0208134 0.384265 0.03328 0.288361 0.0190562 0.0534842 0.40336 0.0395836 0.250987 0.0208134 0.06396 0.384265 0.0287778 0.284274 0.022729 0.0566043 0.36552 0.03328 0.32009 0.021225 0.0446424 0.384265 0.0384587 0.288361 0.0190562 0.0534842 0.40336 0.0395836 0.250987 0.0208134 0.06396 0.384265 0.0287778 0.284274 0.022729 0.0566043 0.36552 0.03328 0.32009 0.021225 0.0446424 0.384265 0.0384587 0.288361 0.0190562 0.0534842 0.40336 0.0395836
0.0200166 0.0879443 0.013114 0.101056 0.0167746 0.104425 0.0119988 0.0400523 0.108559 0.0200166 0.0879443 0.013114 0.0480307 0.101056 0.0144719 0.102569 0.0143313 0.0424239 0.094017 0.0167746 0.119308 0.0133753 0.0333528 0.101056 0.0194365 0.104425 0.0119988 0.0400523 0.108559 0.0200166 0.0879443 0.013114 0.0480307 0.101056 0.0144719 0.102569 0.0143313 0.0424239 0.094017 0.0167746 0.119308 0.0133753 0.0333528 0.101056 0.0194365 0.104425 0.0119988 0.0400523 0.108559 0.0200166
0.0230567 0.141916 0.0161997 0.28139 0.019332 0.166663 0.0148261 0.0420137 0.297846 0.0230567 0.141916 0.0161997 0.0503623 0.28139 0.0166841 0.163904 0.0176983 0.0444961 0.2655 0.019332 0.188549 0.0165215 0.034998 0.28139 0.0223905 0.166663 0.0148261 0.0420137 0.297846 0.0230567 0.141916 0.0161997 0.0503623 0.28139 0.0166841 0.163904 0.0176983 0.0444961 0.2655 0.019332 0.188549 0.0165215 0.034998 0.28139 0.0223905 0.166663 0.0148261 0.0420137 0.297846 0.0230567
0.0139962 0.0291157 0.00862844 0.0320319 0.0117176 0.034995 0.00789166 0.0159781 0.0346074 0.0139962 0.0291157 0.00862844 0.0192572 0.0320319 0.010102 0.0343258 0.00943335 0.0169494 0.0296421 0.0117176 0.0404294 0.00880121 0.0132499 0.0320319 0.0135882 0.034995 0.00789166 0.0159781 0.0346074 0.0139962 0.0291157 0.00862844 0.0192572 0.0320319 0.010102 0.0343258 0.00943335 0.0169494 0.0296421 0.0117176 0.0404294 0.00880121 0.0132499 0.0320319 0.0135882 0.034995 0.00789166 0.0159781 0.0346074 0.0139962
0.0206234 0.248133 0.0197438 0.417501 0.0172848 0.285244 0.0180752 0.0642742 0.437075 0.0206234 0.248133 0.0197438 0.0766921 0.417501 0.0149131 0.281184 0.021563 0.0679785 0.398183 0.0172848 0.316783 0.0201346 0.0537499 0.417501 0.0200261 0.285244 0.0180752 0.0642742 0.437075 0.0206234 0.248133 0.0197438 0.0766921 0.417501 0.0149131 0.281184 0.021563 0.0679785 0.398183 0.0172848 0.316783 0.0201346 0.0537499 0.417501 0.0200261 0.285244 0.0180752 0.0642742 0.437075 0.0206234
0.0197341 0.0886338 0.0135352 0.146169 0.0165371 0.105229 0.0123847 0.0402037 0.156438 0.0197341 0.0886338 0.0135352 0.0482107 0.146169 0.0142665 0.10336 0.014791 0.0425839 0.136465 0.0165371 0.120211 0.0138049 0.0334797 0.146169 0.0191621 0.105229 0.0123847 0.0402037 0.156438 0.0197341 0.0886338 0.0135352 0.0482107 0.146169 0.0142665 0.10336 0.014791 0.0425839 0.136465 0.0165371 0.120211 0.0138049 0.0334797 0.146169 0.0191621 0.105229 0.0123847 0.0402037 0.156438 0.0197341
0.00567806 0.0138074 0.0059864 0.0124128 0.00474715 0.0166485 0.00547398 0.00786628 0.0134328 0.00567806 0.0138074 0.0059864 0.00949667 0.0124128 0.00408862 0.0163242 0.00654647 0.00834865 0.0114694 0.00474715 0.0192908 0.00610659 0.00651396 0.0124128 0.00551117 0.0166485 0.00547398 0.00786628 0.0134328 0.00567806 0.0138074 0.0059864 0.00949667 0.0124128 0.00408862 0.0163242 0.00654647 0.00834865 0.0114694 0.00474715 0.0192908 0.00610659 0.00651396 0.0124128 0.00551117 0.0166485 0.00547398 0.00786628 0.0134328 0.00567806
0.0205761 0.172965 0.0163701 0.263354 0.017245 0.201852 0.0149823 0.0235023 0.279165 0.0205761 0.172965 0.0163701 0.028281 0.263354 0.0148787 0.19865 0.0178842 0.0249194 0.248131 0.017245 0.227101 0.0166953 0.0195148 0.263354 0.0199801 0.201852 0.0149823 0.0235023 0.279165 0.0205761 0.172965 0.0163701 0.028281 0.263354 0.0148787 0.19865 0.0178842 0.0249194 0.248131 0.017245 0.227101 0.0166953 0.0195148 0.263354 0.0199801 0.201852 0.0149823 0.0235023 0.279165 0.0205761
0.0215878 0.0466791 0.0109776 0.0405215 0.018096 0.0559007 0.0100423 0.078017 0.0437488 0.0215878 0.0466791 0.0109776 0.0928267 0.0405215 0.0156148 0.0548545 0.011999 0.0824436 0.037523 0.018096 0.064365 0.0111969 0.0653998 0.0405215 0.0209632 0.0559007 0.0100423 0.078017 0.0437488 0.0215878 0.0466791 0.0109776 0.0928267 0.0405215 0.0156148 0.0548545 0.011999 0.0824436 0.037523 0.018096 0.064365 0.0111969 0.0653998 0.0405215 0.0209632 0.0559007 0.0100423 0.078017 0.0437488 0.0215878
0.00924945 0.0327081 0.00825842 0.028121 0.00773758 0.0392834 0.007553 0.0145449 0.0303919 0.00924945 0.0327081 0.00825842 0.0175351 0.028121 0.00666698 0.0385355 0.00902913 0.0154305 0.0260152 0.00773758 0.0453524 0.00842385 0.0120584 0.028121 0.00897854 0.0392834 0.007553 0.0145449 0.0303919 0.00924945 0.0327081 0.00825842 0.0175351 0.028121 0.00666698 0.0385355 0.00902913 0.0154305 0.0260152 0.00773758 0.0453524 0.00842385 0.0120584 0.028121 0.00897854 0.0392834 0.007553 0.0145449 0.0303919 0.00924945
0.0319577 0.0461745 0.0115166 0.0503408 0.0268346 0.0553021 0.0105358 0.0625778 0.0543058 0.0319577 0.0461745 0.0115166 0.0746941 0.0503408 0.0231834 0.0542665 0.0125875 0.0661913 0.046651 0.0268346 0.0636819 0.0117465 0.0523158 0.0503408 0.0310426 0.0553021 0.0105358 0.0625778 0.0543058 0.0319577 0.0461745 0.0115166 0.0746941 0.0503408 0.0231834 0.0542665 0.0125875 0.0661913 0.046651 0.0268346 0.0636819 0.0117465 0.0523158 0.0503408 0.0310426 0.0553021 0.0105358 0.0625778 0.0543058 0.0319577
0.0106023 0.0614932 0.01045 0.078482 0.00887128 0.073416 0.00955918 0.0119173 0.0844664 0.0106023 0.0614932 0.01045 0.0143752 0.078482 0.00764503 0.072067 0.0114229 0.0126449 0.0728878 0.00887128 0.0842957 0.0106589 0.0098755 0.078482 0.0102922 0.073416 0.00955918 0.0119173 0.0844664 0.0106023 0.0614932 0.01045 0.0143752 0.078482 0.00764503 0.072067 0.0114229 0.0126449 0.0728878 0.00887128 0.0842957 0.0106589 0.0098755 0.078482 0.0102922 0.073416 0.00955918 0.0119173 0.0844664 0.0106023
0.0400966 0.201214 0.0193765 0.391247 0.0337142 0.233487 0.0177383 0.0335286 0.410458 0.0400966 0.201214 0.0193765 0.040262 0.391247 0.029155 0.229927 0.0211626 0.0355283 0.372367 0.0337142 0.261396 0.0197602 0.0278886 0.391247 0.0389577 0.233487 0.0177383 0.0335286 0.410458 0.0400966 0.201214 0.0193765 0.040262 0.391247 0.029155 0.229927 0.0211626 0.0355283 0.372367 0.0337142 0.261396 0.0197602 0.0278886 0.391247 0.0389577 0.233487 0.0177383 0.0335286 0.410458 0.0400966
0.00794625 0.0153722 0.00648452 0.0109906 0.00664597 0.0185293 0.00592972 0.0156913 0.0118951 0.00794625 0.0153722 0.00648452 0.0189126 0.0109906 0.00572554 0.018169 0.00709087 0.0166455 0.0101542 0.00664597 0.0214636 0.00661465 0.0130114 0.0109906 0.00771322 0.0185293 0.00592972 0.0156913 0.0118951 0.00794625 0.0153722 0.00648452 0.0189126 0.0109906 0.00572554 0.018169 0.00709087 0.0166455 0.0101542 0.00664597 0.0214636 0.00661465 0.0130114 0.0109906 0.00771322 0.0185293 0.00592972 0.0156913 0.0118951 0.00794625
0.0100995 0.0232754 0.00792683 0.0311511 0.00844984 0.0280094 0.00724952 0.0162742 0.0336582 0.0100995 0.0232754 0.00792683 0.0196128 0.0311511 0.00728141 0.02747 0.00866686 0.0172632 0.0288251 0.00844984 0.0323954 0.00808566 0.0134961 0.0311511 0.0098039 0.0280094 0.00724952 0.0162742 0.0336582 0.0100995 0.0232754 0.00792683 0.0196128 0.0311511 0.00728141 0.02747 0.00866686 0.0172632 0.0288251 0.00844984 0.0323954 0.00808566 0.0134961 0.0311511 0.0098039 0.0280094 0.00724952 0.0162742 0.0336582 0.0100995
0.0304436 0.167483 0.0177166 0.213048 0.0255568 0.195671 0.0162165 0.0937839 0.226768 0.0304436 0.167483 0.0177166 0.111225 0.213048 0.0220755 0.192543 0.0193528 0.099009 0.199943 0.0255568 0.22036 0.018068 0.0788348 0.213048 0.0295704 0.195671 0.0162165 0.0937839 0.226768 0.0304436 0.167483 0.0177166 0.111225 0.213048 0.0220755 0.192543 0.0193528 0.099009 0.199943 0.0255568 0.22036 0.018068 0.0788348 0.213048 0.0295704 0.195671 0.0162165 0.0937839 0.226768 0.0304436
0.0130153 0.0478816 0.0100112 0.0451605 0.0108946 0.0573264 0.00915743 0.0243368 0.0487384 0.0130153 0.0478816 0.0100112 0.0292801 0.0451605 0.00939133 0.0562551 0.0109437 0.0258028 0.0418336 0.0108946 0.0659916 0.0102114 0.0202106 0.0451605 0.0126355 0.0573264 0.00915743 0.0243368 0.0487384 0.0130153 0.0478816 0.0100112 0.0292801 0.0451605 0.00939133 0.0562551 0.0109437 0.0258028 0.0418336 0.0108946 0.0659916 0.0102114 0.0202106 0.0451605 0.0126355 0.0573264 0.00915743 0.0243368 0.0487384 0.0130153
0.0185832 0.0158764 0.00749904 0.0130721 0.0155697 0.019135 0.00685803 0.0221796 0.0141454 0.0185832 0.0158764 0.00749904 0.0266968 0.0130721 0.0134301 0.0187632 0.00819947 0.0235188 0.0120792 0.0155697 0.022163 0.00764937 0.0184123 0.0130721 0.0180439 0.019135 0.00685803 0.0221796 0.0141454 0.0185832 0.0158764 0.00749904 0.0266968 0.0130721 0.0134301 0.0187632 0.00819947 0.0235188 0.0120792 0.0155697 0.022163 0.00764937 0.0184123 0.0130721 0.0180439 0.019135 0.00685803 0.0221796 0.0141454 0.0185832
0.0103526 0.0601452 0.0108516 0.098701 0.00866201 0.0718266 0.00992684 0.0328055 0.10605 0.0103526 0.0601452 0.0108516 0.0393996 0.098701 0.00746447 0.0705047 0.0118614 0.0347636 0.0918092 0.00866201 0.0824918 0.0110683 0.0272837 0.098701 0.0100497 0.0718266 0.00992684 0.0328055 0.10605 0.0103526 0.0601452 0.0108516 0.0393996 0.098701 0.00746447 0.0705047 0.0118614 0.0347636 0.0918092 0.00866201 0.0824918 0.0110683 0.0272837 0.098701 0.0100497 0.0718266 0.00992684 0.0328055 0.10605 0.0103526
0.0760342 0.43095 0.0295693 0.608042 0.0643146 0.47802 0.0270933 0.08898 0.626934 0.0760342 0.43095 0.0295693 0.105632 0.608042 0.0558565 0.473032 0.0322641 0.0939652 0.58882 0.0643146 0.515501 0.0301486 0.0747335 0.608042 0.0739532 0.47802 0.0270933 0.08898 0.626934 0.0760342 0.43095 0.0295693 0.105632 0.608042 0.0558565 0.473032 0.0322641 0.0939652 0.58882 0.0643146 0.515501 0.0301486 0.0747335 0.608042 0.0739532 0.47802 0.0270933 0.08898 0.626934 0.0760342
0.0132043 0.0210026 0.0075833 0.0164397 0.0110532 0.0252862 0.00693514 0.0128062 0.0177846 0.0132043 0.0210026 0.0075833 0.0154444 0.0164397 0.00952825 0.0247979 0.00829153 0.0135873 0.015195 0.0110532 0.0292587 0.0077353 0.0106137 0.0164397 0.0128191 0.0252862 0.00693514 0.0128062 0.0177846 0.0132043 0.0210026 0.0075833 0.0154444 0.0164397 0.00952825 0.0247979 0.00829153 0.0135873 0.015195 0.0110532 0.0292587 0.0077353 0.0106137 0.0164397 0.0128191 0.0252862 0.00693514 0.0128062 0.0177846 0.0132043
0.0218137 0.046758 0.0108424 0.0643239 0.018286 0.0559943 0.00991846 0.0260794 0.0693099 0.0218137 0.046758 0.0108424 0.0313654 0.0643239 0.0157791 0.0549464 0.0118514 0.0276475 0.0596735 0.018286 0.0644718 0.011059 0.0216644 0.0643239 0.0211827 0.0559943 0.00991846 0.0260794 0.0693099 0.0218137 0.046758 0.0108424 0.0313654 0.0643239 0.0157791 0.0549464 0.0118514 0.0276475 0.0596735 0.018286 0.0644718 0.011059 0.0216644 0.0643239 0.0211827 0.0559943 0.00991846 0.0260794 0.0693099 0.0218137
0.0128368 0.0345565 0.00898528 0.0419223 0.0107449 0.0414874 0.00821829 0.0118234 0.0452559 0.0128368 0.0345565 0.00898528 0.0142622 0.0419223 0.00926207 0.0406993 0.00982315 0.0125453 0.0388243 0.0107449 0.04788 0.00916514 0.00979752 0.0419223 0.0124621 0.0414874 0.00821829 0.0118234 0.0452559 0.0128368 0.0345565 0.00898528 0.0142622 0.0419223 0.00926207 0.0406993 0.00982315 0.0125453 0.0388243 0.0107449 0.04788 0.00916514 0.00979752 0.0419223 0.0124621 0.0414874 0.00821829 0.0118234 0.0452559 0.0128368
0.00671209 0.013267 0.00618335 0.0141238 0.00561261 0.0159987 0.00565417 0.010114 0.0152822 0.00671209 0.013267 0.00618335 0.0122045 0.0141238 0.0048346 0.0156869 0.00676172 0.0107327 0.0130521 0.00561261 0.0185398 0.00630747 0.00837852 0.0141238 0.00651501 0.0159987 0.00565417 0.010114 0.0152822 0.00671209 0.013267 0.00618335 0.0122045 0.0141238 0.0048346 0.0156869 0.00676172 0.0107327 0.0130521 0.00561261 0.0185398 0.00630747 0.00837852 0.0141238 0.00651501 0.0159987 0.00565417 0.010114 0.0152822 0.00671209
0.0140631 0.101484 0.0129317 0.151593 0.0117738 0.120167 0.0118318 0.0228229 0.162171 0.0140631 0.101484 0.0129317 0.0274674 0.151593 0.0101504 0.118069 0.0141323 0.0242001 0.141588 0.0117738 0.136951 0.0131894 0.0189485 0.151593 0.0136532 0.120167 0.0118318 0.0228229 0.162171 0.0140631 0.101484 0.0129317 0.0274674 0.151593 0.0101504 0.118069 0.0141323 0.0242001 0.141588 0.0117738 0.136951 0.0131894 0.0189485 0.151593 0.0136532 0.120167 0.0118318 0.0228229 0.162171 0.0140631
0.0132864 0.0584331 0.0110774 0.0776782 0.011122 0.0698066 0.0101336 0.030407 0.0836069 0.0132864 0.0584331 0.0110774 0.0365371 0.0776782 0.00958769 0.0685191 0.0121079 0.0322266 0.0721368 0.011122 0.0801977 0.0112986 0.0252783 0.0776782 0.0128988 0.0698066 0.0101336 0.030407 0.0836069 0.0132864 0.0584331 0.0110774 0.0365371 0.0776782 0.00958769 0.0685191 0.0121079 0.0322266 0.0721368 0.011122 0.0801977 0.0112986 0.0252783 0.0776782 0.0128988 0.0698066 0.0101336 0.030407 0.0836069 0.0132864
0.0551552 0.124173 0.0175396 0.161925 0.0464919 0.146354 0.0160542 0.109139 0.173077 0.0551552 0.124173 0.0175396 0.129029 0.161925 0.0402768 0.143873 0.0191597 0.11511 0.15136 0.0464919 0.166105 0.0178876 0.0919904 0.161925 0.0536125 0.146354 0.0160542 0.109139 0.173077 0.0551552 0.124173 0.0175396 0.129029 0.161925 0.0402768 0.143873 0.0191597 0.11511 0.15136 0.0464919 0.166105 0.0178876 0.0919904 0.161925 0.0536125 0.146354 0.0160542 0.109139 0.173077 0.0551552
0.0216686 0.0759572 0.0125631 0.112658 0.018164 0.0904141 0.0114943 0.0207649 0.120906 0.0216686 0.0759572 0.0125631 0.0250013 0.112658 0.0156736 0.0887828 0.01373 0.0220207 0.104905 0.018164 0.103531 0.0128137 0.0172337 0.112658 0.0210417 0.0904141 0.0114943 0.0207649 0.120906 0.0216686 0.0759572 0.0125631 0.0250013 0.112658 0.0156736 0.0887828 0.01373 0.0220207 0.104905 0.018164 0.103531 0.0128137 0.0172337 0.112658 0.0210417 0.0904141 0.0114943 0.0207649 0.120906 0.0216686
0.0220112 0.0888395 0.0130846 0.124922 0.0184522 0.105468 0.0119719 0.023335 0.133933 0.0220112 0.0888395 0.0130846 0.0280807 0.124922 0.0159229 0.103596 0.0142992 0.0247422 0.116436 0.0184522 0.12048 0.0133454 0.0193753 0.124922 0.0213746 0.105468 0.0119719 0.023335 0.133933 0.0220112 0.0888395 0.0130846 0.0280807 0.124922 0.0159229 0.103596 0.0142992 0.0247422 0.116436 0.0184522 0.12048 0.0133454 0.0193753 0.124922 0.0213746 0.105468 0.0119719 0.023335 0.133933 0.0220112
0.025343 0.0655792 0.0125493 0.108583 0.021257 0.0782281 0.0114816 0.0385778 0.116573 0.025343 0.0655792 0.0125493 0.0462767 0.108583 0.0183504 0.076798 0.0137149 0.0408659 0.101079 0.021257 0.0897518 0.0127996 0.0321167 0.108583 0.0246124 0.0782281 0.0114816 0.0385778 0.116573 0.025343 0.0655792 0.0125493 0.0462767 0.108583 0.0183504 0.076798 0.0137149 0.0408659 0.101079 0.021257 0.0897518 0.0127996 0.0321167 0.108583 0.0246124 0.0782281 0.0114816 0.0385778 0.116573 0.025343
0.0219763 0.0414252 0.0102786 0.0390934 0.0184229 0.049663 0.00940221 0.0370424 0.0422119 0.0219763 0.0414252 0.0102786 0.044449 0.0390934 0.0158975 0.0487275 0.0112357 0.0392431 0.0361965 0.0184229 0.0572401 0.010484 0.0308302 0.0390934 0.0213407 0.049663 0.00940221 0.0370424 0.0422119 0.0219763 0.0414252 0.0102786 0.044449 0.0390934 0.0158975 0.0487275 0.0112357 0.0392431 0.0361965 0.0184229 0.0572401 0.010484 0.0308302 0.0390934 0.0213407 0.049663 0.00940221 0.0370424 0.0422119 0.0219763
0.012643 0.0285299 0.00855732 0.0251013 0.0105823 0.034295 0.00782657 0.029424 0.0271352 0.012643 0.0285299 0.00855732 0.0353632 0.0251013 0.00912174 0.0336387 0.00935566 0.0311867 0.0232163 0.0105823 0.0396252 0.00872868 0.0244569 0.0251013 0.0122739 0.034295 0.00782657 0.029424 0.0271352 0.012643 0.0285299 0.00855732 0.0353632 0.0251013 0.00912174 0.0336387 0.00935566 0.0311867 0.0232163 0.0105823 0.0396252 0.00872868 0.0244569 0.0251013 0.0122739 0.034295 0.00782657 0.029424 0.0271352 0.012643
0.0197506 0.173387 0.0166539 0.308896 0.0165509 0.202327 0.0152424 0.0268764 0.32623 0.0197506 0.173387 0.0166539 0.0323185 0.308896 0.0142784 0.199118 0.0181937 0.028491 0.292083 0.0165509 0.227617 0.0169846 0.0223295 0.308896 0.0191781 0.202327 0.0152424 0.0268764 0.32623 0.0197506 0.173387 0.0166539 0.0323185 0.308896 0.0142784 0.199118 0.0181937 0.028491 0.292083 0.0165509 0.227617 0.0169846 0.0223295 0.308896 0.0191781 0.202327 0.0152424 0.0268764 0.32623 0.0197506
0.00609666 0.0310678 0.00769414 0.0346848 0.00509748 0.0373261 0.00703657 0.00715107 0.0374654 0.00609666 0.0310678 0.00769414 0.00863451 0.0346848 0.00439056 0.036614 0.00841263 0.00758991 0.0321037 0.00509748 0.0431063 0.00784835 0.00592097 0.0346848 0.00591754 0.0373261 0.00703657 0.00715107 0.0374654 0.00609666 0.0310678 0.00769414 0.00863451 0.0346848 0.00439056 0.036614 0.00841263 0.00758991 0.0321037 0.00509748 0.0431063 0.00784835 0.00592097 0.0346848 0.00591754 0.0373261 0.00703657 0.00715107 0.0374654 0.00609666
0.00936285 0.0337837 0.00858292 0.0319103 0.00783259 0.0405661 0.00785 0.016543 0.0344763 0.00936285 0.0337837 0.00858292 0.0199355 0.0319103 0.00674894 0.0397948 0.00938363 0.017548 0.0295293 0.00783259 0.0468237 0.00875479 0.0137196 0.0319103 0.00908865 0.0405661 0.00785 0.016543 0.0344763 0.00936285 0.0337837 0.00858292 0.0199355 0.0319103 0.00674894 0.0397948 0.00938363 0.017548 0.0295293 0.00783259 0.0468237 0.00875479 0.0137196 0.0319103 0.00908865 0.0405661 0.00785 0.016543 0.0344763 0.00936285
0.034863 0.058382 0.012524 0.0790517 0.0292882 0.0697464 0.0114585 0.0441353 0.0850755 0.034863 0.058382 0.012524 0.0528823 0.0790517 0.0253118 0.0684598 0.0136873 0.046737 0.0734201 0.0292882 0.0801293 0.0127738 0.036779 0.0790517 0.0338675 0.0697464 0.0114585 0.0441353 0.0850755 0.034863 0.058382 0.012524 0.0528823 0.0790517 0.0253118 0.0684598 0.0136873 0.046737 0.0734201 0.0292882 0.0801293 0.0127738 0.036779 0.0790517 0.0338675 0.0697464 0.0114585 0.0441353 0.0850755 0.034863
0.0379213 0.137504 0.0167023 0.189803 0.0318737 0.161626 0.0152867 0.0541083 0.202412 0.0379213 0.137504 0.0167023 0.0646979 0.189803 0.0275563 0.158935 0.0182465 0.0572626 0.177805 0.0318737 0.182997 0.017034 0.0451683 0.189803 0.0368419 0.161626 0.0152867 0.0541083 0.202412 0.0379213 0.137504 0.0167023 0.0646979 0.189803 0.0275563 0.158935 0.0182465 0.0572626 0.177805 0.0318737 0.182997 0.017034 0.0451683 0.189803 0.0368419 0.161626 0.0152867 0.0541083 0.202412 0.0379213
0.0195026 0.109208 0.0138935 0.14407 0.0163425 0.129109 0.0127129 0.0333829 0.154218 0.0195026 0.109208 0.0138935 0.0400882 0.14407 0.0140982 0.126877 0.0151821 0.0353742 0.134483 0.0163425 0.146934 0.0141702 0.0277667 0.14407 0.0189372 0.129109 0.0127129 0.0333829 0.154218 0.0195026 0.109208 0.0138935 0.0400882 0.14407 0.0140982 0.126877 0.0151821 0.0353742 0.134483 0.0163425 0.146934 0.0141702 0.0277667 0.14407 0.0189372 0.129109 0.0127129 0.0333829 0.154218 0.0195026
0.00776723 0.0267259 0.00778258 0.0278667 0.00649605 0.0321385 0.00711751 0.0120027 0.0301177 0.00776723 0.0267259 0.00778258 0.0144778 0.0278667 0.00559626 0.0315222 0.00850926 0.0127354 0.0257794 0.00649605 0.0371464 0.00793855 0.00994636 0.0278667 0.0075394 0.0321385 0.00711751 0.0120027 0.0301177 0.00776723 0.0267259 0.00778258 0.0144778 0.0278667 0.00559626 0.0315222 0.00850926 0.0127354 0.0257794 0.00649605 0.0371464 0.00793855 0.00994636 0.0278667 0.0075394 0.0321385 0.00711751 0.0120027 0.0301177 0.00776723
0.0118611 0.0487207 0.0100657 0.0594734 0.00992662 0.058321 0.00920731 0.0207356 0.0641092 0.0118611 0.0487207 0.0100657 0.0249662 0.0594734 0.00855575 0.0572322 0.0110032 0.0219897 0.0551531 0.00992662 0.0671257 0.0102669 0.0172093 0.0594734 0.0115146 0.058321 0.00920731 0.0207356 0.0641092 0.0118611 0.0487207 0.0100657 0.0249662 0.0594734 0.00855575 0.0572322 0.0110032 0.0219897 0.0551531 0.00992662 0.0671257 0.0102669 0.0172093 0.0594734 0.0115146 0.058321 0.00920731 0.0207356 0.0641092 0.0118611
0.0123826 0.0870586 0.0122254 0.104832 0.010364 0.103392 0.011185 0.0399407 0.11258 0.0123826 0.0870586 0.0122254 0.047898 0.104832 0.00893325 0.101553 0.0133614 0.0423061 0.0975583 0.010364 0.118148 0.0124693 0.0332592 0.104832 0.0120211 0.103392 0.011185 0.0399407 0.11258 0.0123826 0.0870586 0.0122254 0.047898 0.104832 0.00893325 0.101553 0.0133614 0.0423061 0.0975583 0.010364 0.118148 0.0124693 0.0332592 0.104832 0.0120211 0.103392 0.011185 0.0399407 0.11258 0.0123826
0.0264865 0.363852 0.0242179 0.654796 0.0222203 0.408859 0.0221798 0.0486144 0.672649 0.0264865 0.363852 0.0242179 0.0581949 0.654796 0.0191846 0.404034 0.0264384 0.0514658 0.636497 0.0222203 0.445546 0.0246951 0.0405432 0.654796 0.0257238 0.408859 0.0221798 0.0486144 0.672649 0.0264865 0.363852 0.0242179 0.0581949 0.654796 0.0191846 0.404034 0.0264384 0.0514658 0.636497 0.0222203 0.445546 0.0246951 0.0405432 0.654796 0.0257238 0.408859 0.0221798 0.0486144 0.672649 0.0264865
0.0153869 0.0210062 0.0078603 0.0152294 0.0128849 0.0252906 0.00718864 0.0232726 0.016477 0.0153869 0.0210062 0.0078603 0.028006 0.0152294 0.0111101 0.0248022 0.00859418 0.0246762 0.014075 0.0128849 0.0292637 0.00801782 0.0193233 0.0152294 0.014939 0.0252906 0.00718864 0.0232726 0.016477 0.0153869 0.0210062 0.0078603 0.028006 0.0152294 0.0111101 0.0248022 0.00859418 0.0246762 0.014075 0.0128849 0.0292637 0.00801782 0.0193233 0.0152294 0.014939 0.0252906 0.00718864 0.0232726 0.016477 0.0153869
0.0261267 0.051883 0.0114746 0.0512377 0.0219172 0.0620657 0.0104974 0.0403536 0.0552693 0.0261267 0.051883 0.0114746 0.048389 0.0512377 0.0189221 0.0609116 0.0125417 0.0427423 0.0474854 0.0219172 0.071393 0.0117037 0.0336054 0.0512377 0.0253742 0.0620657 0.0104974 0.0403536 0.0552693 0.0261267 0.051883 0.0114746 0.048389 0.0512377 0.0189221 0.0609116 0.0125417 0.0427423 0.0474854 0.0219172 0.071393 0.0117037 0.0336054 0.0512377 0.0253742 0.0620657 0.0104974 0.0403536 0.0552693 0.0261267
0.015437 0.0480876 0.0104046 0.0532412 0.0129269 0.0575706 0.00951764 0.0219458 0.0574209 0.015437 0.0480876 0.0104046 0.0264166 0.0532412 0.0111464 0.056495 0.0113733 0.0232713 0.0493499 0.0129269 0.0662701 0.0106126 0.0182174 0.0532412 0.0149876 0.0575706 0.00951764 0.0219458 0.0574209 0.015437 0.0480876 0.0104046 0.0264166 0.0532412 0.0111464 0.056495 0.0113733 0.0232713 0.0493499 0.0129269 0.0662701 0.0106126 0.0182174 0.0532412 0.0149876 0.0575706 0.00951764 0.0219458 0.0574209 0.015437
0.0295525 0.12327 0.0155033 0.202296 0.0248051 0.145316 0.0141879 0.0293852 0.215514 0.0295525 0.12327 0.0155033 0.0353169 0.202296 0.021424 0.14285 0.0169386 0.0311457 0.189694 0.0248051 0.164954 0.0158116 0.0244246 0.202296 0.0287042 0.145316 0.0141879 0.0293852 0.215514 0.0295525 0.12327 0.0155033 0.0353169 0.202296 0.021424 0.14285 0.0169386 0.0311457 0.189694 0.0248051 0.164954 0.0158116 0.0244246 0.202296 0.0287042 0.145316 0.0141879 0.0293852 0.215514 0.0295525
0.0304264 0.307477 0.0227105 0.593257 0.0255423 0.34934 0.0207965 0.043114 0.612408 0.0304264 0.307477 0.0227105 0.0516694 0.593257 0.022063 0.344808 0.0247963 0.0456583 0.573818 0.0255423 0.384157 0.0231587 0.0359215 0.593257 0.0295538 0.34934 0.0207965 0.043114 0.612408 0.0304264 0.307477 0.0227105 0.0516694 0.593257 0.022063 0.344808 0.0247963 0.0456583 0.573818 0.0255423 0.384157 0.0231587 0.0359215 0.593257 0.0295538 0.34934 0.0207965 0.043114 0.612408 0.0304264
0.00535816 0.0391632 0.00824534 0.0556043 0.00447947 0.0469732 0.00754103 0.00631327 0.0599578 0.00535816 0.0391632 0.00824534 0.00762424 0.0556043 0.00385792 0.0460859 0.00901484 0.00670104 0.0515497 0.00447947 0.0541633 0.00841051 0.00522652 0.0556043 0.00520063 0.0469732 0.00754103 0.00631327 0.0599578 0.00535816 0.0391632 0.00824534 0.00762424 0.0556043 0.00385792 0.0460859 0.00901484 0.00670104 0.0515497 0.00447947 0.0541633 0.00841051 0.00522652 0.0556043 0.00520063 0.0469732 0.00754103 0.00631327 0.0599578 0.00535816
0.00761631 0.0229487 0.00731828 0.0161336 0.00636967 0.027618 0.00669262 0.0200574 0.0174539 0.00761631 0.0229487 0.00731828 0.024153 0.0161336 0.0054873 0.027086 0.00800196 0.0212713 0.0149117 0.00636967 0.0319448 0.00746502 0.0166444 0.0161336 0.00739288 0.027618 0.00669262 0.0200574 0.0174539 0.00761631 0.0229487 0.00731828 0.024153 0.0161336 0.0054873 0.027086 0.00800196 0.0212713 0.0149117 0.00636967 0.0319448 0.00746502 0.0166444 0.0161336 0.00739288 0.027618 0.00669262 0.0200574 0.0174539 0.00761631
0.0128489 0.0142681 0.00707226 0.0157525 0.010755 0.0172024 0.00646749 0.0228709 0.0170421 0.0128489 0.0142681 0.00707226 0.0275249 0.0157525 0.00927083 0.0168675 0.00773313 0.0242508 0.014559 0.010755 0.0199308 0.0072141 0.0189884 0.0157525 0.0124739 0.0172024 0.00646749 0.0228709 0.0170421 0.0128489 0.0142681 0.00707226 0.0275249 0.0157525 0.00927083 0.0168675 0.00773313 0.0242508 0.014559 0.010755 0.0199308 0.0072141 0.0189884 0.0157525 0.0124739 0.0172024 0.00646749 0.0228709 0.0170421 0.0128489
0.0552363 0.259855 0.0223804 0.420775 0.0465609 0.298025 0.0204936 0.0419334 0.440386 0.0552363 0.259855 0.0223804 0.0502669 0.420775 0.0403369 0.293858 0.0244365 0.0444112 0.40141 0.0465609 0.330324 0.0228222 0.0349307 0.420775 0.0536915 0.298025 0.0204936 0.0419334 0.440386 0.0552363 0.259855 0.0223804 0.0502669 0.420775 0.0403369 0.293858 0.0244365 0.0444112 0.40141 0.0465609 0.330324 0.0228222 0.0349307 0.420775 0.0536915 0.298025 0.0204936 0.0419334 0.440386 0.0552363
0.0137758 0.039943 0.00967353 0.0477411 0.0115327 0.0479007 0.0088483 0.0259564 0.0515125 0.0137758 0.039943 0.00967353 0.0312182 0.0477411 0.00994224 0.0469968 0.0105749 0.0275173 0.0442329 0.0115327 0.0552246 0.00986702 0.0215617 0.0477411 0.0133741 0.0479007 0.0088483 0.0259564 0.0515125 0.0137758 0.039943 0.00967353 0.0312182 0.0477411 0.00994224 0.0469968 0.0105749 0.0275173 0.0442329 0.0115327 0.0552246 0.00986702 0.0215617 0.0477411 0.0133741 0.0479007 0.0088483 0.0259564 0.0515125 0.0137758
0.0198219 0.172082 0.0166128 0.256225 0.0166108 0.200858 0.0152047 0.0473017 0.271766 0.0198219 0.172082 0.0166128 0.0566389 0.256225 0.0143302 0.197667 0.0181489 0.0500801 0.241279 0.0166108 0.226017 0.0169428 0.0394393 0.256225 0.0192473 0.200858 0.0152047 0.0473017 0.271766 0.0198219 0.172082 0.0166128 0.0566389 0.256225 0.0143302 0.197667 0.0181489 0.0500801 0.241279 0.0166108 0.226017 0.0169428 0.0394393 0.256225 0.0192473 0.200858 0.0152047 0.0473017 0.271766 0.0198219
0.0253457 0.0893881 0.0134794 0.101754 0.0212593 0.106108 0.0123336 0.0375252 0.109302 0.0253457 0.0893881 0.0134794 0.0450238 0.101754 0.0183524 0.104226 0.0147301 0.0397534 0.0946711 0.0212593 0.121199 0.013748 0.0312346 0.101754 0.0246151 0.106108 0.0123336 0.0375252 0.109302 0.0253457 0.0893881 0.0134794 0.0450238 0.101754 0.0183524 0.104226 0.0147301 0.0397534 0.0946711 0.0212593 0.121199 0.013748 0.0312346 0.101754 0.0246151 0.106108 0.0123336 0.0375252 0.109302 0.0253457
0.0200276 0.0313255 0.00932657 0.0276295 0.0167838 0.0376337 0.00853069 0.0255579 0.0298619 0.0200276 0.0313255 0.00932657 0.0307415 0.0276295 0.0144798 0.036916 0.0101959 0.0270955 0.0255595 0.0167838 0.0434594 0.00951319 0.0212292 0.0276295 0.0194472 0.0376337 0.00853069 0.0255579 0.0298619 0.0200276 0.0313255 0.00932657 0.0307415 0.0276295 0.0144798 0.036916 0.0101959 0.0270955 0.0255595 0.0167838 0.0434594 0.00951319 0.0212292 0.0276295 0.0194472 0.0376337 0.00853069 0.0255579 0.0298619 0.0200276
0.0122571 0.101734 0.0132495 0.151409 0.0102587 0.120457 0.012123 0.0505459 0.161977 0.0122571 0.101734 0.0132495 0.0604829 0.151409 0.00884242 0.118354 0.0144792 0.0535043 0.141415 0.0102587 0.137275 0.0135136 0.0421682 0.151409 0.0118992 0.120457 0.012123 0.0505459 0.161977 0.0122571 0.101734 0.0132495 0.0604829 0.151409 0.00884242 0.118354 0.0144792 0.0535043 0.141415 0.0102587 0.137275 0.0135136 0.0421682 0.151409 0.0118992 0.120457 0.012123 0.0505459 0.161977 0.0122571
0.0180507 0.0987541 0.0136357 0.161808 0.0151222 0.117001 0.0124767 0.040501 0.172954 0.0180507 0.0987541 0.0136357 0.0485643 0.161808 0.0130432 0.11495 0.0149007 0.042898 0.151249 0.0151222 0.133409 0.0139073 0.0337291 0.161808 0.0175265 0.117001 0.0124767 0.040501 0.172954 0.0180507 0.0987541 0.0136357 0.0485643 0.161808 0.0130432 0.11495 0.0149007 0.042898 0.151249 0.0151222 0.133409 0.0139073 0.0337291 0.161808 0.0175265 0.117001 0.0124767 0.040501 0.172954 0.0180507
0.00985828 0.047379 0.00954739 0.0546129 0.00824772 0.0567307 0.00873283 0.0165088 0.0588936 0.00985828 0.047379 0.00954739 0.0198946 0.0546129 0.00710704 0.0556698 0.0104371 0.0175118 0.0506267 0.00824772 0.065312 0.00973838 0.0136912 0.0546129 0.00956971 0.0567307 0.00873283 0.0165088 0.0588936 0.00985828 0.047379 0.00954739 0.0198946 0.0546129 0.00710704 0.0556698 0.0104371 0.0175118 0.0506267 0.00824772 0.065312 0.00973838 0.0136912 0.0546129 0.00956971 0.0567307 0.00873283 0.0165088 0.0588936 0.00985828
0.0166003 0.0244629 0.00838154 0.026835 0.0139038 0.0294311 0.00766568 0.0152015 0.0290052 0.0166003 0.0244629 0.00838154 0.0183242 0.026835 0.0119903 0.0288651 0.00916364 0.0161264 0.0248231 0.0139038 0.0340319 0.00854942 0.0126042 0.026835 0.0161176 0.0294311 0.00766568 0.0152015 0.0290052 0.0166003 0.0244629 0.00838154 0.0183242 0.026835 0.0119903 0.0288651 0.00916364 0.0161264 0.0248231 0.0139038 0.0340319 0.00854942 0.0126042 0.026835 0.0161176 0.0294311 0.00766568 0.0152015 0.0290052 0.0166003
0.0161229 0.174348 0.0164765 0.342014 0.0135028 0.203409 0.0150798 0.0293849 0.360237 0.0161229 0.174348 0.0164765 0.0353165 0.342014 0.0116439 0.200188 0.0180002 0.0311454 0.324244 0.0135028 0.228796 0.0168037 0.0244243 0.342014 0.0156538 0.203409 0.0150798 0.0293849 0.360237 0.0161229 0.174348 0.0164765 0.0353165 0.342014 0.0116439 0.200188 0.0180002 0.0311454 0.324244 0.0135028 0.228796 0.0168037 0.0244243 0.342014 0.0156538 0.203409 0.0150798 0.0293849 0.360237 0.0161229
0.0153244 0.079801 0.012387 0.0936702 0.0128324 0.0949145 0.0113329 0.0389716 0.100686 0.0153244 0.079801 0.012387 0.0467452 0.0936702 0.0110647 0.0932102 0.0135377 0.041282 0.0870958 0.0128324 0.108607 0.0126341 0.0324468 0.0936702 0.0148782 0.0949145 0.0113329 0.0389716 0.100686 0.0153244 0.079801 0.012387 0.0467452 0.0936702 0.0110647 0.0932102 0.0135377 0.041282 0.0870958 0.0128324 0.108607 0.0126341 0.0324468 0.0936702 0.0148782 0.0949145 0.0113329 0.0389716 0.100686 0.0153244
0.0164439 0.0250681 0.00839598 0.0213109 0.0137724 0.0301554 0.00767889 0.0173197 0.0230449 0.0164439 0.0250681 0.00839598 0.0208682 0.0213109 0.0118768 0.029576 0.0091794 0.018371 0.0197047 0.0137724 0.0348655 0.00856413 0.0143657 0.0213109 0.0159656 0.0301554 0.00767889 0.0173197 0.0230449 0.0164439 0.0250681 0.00839598 0.0208682 0.0213109 0.0118768 0.029576 0.0091794 0.018371 0.0197047 0.0137724 0.0348655 0.00856413 0.0143657 0.0213109 0.0159656 0.0301554 0.00767889 0.0173197 0.0230449 0.0164439
0.00862196 0.070799 0.0109779 0.108164 0.00721191 0.0843639 0.0100425 0.0223084 0.116126 0.00862196 0.070799 0.0109779 0.0268511 0.108164 0.00621359 0.0828317 0.0119993 0.0236552 0.100685 0.00721191 0.0966966 0.0111972 0.0185196 0.108164 0.00836928 0.0843639 0.0100425 0.0223084 0.116126 0.00862196 0.070799 0.0109779 0.0268511 0.108164 0.00621359 0.0828317 0.0119993 0.0236552 0.100685 0.00721191 0.0966966 0.0111972 0.0185196 0.108164 0.00836928 0.0843639 0.0100425 0.0223084 0.116126 0.00862196
0.0373932 0.460897 0.0286016 0.758496 0.031427 0.508317 0.0262044 0.0557617 0.772846 0.0373932 0.460897 0.0286016 0.0666521 0.758496 0.0271684 0.503317 0.031211 0.0590064 0.74354 0.031427 0.54569 0.0291625 0.046562 0.758496 0.0363282 0.508317 0.0262044 0.0557617 0.772846 0.0373932 0.460897 0.0286016 0.0666521 0.758496 0.0271684 0.503317 0.031211 0.0590064 0.74354 0.031427 0.54569 0.0291625 0.046562 0.758496 0.0363282 0.508317 0.0262044 0.0557617 0.772846 0.0373932
0.0130867 0.015414 0.00718246 0.0148119 0.0109545 0.0185795 0.00656834 0.017542 0.0160258 0.0130867 0.015414 0.00718246 0.0211351 0.0148119 0.00944307 0.0182183 0.00785355 0.0186066 0.0136887 0.0109545 0.0215216 0.0073265 0.0145507 0.0148119 0.0127048 0.0185795 0.00656834 0.017542 0.0160258 0.0130867 0.015414 0.00718246 0.0211351 0.0148119 0.00944307 0.0182183 0.00785355 0.0186066 0.0136887 0.0109545 0.0215216 0.0073265 0.0145507 0.0148119 0.0127048 0.0185795 0.00656834 0.017542 0.0160258 0.0130867
0.010925 0.0318353 0.00854307 0.0369241 0.0091418 0.038242 0.00781353 0.0117137 0.0398768 0.010925 0.0318353 0.00854307 0.0141301 0.0369241 0.00787846 0.0375132 0.0093401 0.012429 0.0341823 0.0091418 0.0441576 0.00871415 0.00970642 0.0369241 0.0106056 0.038242 0.00781353 0.0117137 0.0398768 0.010925 0.0318353 0.00854307 0.0141301 0.0369241 0.00787846 0.0375132 0.0093401 0.012429 0.0341823 0.0091418 0.0441576 0.00871415 0.00970642 0.0369241 0.0106056 0.038242 0.00781353 0.0117137 0.0398768 0.010925
0.0228521 0.155409 0.0166831 0.261979 0.0191598 0.182009 0.0152692 0.0588391 0.277738 0.0228521 0.155409 0.0166831 0.0702858 0.261979 0.0165351 0.17905 0.0182256 0.062251 0.246808 0.0191598 0.205414 0.0170144 0.049158 0.261979 0.0221917 0.182009 0.0152692 0.0588391 0.277738 0.0228521 0.155409 0.0166831 0.0702858 0.261979 0.0165351 0.17905 0.0182256 0.062251 0.246808 0.0191598 0.205414 0.0170144 0.049158 0.261979 0.0221917 0.182009 0.0152692 0.0588391 0.277738 0.0228521
0.0100677 0.0459303 0.0096902 0.0602899 0.00842326 0.0550125 0.00886357 0.0184822 0.064985 0.0100677 0.0459303 0.0096902 0.0222635 0.0602899 0.00725848 0.053982 0.0105931 0.0196027 0.0559138 0.00842326 0.0633514 0.00988402 0.0153331 0.0602899 0.0097731 0.0550125 0.00886357 0.0184822 0.064985 0.0100677 0.0459303 0.0096902 0.0222635 0.0602899 0.00725848 0.053982 0.0105931 0.0196027 0.0559138 0.00842326 0.0633514 0.00988402 0.0153331 0.0602899 0.0097731 0.0550125 0.00886357 0.0184822 0.064985 0.0100677
0.0199503 0.109604 0.0138402 0.136348 0.0167189 0.129567 0.0126641 0.0311505 0.146046 0.0199503 0.109604 0.0138402 0.0374248 0.136348 0.0144237 0.127328 0.0151239 0.0330132 0.127198 0.0167189 0.147443 0.0141159 0.0258998 0.136348 0.0193721 0.129567 0.0126641 0.0311505 0.146046 0.0199503 0.109604 0.0138402 0.0374248 0.136348 0.0144237 0.127328 0.0151239 0.0330132 0.127198 0.0167189 0.147443 0.0141159 0.0258998 0.136348 0.0193721 0.129567 0.0126641 0.0311505 0.146046 0.0199503
0.0257234 0.0481908 0.0108278 0.04843 0.0215774 0.0576929 0.0099051 0.0227594 0.0522529 0.0257234 0.0481908 0.0108278 0.0273913 0.04843 0.0186278 0.0566152 0.0118354 0.0241328 0.0448737 0.0215774 0.0664095 0.0110441 0.0188955 0.04843 0.0249821 0.0576929 0.0099051 0.0227594 0.0522529 0.0257234 0.0481908 0.0108278 0.0273913 0.04843 0.0186278 0.0566152 0.0118354 0.0241328 0.0448737 0.0215774 0.0664095 0.0110441 0.0188955 0.04843 0.0249821 0.0576929 0.0099051 0.0227594 0.0522529 0.0257234
0.0374738 0.148693 0.0174813 0.240476 0.0314952 0.174381 0.0160008 0.060347 0.255389 0.0374738 0.148693 0.0174813 0.0720646 0.240476 0.0272276 0.17152 0.0190961 0.0638404 0.226169 0.0314952 0.197041 0.0178281 0.0504312 0.240476 0.0364066 0.174381 0.0160008 0.060347 0.255389 0.0374738 0.148693 0.0174813 0.0720646 0.240476 0.0272276 0.17152 0.0190961 0.0638404 0.226169 0.0314952 0.197041 0.0178281 0.0504312 0.240476 0.0364066 0.174381 0.0160008 0.060347 0.255389 0.0374738
0.00848991 0.0391542 0.00877385 0.0431747 0.0071013 0.0469624 0.00802476 0.0129654 0.046603 0.00848991 0.0391542 0.00877385 0.0156359 0.0431747 0.0061182 0.0460754 0.0095922 0.0137561 0.039988 0.0071013 0.054151 0.00894951 0.0107459 0.0431747 0.00824106 0.0469624 0.00802476 0.0129654 0.046603 0.00848991 0.0391542 0.00877385 0.0156359 0.0431747 0.0061182 0.0460754 0.0095922 0.0137561 0.039988 0.0071013 0.054151 0.00894951 0.0107459 0.0431747 0.00824106 0.0469624 0.00802476 0.0129654 0.046603 0.00848991
0.00514619 0.0215892 0.00676739 0.0182665 0.00430211 0.0259893 0.00618854 0.00957417 0.0197578 0.00514619 0.0215892 0.00676739 0.0115544 0.0182665 0.00370508 0.0254878 0.00739999 0.0101602 0.0168858 0.00430211 0.0300688 0.00690316 0.00793059 0.0182665 0.00499486 0.0259893 0.00618854 0.00957417 0.0197578 0.00514619 0.0215892 0.00676739 0.0115544 0.0182665 0.00370508 0.0254878 0.00739999 0.0101602 0.0168858 0.00430211 0.0300688 0.00690316 0.00793059 0.0182665 0.00499486 0.0259893 0.00618854 0.00957417 0.0197578 0.00514619
0.0199944 0.0322862 0.00978891 0.0348925 0.0167559 0.0387801 0.00895394 0.0481058 0.0376891 0.0199944 0.0322862 0.00978891 0.0575922 0.0348925 0.0144557 0.0380414 0.0107009 0.050929 0.0322965 0.0167559 0.044775 0.00998469 0.0401155 0.0348925 0.0194149 0.0387801 0.00895394 0.0481058 0.0376891 0.0199944 0.0322862 0.00978891 0.0575922 0.0348925 0.0144557 0.0380414 0.0107009 0.050929 0.0322965 0.0167559 0.044775 0.00998469 0.0401155 0.0348925 0.0194149 0.0387801 0.00895394 0.0481058 0.0376891 0.0199944
0.00996145 0.0261674 0.00836248 0.0287571 0.00833418 0.0314706 0.00764823 0.0318368 0.0310778 0.00996145 0.0261674 0.00836248 0.0382439 0.0287571 0.00718163 0.0308666 0.00914281 0.0337391 0.026605 0.00833418 0.0363783 0.00852997 0.0264736 0.0287571 0.00966989 0.0314706 0.00764823 0.0318368 0.0310778 0.00996145 0.0261674 0.00836248 0.0382439 0.0287571 0.00718163 0.0308666 0.00914281 0.0337391 0.026605 0.00833418 0.0363783 0.00852997 0.0264736 0.0287571 0.00966989 0.0314706 0.00764823 0.0318368 0.0310778 0.00996145
0.0144367 0.127703 0.0142035 0.232349 0.0120873 0.150405 0.0129969 0.0167381 0.246922 0.0144367 0.127703 0.0142035 0.0201699 0.232349 0.0104212 0.147867 0.0155203 0.0177547 0.218386 0.0120873 0.170594 0.0144863 0.0138819 0.232349 0.014016 0.150405 0.0129969 0.0167381 0.246922 0.0144367 0.127703 0.0142035 0.0201699 0.232349 0.0104212 0.147867 0.0155203 0.0177547 0.218386 0.0120873 0.170594 0.0144863 0.0138819 0.232349 0.014016 0.150405 0.0129969 0.0167381 0.246922 0.0144367
0.0269947 0.097854 0.0138703 0.122312 0.0226486 0.115956 0.0126916 0.0341252 0.131163 0.0269947 0.097854 0.0138703 0.0409733 0.122312 0.0195555 0.113921 0.0151567 0.0361591 0.11398 0.0226486 0.13224 0.0141465 0.0283878 0.122312 0.0262178 0.115956 0.0126916 0.0341252 0.131163 0.0269947 0.097854 0.0138703 0.0409733 0.122312 0.0195555 0.113921 0.0151567 0.0361591 0.11398 0.0226486 0.13224 0.0141465 0.0283878 0.122312 0.0262178 0.115956 0.0126916 0.0341252 0.131163 0.0269947
0.0160903 0.05158 0.011084 0.0951714 0.0134755 0.0617071 0.0101397 0.0334577 0.102287 0.0160903 0.05158 0.011084 0.0401775 0.0951714 0.0116202 0.0605592 0.0121152 0.0354533 0.0885018 0.0134755 0.0709846 0.0113054 0.0278293 0.0951714 0.0156222 0.0617071 0.0101397 0.0334577 0.102287 0.0160903 0.05158 0.011084 0.0401775 0.0951714 0.0116202 0.0605592 0.0121152 0.0354533 0.0885018 0.0134755 0.0709846 0.0113054 0.0278293 0.0951714 0.0156222 0.0617071 0.0101397 0.0334577 0.102287 0.0160903
0.0235442 0.0414711 0.0104656 0.045747 0.0197423 0.0497174 0.00957344 0.0359836 0.0493691 0.0235442 0.0414711 0.0104656 0.043188 0.045747 0.0170392 0.048781 0.0114399 0.0381239 0.0423789 0.0197423 0.0573023 0.0106747 0.0299434 0.045747 0.0228643 0.0497174 0.00957344 0.0359836 0.0493691 0.0235442 0.0414711 0.0104656 0.043188 0.045747 0.0170392 0.048781 0.0114399 0.0381239 0.0423789 0.0197423 0.0573023 0.0106747 0.0299434 0.045747 0.0228643 0.0497174 0.00957344 0.0359836 0.0493691 0.0235442
0.00940226 0.0209795 0.00721743 0.0189015 0.00786561 0.0252586 0.00660034 0.00994103 0.0204435 0.00940226 0.0209795 0.00721743 0.0119962 0.0189015 0.00677742 0.0247708 0.00789177 0.0105493 0.0174737 0.00786561 0.0292268 0.00736216 0.00823499 0.0189015 0.00912692 0.0252586 0.00660034 0.00994103 0.0204435 0.00940226 0.0209795 0.00721743 0.0119962 0.0189015 0.00677742 0.0247708 0.00789177 0.0105493 0.0174737 0.00786561 0.0292268 0.00736216 0.00823499 0.0189015 0.00912692 0.0252586 0.00660034 0.00994103 0.0204435 0.00940226
0.0205032 0.219972 0.018507 0.403656 0.0171838 0.254296 0.0169411 0.0350623 0.423053 0.0205032 0.219972 0.018507 0.0420902 0.403656 0.0148257 0.250522 0.0202147 0.0371498 0.384556 0.0171838 0.283772 0.0188739 0.0291721 0.403656 0.0199093 0.254296 0.0169411 0.0350623 0.423053 0.0205032 0.219972 0.018507 0.0420902 0.403656 0.0148257 0.250522 0.0202147 0.0371498 0.384556 0.0171838 0.283772 0.0188739 0.0291721 0.403656 0.0199093 0.254296 0.0169411 0.0350623 0.423053 0.0205032
0.00793277 0.0456176 0.00918363 0.0528756 0.00663468 0.0546415 0.00839985 0.0161109 0.0570283 0.00793277 0.0456176 0.00918363 0.0194166 0.0528756 0.0057158 0.0536175 0.0100398 0.0170901 0.0490095 0.00663468 0.0629279 0.00936742 0.0133603 0.0528756 0.00770013 0.0546415 0.00839985 0.0161109 0.0570283 0.00793277 0.0456176 0.00918363 0.0194166 0.0528756 0.0057158 0.0536175 0.0100398 0.0170901 0.0490095 0.00663468 0.0629279 0.00936742 0.0133603 0.0528756 0.00770013 0.0546415 0.00839985 0.0161109 0.0570283 0.00793277
0.0205599 0.129042 0.0157761 0.225491 0.0172315 0.151941 0.0144379 0.0740047 0.239769 0.0205599 0.129042 0.0157761 0.0881254 0.225491 0.0148669 0.149382 0.0172362 0.0782229 0.211827 0.0172315 0.172294 0.0160897 0.0619927 0.225491 0.0199644 0.151941 0.0144379 0.0740047 0.239769 0.0205599 0.129042 0.0157761 0.0881254 0.225491 0.0148669 0.149382 0.0172362 0.0782229 0.211827 0.0172315 0.172294 0.0160897 0.0619927 0.225491 0.0199644 0.151941 0.0144379 0.0740047 0.239769 0.0205599
0.0479049 0.0859853 0.0144733 0.108779 0.0403318 0.10214 0.0132441 0.0397181 0.116781 0.0479049 0.0859853 0.0144733 0.0476332 0.108779 0.0349101 0.10032 0.0158148 0.0420708 0.101263 0.0403318 0.11674 0.0147614 0.0330725 0.108779 0.0465551 0.10214 0.0132441 0.0397181 0.116781 0.0479049 0.0859853 0.0144733 0.0476332 0.108779 0.0349101 0.10032 0.0158148 0.0420708 0.101263 0.0403318 0.11674 0.0147614 0.0330725 0.108779 0.0465551 0.10214 0.0132441 0.0397181 0.116781 0.0479049
0.0293197 0.105693 0.015118 0.155874 0.0246088 0.125044 0.0138348 0.0646499 0.166692 0.0293197 0.105693 0.015118 0.0771344 0.155874 0.0212538 0.122872 0.0165182 0.0683743 0.145635 0.0246088 0.142399 0.0154187 0.0540677 0.155874 0.0284779 0.125044 0.0138348 0.0646499 0.166692 0.0293197 0.105693 0.015118 0.0771344 0.155874 0.0212538 0.122872 0.0165182 0.0683743 0.145635 0.0246088 0.142399 0.0154187 0.0540677 0.155874 0.0284779 0.125044 0.0138348 0.0646499 0.166692 0.0293197
0.0227302 0.09281 0.0136072 0.120045 0.0190572 0.110092 0.0124506 0.0374987 0.128756 0.0227302 0.09281 0.0136072 0.0449923 0.120045 0.0164463 0.108148 0.0148695 0.0397254 0.111847 0.0190572 0.12567 0.0138782 0.0312125 0.120045 0.0220732 0.110092 0.0124506 0.0374987 0.128756 0.0227302 0.09281 0.0136072 0.0449923 0.120045 0.0164463 0.108148 0.0148695 0.0397254 0.111847 0.0190572 0.12567 0.0138782 0.0312125 0.120045 0.0220732 0.110092 0.0124506 0.0374987 0.128756 0.0227302
0.0165279 0.0272568 0.00847842 0.0222788 0.0138429 0.0327733 0.00775435 0.0165455 0.0240896 0.0165279 0.0272568 0.00847842 0.0199386 0.0222788 0.0119377 0.0321452 0.00926946 0.0175506 0.0206012 0.0138429 0.0378763 0.00864821 0.0137217 0.0222788 0.0160472 0.0327733 0.00775435 0.0165455 0.0240896 0.0165279 0.0272568 0.00847842 0.0199386 0.0222788 0.0119377 0.0321452 0.00926946 0.0175506 0.0206012 0.0138429 0.0378763 0.00864821 0.0137217 0.0222788 0.0160472 0.0327733 0.00775435 0.0165455 0.0240896 0.0165279
0.0148781 0.0202969 0.00795957 0.0163381 0.0124578 0.0244402 0.00727948 0.0332261 0.0176748 0.0148781 0.0202969 0.00795957 0.0399013 0.0163381 0.0107411 0.0239678 0.00870263 0.0352084 0.015101 0.0124578 0.0282836 0.00811905 0.0276355 0.0163381 0.0144447 0.0244402 0.00727948 0.0332261 0.0176748 0.0148781 0.0202969 0.00795957 0.0399013 0.0163381 0.0107411 0.0239678 0.00870263 0.0352084 0.015101 0.0124578 0.0282836 0.00811905 0.0276355 0.0163381 0.0144447 0.0244402 0.00727948 0.0332261 0.0176748 0.0148781
0.00941121 0.0301433 0.00831627 0.035967 0.00787311 0.0362223 0.00760594 0.0164761 0.0388462 0.00941121 0.0301433 0.00831627 0.0198553 0.035967 0.00678389 0.0355306 0.00909232 0.0174771 0.0332938 0.00787311 0.0418391 0.00848284 0.013664 0.035967 0.00913561 0.0362223 0.00760594 0.0164761 0.0388462 0.00941121 0.0301433 0.00831627 0.0198553 0.035967 0.00678389 0.0355306 0.00909232 0.0174771 0.0332938 0.00787311 0.0418391 0.00848284 0.013664 0.035967 0.00913561 0.0362223 0.00760594 0.0164761 0.0388462 0.00941121
0.0123541 0.0450791 0.00976701 0.0573351 0.0103401 0.0540025 0.00893388 0.0175318 0.0618152 0.0123541 0.0450791 0.00976701 0.0211229 0.0573351 0.00891261 0.0529898 0.010677 0.0185958 0.0531613 0.0103401 0.0621984 0.00996235 0.0145422 0.0573351 0.0119934 0.0540025 0.00893388 0.0175318 0.0618152 0.0123541 0.0450791 0.00976701 0.0211229 0.0573351 0.00891261 0.0529898 0.010677 0.0185958 0.0531613 0.0103401 0.0621984 0.00996235 0.0145422 0.0573351 0.0119934 0.0540025 0.00893388 0.0175318 0.0618152 0.0123541
0.0112905 0.0740542 0.0114551 0.134894 0.00944821 0.0881835 0.0104795 0.011483 0.144505 0.0112905 0.0740542 0.0114551 0.0138526 0.134894 0.00814286 0.0865886 0.0125204 0.0121844 0.125828 0.00944821 0.101013 0.0116838 0.0095149 0.134894 0.0109605 0.0881835 0.0104795 0.011483 0.144505 0.0112905 0.0740542 0.0114551 0.0138526 0.134894 0.00814286 0.0865886 0.0125204 0.0121844 0.125828 0.00944821 0.101013 0.0116838 0.0095149 0.134894 0.0109605 0.0881835 0.0104795 0.011483 0.144505 0.0112905
0.0204494 0.230055 0.0188373 0.489003 0.0171385 0.265417 0.017244 0.0224991 0.509 0.0204494 0.230055 0.0188373 0.0270795 0.489003 0.0147866 0.261536 0.0205748 0.0238571 0.46904 0.0171385 0.29567 0.0192106 0.0186785 0.489003 0.0198571 0.265417 0.017244 0.0224991 0.509 0.0204494 0.230055 0.0188373 0.0270795 0.489003 0.0147866 0.261536 0.0205748 0.0238571 0.46904 0.0171385 0.29567 0.0192106 0.0186785 0.489003 0.0198571 0.265417 0.017244 0.0224991 0.509 0.0204494
0.0171564 0.0513451 0.0103093 0.0492301 0.0143708 0.0614291 0.00943039 0.0130312 0.0531125 0.0171564 0.0513451 0.0103093 0.0157151 0.0492301 0.0123939 0.060286 0.0112693 0.0138259 0.0456177 0.0143708 0.0706679 0.0105154 0.0108006 0.0492301 0.0166578 0.0614291 0.00943039 0.0130312 0.0531125 0.0171564 0.0513451 0.0103093 0.0157151 0.0492301 0.0123939 0.060286 0.0112693 0.0138259 0.0456177 0.0143708 0.0706679 0.0105154 0.0108006 0.0492301 0.0166578 0.0614291 0.00943039 0.0130312 0.0531125 0.0171564
0.0362082 0.0657631 0.0132485 0.0839326 0.0304251 0.0784446 0.012122 0.0523426 0.0902919 0.0362082 0.0657631 0.0132485 0.0626095 0.0839326 0.0262986 0.0770109 0.0144781 0.0554 0.0779828 0.0304251 0.0899971 0.0135125 0.0436808 0.0839326 0.0351757 0.0784446 0.012122 0.0523426 0.0902919 0.0362082 0.0657631 0.0132485 0.0626095 0.0839326 0.0262986 0.0770109 0.0144781 0.0554 0.0779828 0.0304251 0.0899971 0.0135125 0.0436808 0.0839326 0.0351757 0.0784446 0.012122 0.0523426 0.0902919 0.0362082
0.0351091 0.139067 0.0165629 0.203557 0.0294962 0.163411 0.015159 0.0444036 0.216834 0.0351091 0.139067 0.0165629 0.0532007 0.203557 0.0254924 0.160695 0.0180945 0.0470203 0.190894 0.0294962 0.184965 0.0168918 0.0370043 0.203557 0.0341069 0.163411 0.015159 0.0444036 0.216834 0.0351091 0.139067 0.0165629 0.0532007 0.203557 0.0254924 0.160695 0.0180945 0.0470203 0.190894 0.0294962 0.184965 0.0168918 0.0370043 0.203557 0.0341069 0.163411 0.015159 0.0444036 0.216834 0.0351091
0.018833 0.103448 0.0132858 0.133515 0.0157796 0.122444 0.0121562 0.0198242 0.143045 0.018833 0.103448 0.0132858 0.0238734 0.133515 0.0136115 0.120312 0.0145188 0.0210243 0.124528 0.0157796 0.139496 0.0135505 0.0164502 0.133515 0.0182866 0.122444 0.0121562 0.0198242 0.143045 0.018833 0.103448 0.0132858 0.0238734 0.133515 0.0136115 0.120312 0.0145188 0.0210243 0.124528 0.0157796 0.139496 0.0135505 0.0164502 0.133515 0.0182866 0.122444 0.0121562 0.0198242 0.143045 0.018833
0.0209424 0.0589048 0.0117548 0.0613676 0.0175531 0.0703633 0.0107539 0.0566717 0.0661407 0.0209424 0.0589048 0.0117548 0.0677271 0.0613676 0.0151452 0.0690662 0.0128476 0.059966 0.056918 0.0175531 0.0808301 0.0119894 0.0473293 0.0613676 0.0203361 0.0703633 0.0107539 0.0566717 0.0661407 0.0209424 0.0589048 0.0117548 0.0677271 0.0613676 0.0151452 0.0690662 0.0128476 0.059966 0.056918 0.0175531 0.0808301 0.0119894 0.0473293 0.0613676 0.0203361 0.0703633 0.0107539 0.0566717 0.0661407 0.0209424
0.0072947 0.0144758 0.00616301 0.0105411 0.00610038 0.017452 0.00563555 0.00951852 0.011409 0.0072947 0.0144758 0.00616301 0.0114874 0.0105411 0.00525511 0.0171124 0.00673949 0.0101012 0.00973854 0.00610038 0.0202193 0.00628672 0.00788441 0.0105411 0.00708064 0.017452 0.00563555 0.00951852 0.011409 0.0072947 0.0144758 0.00616301 0.0114874 0.0105411 0.00525511 0.0171124 0.00673949 0.0101012 0.00973854 0.00610038 0.0202193 0.00628672 0.00788441 0.0105411 0.00708064 0.017452 0.00563555 0.00951852 0.011409 0.0072947
0.0116624 0.153365 0.0149817 0.268137 0.00976002 0.17969 0.0137099 0.0286669 0.284124 0.0116624 0.153365 0.0149817 0.0344587 0.268137 0.00841196 0.176761 0.0163695 0.0303857 0.252732 0.00976002 0.202871 0.0152797 0.0238245 0.268137 0.0113216 0.17969 0.0137099 0.0286669 0.284124 0.0116624 0.153365 0.0149817 0.0344587 0.268137 0.00841196 0.176761 0.0163695 0.0303857 0.252732 0.00976002 0.202871 0.0152797 0.0238245 0.268137 0.0113216 0.17969 0.0137099 0.0286669 0.284124 0.0116624
0.0154419 0.073523 0.0119275 0.0957973 0.012931 0.0875606 0.0109121 0.0237784 0.102955 0.0154419 0.073523 0.0119275 0.0286116 0.0957973 0.0111499 0.0859758 0.0130362 0.0252117 0.0890882 0.012931 0.100309 0.0121655 0.019745 0.0957973 0.0149923 0.0875606 0.0109121 0.0237784 0.102955 0.0154419 0.073523 0.0119275 0.0286116 0.0957973 0.0111499 0.0859758 0.0130362 0.0252117 0.0890882 0.012931 0.100309 0.0121655 0.019745 0.0957973 0.0149923 0.0875606 0.0109121 0.0237784 0.102955 0.0154419
0.0220855 0.183153 0.0172598 0.304885 0.0185147 0.213303 0.0157977 0.0425069 0.322099 0.0220855 0.183153 0.0172598 0.0509482 0.304885 0.015977 0.209967 0.0188546 0.045017 0.2882 0.0185147 0.239554 0.0176023 0.0354119 0.304885 0.0214468 0.213303 0.0157977 0.0425069 0.322099 0.0220855 0.183153 0.0172598 0.0509482 0.304885 0.015977 0.209967 0.0188546 0.045017 0.2882 0.0185147 0.239554 0.0176023 0.0354119 0.304885 0.0214468 0.213303 0.0157977 0.0425069 0.322099 0.0220855
0.0215663 0.131311 0.0157237 0.29197 0.0180779 0.154541 0.0143898 0.0375455 0.308778 0.0215663 0.131311 0.0157237 0.045048 0.29197 0.0155991 0.151946 0.017179 0.0397749 0.275711 0.0180779 0.17517 0.0160362 0.0312517 0.29197 0.0209423 0.154541 0.0143898 0.0375455 0.308778 0.0215663 0.131311 0.0157237 0.045048 0.29197 0.0155991 0.151946 0.017179 0.0397749 0.275711 0.0180779 0.17517 0.0160362 0.0312517 0.29197 0.0209423 0.154541 0.0143898 0.0375455 0.308778 0.0215663
0.024041 0.0263702 0.00888247 0.0224793 0.0201606 0.0317131 0.00812418 0.0185422 0.0243061 0.024041 0.0263702 0.00888247 0.0223355 0.0224793 0.0174012 0.0311047 0.00971085 0.0196663 0.020787 0.0201606 0.0366572 0.00906029 0.015383 0.0224793 0.023347 0.0317131 0.00812418 0.0185422 0.0243061 0.024041 0.0263702 0.00888247 0.0223355 0.0224793 0.0174012 0.0311047 0.00971085 0.0196663 0.020787 0.0201606 0.0366572 0.00906029 0.015383 0.0224793 0.023347 0.0317131 0.00812418 0.0185422 0.0243061 0.024041
0.047723 0.230384 0.0215664 0.369776 0.0401774 0.265779 0.0197468 0.0864881 0.388606 0.047723 0.230384 0.0215664 0.102727 0.369776 0.0347757 0.261895 0.0235495 0.0913477 0.351335 0.0401774 0.296057 0.0219925 0.0726088 0.369776 0.046378 0.265779 0.0197468 0.0864881 0.388606 0.047723 0.230384 0.0215664 0.102727 0.369776 0.0347757 0.261895 0.0235495 0.0913477 0.351335 0.0401774 0.296057 0.0219925 0.0726088 0.369776 0.046378 0.265779 0.0197468 0.0864881 0.388606 0.047723
0.0165992 0.0292956 0.00902953 0.0285857 0.0139028 0.0352099 0.00825879 0.0384266 0.030893 0.0165992 0.0292956 0.00902953 0.0460966 0.0285857 0.0119895 0.0345368 0.00987149 0.040706 0.0264461 0.0139028 0.0406763 0.00921026 0.0319899 0.0285857 0.0161165 0.0352099 0.00825879 0.0384266 0.030893 0.0165992 0.0292956 0.00902953 0.0460966 0.0285857 0.0119895 0.0345368 0.00987149 0.040706 0.0264461 0.0139028 0.0406763 0.00921026 0.0319899 0.0285857 0.0161165 0.0352099 0.00825879 0.0384266 0.030893 0.0165992
0.0226381 0.048344 0.0112544 0.0593304 0.0189797 0.0578746 0.0102957 0.0401379 0.0639558 0.0226381 0.048344 0.0112544 0.0481325 0.0593304 0.0163793 0.0567936 0.0123012 0.0425144 0.0550198 0.0189797 0.0666167 0.0114791 0.0334245 0.0593304 0.0219837 0.0578746 0.0102957 0.0401379 0.0639558 0.0226381 0.048344 0.0112544 0.0481325 0.0593304 0.0163793 0.0567936 0.0123012 0.0425144 0.0550198 0.0189797 0.0666167 0.0114791 0.0334245 0.0593304 0.0219837 0.0578746 0.0102957 0.0401379 0.0639558 0.0226381
0.00679614 0.0104397 0.00581203 0.00700285 0.00568297 0.0125967 0.00531445 0.0249713 0.00758168 0.00679614 0.0104397 0.00581203 0.0300395 0.00700285 0.00489525 0.0123504 0.00635589 0.0264745 0.00646793 0.00568297 0.0146055 0.00592874 0.0207398 0.00700285 0.00659661 0.0125967 0.00531445 0.0249713 0.00758168 0.00679614 0.0104397 0.00581203 0.0300395 0.00700285 0.00489525 0.0123504 0.00635589 0.0264745 0.00646793 0.00568297 0.0146055 0.00592874 0.0207398 0.00700285 0.00659661 0.0125967 0.00531445 0.0249713 0.00758168 0.00679614
0.00765278 0.0129257 0.00624958 0.0120568 0.00640021 0.0155882 0.00571476 0.0123048 0.0130479 0.00765278 0.0129257 0.00624958 0.0148413 0.0120568 0.00551362 0.0152843 0.0068341 0.0130557 0.0111402 0.00640021 0.0180654 0.00637502 0.0101973 0.0120568 0.00742829 0.0155882 0.00571476 0.0123048 0.0130479 0.00765278 0.0129257 0.00624958 0.0148413 0.0120568 0.00551362 0.0152843 0.0068341 0.0130557 0.0111402 0.00640021 0.0180654 0.00637502 0.0101973 0.0120568 0.00742829 0.0155882 0.00571476 0.0123048 0.0130479 0.00765278
0.0179584 0.0505897 0.0109936 0.0678161 0.0150447 0.0605348 0.010057 0.0376986 0.0730517 0.0179584 0.0505897 0.0109936 0.0452302 0.0678161 0.0129763 0.0594073 0.0120165 0.0399366 0.0629302 0.0150447 0.069649 0.0112132 0.0313799 0.0678161 0.0174369 0.0605348 0.010057 0.0376986 0.0730517 0.0179584 0.0505897 0.0109936 0.0452302 0.0678161 0.0129763 0.0594073 0.0120165 0.0399366 0.0629302 0.0150447 0.069649 0.0112132 0.0313799 0.0678161 0.0174369 0.0605348 0.010057 0.0376986 0.0730517 0.0179584
0.0132909 0.082076 0.0118283 0.103658 0.0111259 0.0975745 0.0108213 0.0166655 0.11133 0.0132909 0.082076 0.0118283 0.0200827 0.103658 0.00959099 0.0958276 0.0129278 0.0176778 0.096457 0.0111259 0.111603 0.0120644 0.0138216 0.103658 0.0129032 0.0975745 0.0108213 0.0166655 0.11133 0.0132909 0.082076 0.0118283 0.0200827 0.103658 0.00959099 0.0958276 0.0129278 0.0176778 0.096457 0.0111259 0.111603 0.0120644 0.0138216 0.103658 0.0129032 0.0975745 0.0108213 0.0166655 0.11133 0.0132909
0.0198896 0.0214551 0.00841923 0.0215625 0.0166678 0.0258286 0.00770018 0.0294808 0.0233165 0.0198896 0.0214551 0.00841923 0.035431 0.0215625 0.0143795 0.0253301 0.00920481 0.0312468 0.0199377 0.0166678 0.0298836 0.00858785 0.0245044 0.0215625 0.0193131 0.0258286 0.00770018 0.0294808 0.0233165 0.0198896 0.0214551 0.00841923 0.035431 0.0215625 0.0143795 0.0253301 0.00920481 0.0312468 0.0199377 0.0166678 0.0298836 0.00858785 0.0245044 0.0215625 0.0193131 0.0258286 0.00770018 0.0294808 0.0233165 0.0198896
0.0750795 0.597043 0.0363627 0.84788 0.063497 0.641794 0.0333374 0.0861419 0.857913 0.0750795 0.597043 0.0363627 0.102323 0.84788 0.05514 0.637183 0.0396514 0.090984 0.837272 0.063497 0.675498 0.0370701 0.0723137 0.84788 0.0730226 0.641794 0.0333374 0.0861419 0.857913 0.0750795 0.597043 0.0363627 0.102323 0.84788 0.05514 0.637183 0.0396514 0.090984 0.837272 0.063497 0.675498 0.0370701 0.0723137 0.84788 0.0730226 0.641794 0.0333374 0.0861419 0.857913 0.0750795
0.0304654 0.0457015 0.0114023 0.0626752 0.0255752 0.054741 0.0104312 0.0257947 0.0675427 0.0304654 0.0457015 0.0114023 0.0310247 0.0626752 0.0220914 0.0537153 0.0124627 0.0273461 0.0581367 0.0255752 0.0630415 0.01163 0.0214268 0.0626752 0.0295916 0.054741 0.0104312 0.0257947 0.0675427 0.0304654 0.0457015 0.0114023 0.0310247 0.0626752 0.0220914 0.0537153 0.0124627 0.0273461 0.0581367 0.0255752 0.0630415 0.01163 0.0214268 0.0626752 0.0295916 0.054741 0.0104312 0.0257947 0.0675427 0.0304654
0.0237905 0.118928 0.0150406 0.208329 0.0199497 0.140322 0.0137639 0.0344545 0.221831 0.0237905 0.118928 0.0150406 0.0413659 0.208329 0.0172187 0.137926 0.0164338 0.0365073 0.195442 0.0199497 0.159411 0.0153398 0.0286634 0.208329 0.0231036 0.140322 0.0137639 0.0344545 0.221831 0.0237905 0.118928 0.0150406 0.0413659 0.208329 0.0172187 0.137926 0.0164338 0.0365073 0.195442 0.0199497 0.159411 0.0153398 0.0286634 0.208329 0.0231036 0.140322 0.0137639 0.0344545 0.221831 0.0237905
0.00898104 0.221555 0.0161213 0.349406 0.00751271 0.256044 0.0147542 0.0201974 0.367804 0.00898104 0.221555 0.0161213 0.0243209 0.349406 0.00647302 0.252253 0.0176128 0.0214195 0.331446 0.00751271 0.285645 0.0164416 0.016761 0.349406 0.00871792 0.256044 0.0147542 0.0201974 0.367804 0.00898104 0.221555 0.0161213 0.0243209 0.349406 0.00647302 0.252253 0.0176128 0.0214195 0.331446 0.00751271 0.285645 0.0164416 0.016761 0.349406 0.00871792 0.256044 0.0147542 0.0201974 0.367804 0.00898104
0.00594595 0.0073745 0.00482497 0.00468933 0.00497134 0.00890387 0.00441153 0.00518021 0.00507791 0.00594595 0.0073745 0.00482497 0.00625738 0.00468933 0.00428184 0.0087291 0.00527696 0.00549877 0.00433036 0.00497134 0.0103299 0.00492196 0.00428766 0.00468933 0.00577123 0.00890387 0.00441153 0.00518021 0.00507791 0.00594595 0.0073745 0.00482497 0.00625738 0.00468933 0.00428184 0.0087291 0.00527696 0.00549877 0.00433036 0.00497134 0.0103299 0.00492196 0.00428766 0.00468933 0.00577123 0.00890387 0.00441153 0.00518021 0.00507791 0.00594595
0.0286459 0.14779 0.0167007 0.213838 0.0240405 0.173354 0.0152853 0.0567179 0.227595 0.0286459 0.14779 0.0167007 0.0677816 0.213838 0.0207614 0.170507 0.0182448 0.0600146 0.200697 0.0240405 0.195912 0.0170324 0.0473682 0.213838 0.0278228 0.173354 0.0152853 0.0567179 0.227595 0.0286459 0.14779 0.0167007 0.0677816 0.213838 0.0207614 0.170507 0.0182448 0.0600146 0.200697 0.0240405 0.195912 0.0170324 0.0473682 0.213838 0.0278228 0.173354 0.0152853 0.0567179 0.227595 0.0286459
0.0122271 0.0316938 0.00859285 0.0292491 0.0102335 0.0380732 0.00785908 0.0157158 0.0316081 0.0122271 0.0316938 0.00859285 0.018942 0.0292491 0.00882066 0.0373474 0.00939447 0.0166714 0.0270611 0.0102335 0.0439638 0.00876491 0.0130318 0.0292491 0.01187 0.0380732 0.00785908 0.0157158 0.0316081 0.0122271 0.0316938 0.00859285 0.018942 0.0292491 0.00882066 0.0373474 0.00939447 0.0166714 0.0270611 0.0102335 0.0439638 0.00876491 0.0130318 0.0292491 0.01187 0.0380732 0.00785908 0.0157158 0.0316081 0.0122271
0.0314635 0.0876652 0.0139854 0.132039 0.0264174 0.104099 0.0127971 0.0425615 0.14148 0.0314635 0.0876652 0.0139854 0.0510132 0.132039 0.0228217 0.102249 0.0152823 0.0450748 0.123137 0.0264174 0.118943 0.0142639 0.0354578 0.132039 0.030562 0.104099 0.0127971 0.0425615 0.14148 0.0314635 0.0876652 0.0139854 0.0510132 0.132039 0.0228217 0.102249 0.0152823 0.0450748 0.123137 0.0264174 0.118943 0.0142639 0.0354578 0.132039 0.030562 0.104099 0.0127971 0.0425615 0.14148 0.0314635
0.0169199 0.0345027 0.00953993 0.0348686 0.0141722 0.0414233 0.00872601 0.0329569 0.0376633 0.0169199 0.0345027 0.00953993 0.0395802 0.0348686 0.0122223 0.0406364 0.010429 0.0349237 0.0322743 0.0141722 0.0478065 0.00973078 0.0274103 0.0348686 0.0164281 0.0414233 0.00872601 0.0329569 0.0376633 0.0169199 0.0345027 0.00953993 0.0395802 0.0348686 0.0122223 0.0406364 0.010429 0.0349237 0.0322743 0.0141722 0.0478065 0.00973078 0.0274103 0.0348686 0.0164281 0.0414233 0.00872601 0.0329569 0.0376633 0.0169199
0.0133153 0.068762 0.0115621 0.129214 0.0111464 0.081971 0.0105775 0.0177285 0.138485 0.0133153 0.068762 0.0115621 0.021359 0.129214 0.00960868 0.0804785 0.0126372 0.0188042 0.120476 0.0111464 0.0939899 0.0117929 0.0147059 0.129214 0.0129269 0.081971 0.0105775 0.0177285 0.138485 0.0133153 0.068762 0.0115621 0.021359 0.129214 0.00960868 0.0804785 0.0126372 0.0188042 0.120476 0.0111464 0.0939899 0.0117929 0.0147059 0.129214 0.0129269 0.081971 0.0105775 0.0177285 0.138485 0.0133153
0.0139909 0.0559642 0.010754 0.0948273 0.0117132 0.0668913 0.00983751 0.0133884 0.10192 0.0139909 0.0559642 0.010754 0.0161447 0.0948273 0.0100981 0.0656537 0.0117548 0.0142046 0.0881795 0.0117132 0.0768843 0.0109689 0.0110974 0.0948273 0.013583 0.0668913 0.00983751 0.0133884 0.10192 0.0139909 0.0559642 0.010754 0.0161447 0.0948273 0.0100981 0.0656537 0.0117548 0.0142046 0.0881795 0.0117132 0.0768843 0.0109689 0.0110974 0.0948273 0.013583 0.0668913 0.00983751 0.0133884 0.10192 0.0139909
0.00510529 0.0128799 0.00585261 0.012444 0.00426788 0.0155331 0.00535158 0.00928075 0.0134664 0.00510529 0.0128799 0.00585261 0.011201 0.012444 0.00367559 0.0152302 0.00640025 0.00984899 0.0114982 0.00426788 0.0180016 0.00597014 0.00768715 0.012444 0.00495515 0.0155331 0.00535158 0.00928075 0.0134664 0.00510529 0.0128799 0.00585261 0.011201 0.012444 0.00367559 0.0152302 0.00640025 0.00984899 0.0114982 0.00426788 0.0180016 0.00597014 0.00768715 0.012444 0.00495515 0.0155331 0.00535158 0.00928075 0.0134664 0.00510529
0.0198755 0.11948 0.0145721 0.201224 0.0166559 0.140957 0.0133346 0.0206054 0.21439 0.0198755 0.11948 0.0145721 0.0248101 0.201224 0.0143692 0.138552 0.0159226 0.0218517 0.188672 0.0166559 0.160116 0.0148621 0.0171008 0.201224 0.0192994 0.140957 0.0133346 0.0206054 0.21439 0.0198755 0.11948 0.0145721 0.0248101 0.201224 0.0143692 0.138552 0.0159226 0.0218517 0.188672 0.0166559 0.160116 0.0148621 0.0171008 0.201224 0.0192994 0.140957 0.0133346 0.0206054 0.21439 0.0198755
0.0194335 0.0957463 0.0137663 0.158417 0.0162844 0.113507 0.0125963 0.0324414 0.169376 0.0194335 0.0957463 0.0137663 0.0389653 0.158417 0.0140479 0.11151 0.0150432 0.0343785 0.14804 0.0162844 0.129498 0.0140405 0.0269792 0.158417 0.01887 0.113507 0.0125963 0.0324414 0.169376 0.0194335 0.0957463 0.0137663 0.0389653 0.158417 0.0140479 0.11151 0.0150432 0.0343785 0.14804 0.0162844 0.129498 0.0140405 0.0269792 0.158417 0.01887 0.113507 0.0125963 0.0324414 0.169376 0.0194335
0.0126922 0.173536 0.0154016 0.242412 0.0106236 0.202495 0.0140947 0.0335781 0.257405 0.0126922 0.173536 0.0154016 0.040321 0.242412 0.00915738 0.199285 0.0168276 0.0355806 0.228025 0.0106236 0.227801 0.0157078 0.02793 0.242412 0.0123217 0.202495 0.0140947 0.0335781 0.257405 0.0126922 0.173536 0.0154016 0.040321 0.242412 0.00915738 0.199285 0.0168276 0.0355806 0.228025 0.0106236 0.227801 0.0157078 0.02793 0.242412 0.0123217 0.202495 0.0140947 0.0335781 0.257405 0.0126922
0.023038 0.0434298 0.010883 0.0556608 0.0193163 0.0520445 0.00995563 0.0309201 0.0600184 0.023038 0.0434298 0.010883 0.0371498 0.0556608 0.0166705 0.0510665 0.0118957 0.0327695 0.0516022 0.0193163 0.059962 0.0111004 0.0257072 0.0556608 0.0223723 0.0520445 0.00995563 0.0309201 0.0600184 0.023038 0.0434298 0.010883 0.0371498 0.0556608 0.0166705 0.0510665 0.0118957 0.0327695 0.0516022 0.0193163 0.059962 0.0111004 0.0257072 0.0556608 0.0223723 0.0520445 0.00995563 0.0309201 0.0600184 0.023038
0.0068028 0.0149612 0.00627594 0.013143 0.00568855 0.0180354 0.00573888 0.0082282 0.0142221 0.0068028 0.0149612 0.00627594 0.00993285 0.013143 0.00490007 0.0176846 0.00686292 0.00873256 0.0121448 0.00568855 0.0208931 0.00640191 0.00681409 0.013143 0.00660308 0.0180354 0.00573888 0.0082282 0.0142221 0.0068028 0.0149612 0.00627594 0.00993285 0.013143 0.00490007 0.0176846 0.00686292 0.00873256 0.0121448 0.00568855 0.0208931 0.00640191 0.00681409 0.013143 0.00660308 0.0180354 0.00573888 0.0082282 0.0142221 0.0068028
0.0146172 0.135918 0.0146131 0.213937 0.0122388 0.159814 0.0133722 0.0275001 0.227698 0.0146172 0.135918 0.0146131 0.0330642 0.213937 0.010552 0.157147 0.0159673 0.029151 0.200791 0.0122388 0.180996 0.0149039 0.0228502 0.213937 0.0141913 0.159814 0.0133722 0.0275001 0.227698 0.0146172 0.135918 0.0146131 0.0330642 0.213937 0.010552 0.157147 0.0159673 0.029151 0.200791 0.0122388 0.180996 0.0149039 0.0228502 0.213937 0.0141913 0.159814 0.0133722 0.0275001 0.227698 0.0146172
0.013218 0.0787281 0.0125395 0.139994 0.0110647 0.093659 0.0114726 0.0440206 0.149906 0.013218 0.0787281 0.0125395 0.0527461 0.139994 0.00953821 0.091975 0.0137042 0.0466158 0.130637 0.0110647 0.107192 0.0127896 0.0366827 0.139994 0.0128324 0.093659 0.0114726 0.0440206 0.149906 0.013218 0.0787281 0.0125395 0.0527461 0.139994 0.00953821 0.091975 0.0137042 0.0466158 0.130637 0.0110647 0.107192 0.0127896 0.0366827 0.139994 0.0128324 0.093659 0.0114726 0.0440206 0.149906 0.013218
0.00779548 0.0100084 0.00554569 0.0052971 0.0065197 0.0120774 0.0050708 0.0102178 0.00573575 0.00779548 0.0100084 0.00554569 0.0123296 0.0052971 0.00561666 0.0118411 0.00606478 0.0108428 0.00489183 0.0065197 0.0140046 0.00565708 0.0084647 0.0052971 0.00756683 0.0120774 0.0050708 0.0102178 0.00573575 0.00779548 0.0100084 0.00554569 0.0123296 0.0052971 0.00561666 0.0118411 0.00606478 0.0108428 0.00489183 0.0065197 0.0140046 0.00565708 0.0084647 0.0052971 0.00756683 0.0120774 0.0050708 0.0102178 0.00573575 0.00779548
0.0175725 0.0672304 0.0116214 0.0785801 0.0147204 0.0801705 0.0106318 0.0276944 0.0845713 0.0175725 0.0672304 0.0116214 0.0332965 0.0785801 0.012696 0.0787079 0.0127019 0.0293567 0.0729795 0.0147204 0.0919518 0.0118534 0.0230124 0.0785801 0.0170621 0.0801705 0.0106318 0.0276944 0.0845713 0.0175725 0.0672304 0.0116214 0.0332965 0.0785801 0.012696 0.0787079 0.0127019 0.0293567 0.0729795 0.0147204 0.0919518 0.0118534 0.0230124 0.0785801 0.0170621 0.0801705 0.0106318 0.0276944 0.0845713 0.0175725
0.0127529 0.0197759 0.00743708 0.0179716 0.0106745 0.0238155 0.00680133 0.0122918 0.0194393 0.0127529 0.0197759 0.00743708 0.0148257 0.0179716 0.00920134 0.0233549 0.00813176 0.013042 0.0166129 0.0106745 0.0275634 0.00758618 0.0101865 0.0179716 0.0123806 0.0238155 0.00680133 0.0122918 0.0194393 0.0127529 0.0197759 0.00743708 0.0148257 0.0179716 0.00920134 0.0233549 0.00813176 0.013042 0.0166129 0.0106745 0.0275634 0.00758618 0.0101865 0.0179716 0.0123806 0.0238155 0.00680133 0.0122918 0.0194393 0.0127529
0.0122984 0.0660768 0.0110304 0.059899 0.0102933 0.0788136 0.0100906 0.0330616 0.0645657 0.0122984 0.0660768 0.0110304 0.039705 0.059899 0.00887228 0.0773738 0.0120566 0.0350344 0.0555496 0.0102933 0.0904152 0.0112507 0.0274979 0.059899 0.0119393 0.0788136 0.0100906 0.0330616 0.0645657 0.0122984 0.0660768 0.0110304 0.039705 0.059899 0.00887228 0.0773738 0.0120566 0.0350344 0.0555496 0.0102933 0.0904152 0.0112507 0.0274979 0.059899 0.0119393 0.0788136 0.0100906 0.0330616 0.0645657 0.0122984
0.0450049 0.280383 0.0226072 0.449681 0.037872 0.320263 0.0207017 0.0698142 0.469547 0.0450049 0.280383 0.0226072 0.0832072 0.449681 0.0327696 0.315925 0.0246837 0.0738126 0.429973 0.037872 0.353758 0.0230534 0.0584395 0.449681 0.043733 0.320263 0.0207017 0.0698142 0.469547 0.0450049 0.280383 0.0226072 0.0832072 0.449681 0.0327696 0.315925 0.0246837 0.0738126 0.429973 0.037872 0.353758 0.0230534 0.0584395 0.449681 0.043733 0.320263 0.0207017 0.0698142 0.469547 0.0450049
0.00636022 0.0531276 0.00926423 0.0696723 0.00531808 0.0635382 0.00847363 0.00978239 0.0750397 0.00636022 0.0531276 0.00926423 0.0118052 0.0696723 0.0045807 0.0623585 0.0101278 0.010381 0.064662 0.00531808 0.0730695 0.00944961 0.00810336 0.0696723 0.00617341 0.0635382 0.00847363 0.00978239 0.0750397 0.00636022 0.0531276 0.00926423 0.0118052 0.0696723 0.0045807 0.0623585 0.0101278 0.010381 0.064662 0.00531808 0.0730695 0.00944961 0.00810336 0.0696723 0.00617341 0.0635382 0.00847363 0.00978239 0.0750397 0.00636022
0.00722753 0.0114039 0.00585714 0.00796792 0.00604414 0.0137574 0.00535572 0.012055 0.00862582 0.00722753 0.0114039 0.00585714 0.0145408 0.00796792 0.00520662 0.0134886 0.0064052 0.0127909 0.00735983 0.00604414 0.0159483 0.00597476 0.00998982 0.00796792 0.00701542 0.0137574 0.00535572 0.012055 0.00862582 0.00722753 0.0114039 0.00585714 0.0145408 0.00796792 0.00520662 0.0134886 0.0064052 0.0127909 0.00735983 0.00604414 0.0159483 0.00597476 0.00998982 0.00796792 0.00701542 0.0137574 0.00535572 0.012055 0.00862582 0.00722753
0.0108777 0.0281358 0.00841823 0.0291158 0.00910211 0.033824 0.00769926 0.0191116 0.0314644 0.0108777 0.0281358 0.00841823 0.0230187 0.0291158 0.0078442 0.0331765 0.00920371 0.0202695 0.0269375 0.00910211 0.039084 0.00858683 0.015857 0.0291158 0.0105596 0.033824 0.00769926 0.0191116 0.0314644 0.0108777 0.0281358 0.00841823 0.0230187 0.0291158 0.0078442 0.0331765 0.00920371 0.0202695 0.0269375 0.00910211 0.039084 0.00858683 0.015857 0.0291158 0.0105596 0.033824 0.00769926 0.0191116 0.0314644 0.0108777
0.0150851 0.0748704 0.011851 0.116307 0.0126315 0.0891404 0.010842 0.0160788 0.124785 0.0150851 0.0748704 0.011851 0.0193781 0.116307 0.0108912 0.0875298 0.0129526 0.0170561 0.108334 0.0126315 0.102094 0.0120875 0.0133336 0.116307 0.0146458 0.0891404 0.010842 0.0160788 0.124785 0.0150851 0.0748704 0.011851 0.0193781 0.116307 0.0108912 0.0875298 0.0129526 0.0170561 0.108334 0.0126315 0.102094 0.0120875 0.0133336 0.116307 0.0146458 0.0891404 0.010842 0.0160788 0.124785 0.0150851
0.033414 0.384045 0.0246443 0.616324 0.0280642 0.429862 0.022571 0.044224 0.635057 0.033414 0.384045 0.0246443 0.0529875 0.616324 0.0242499 0.424967 0.0269027 0.0468306 0.597239 0.0280642 0.466944 0.0251296 0.0368535 0.616324 0.0324585 0.429862 0.022571 0.044224 0.635057 0.033414 0.384045 0.0246443 0.0529875 0.616324 0.0242499 0.424967 0.0269027 0.0468306 0.597239 0.0280642 0.466944 0.0251296 0.0368535 0.616324 0.0324585 0.429862 0.022571 0.044224 0.635057 0.033414
0.0206915 0.0199992 0.00805685 0.0148531 0.0173421 0.0240832 0.00736852 0.0318326 0.0160703 0.0206915 0.0199992 0.00805685 0.0382389 0.0148531 0.0149626 0.0236176 0.00880892 0.0337347 0.0137268 0.0173421 0.0278721 0.00821828 0.0264701 0.0148531 0.0200923 0.0240832 0.00736852 0.0318326 0.0160703 0.0206915 0.0199992 0.00805685 0.0382389 0.0148531 0.0149626 0.0236176 0.00880892 0.0337347 0.0137268 0.0173421 0.0278721 0.00821828 0.0264701 0.0148531 0.0200923 0.0240832 0.00736852 0.0318326 0.0160703 0.0206915
0.0056844 0.0268551 0.00705658 0.0233543 0.00475246 0.0322931 0.00645314 0.00462659 0.0252503 0.0056844 0.0268551 0.00705658 0.00558929 0.0233543 0.00409319 0.0316739 0.007716 0.00491127 0.0215975 0.00475246 0.0373241 0.0071981 0.00382906 0.0233543 0.00551733 0.0322931 0.00645314 0.00462659 0.0252503 0.0056844 0.0268551 0.00705658 0.00558929 0.0233543 0.00409319 0.0316739 0.007716 0.00491127 0.0215975 0.00475246 0.0373241 0.0071981 0.00382906 0.0233543 0.00551733 0.0322931 0.00645314 0.00462659 0.0252503 0.0056844
0.0148109 0.0382165 0.00957332 0.0325477 0.0124014 0.0458466 0.00875657 0.0348661 0.0351632 0.0148109 0.0382165 0.00957332 0.0418565 0.0325477 0.0106924 0.0449796 0.0104654 0.0369425 0.0301207 0.0124014 0.0528739 0.00976483 0.0290079 0.0325477 0.0143795 0.0458466 0.00875657 0.0348661 0.0351632 0.0148109 0.0382165 0.00957332 0.0418565 0.0325477 0.0106924 0.0449796 0.0104654 0.0369425 0.0301207 0.0124014 0.0528739 0.00976483 0.0290079 0.0325477 0.0143795 0.0458466 0.00875657 0.0348661 0.0351632 0.0148109
0.0151136 0.0380095 0.00965519 0.0515149 0.0126554 0.0456003 0.00883151 0.0209412 0.055567 0.0151136 0.0380095 0.00965519 0.0252126 0.0515149 0.0109119 0.0447378 0.0105549 0.0222073 0.0477433 0.0126554 0.0525919 0.00984831 0.0173805 0.0515149 0.0146735 0.0456003 0.00883151 0.0209412 0.055567 0.0151136 0.0380095 0.00965519 0.0252126 0.0515149 0.0109119 0.0447378 0.0105549 0.0222073 0.0477433 0.0126554 0.0525919 0.00984831 0.0173805 0.0515149 0.0146735 0.0456003 0.00883151 0.0209412 0.055567 0.0151136
0.00572537 0.00841515 0.00519111 0.0080221 0.00478674 0.0101581 0.00474644 0.00601042 0.00868444 0.00572537 0.00841515 0.00519111 0.00725897 0.0080221 0.00412274 0.00995898 0.0056772 0.00637971 0.0074099 0.00478674 0.0117827 0.00529542 0.00497555 0.0080221 0.0055571 0.0101581 0.00474644 0.00601042 0.00868444 0.00572537 0.00841515 0.00519111 0.00725897 0.0080221 0.00412274 0.00995898 0.0056772 0.00637971 0.0074099 0.00478674 0.0117827 0.00529542 0.00497555 0.0080221 0.0055571 0.0101581 0.00474644 0.00601042 0.00868444 0.00572537
0.0137483 0.087524 0.0125775 0.146495 0.0115096 0.103935 0.0115074 0.0227342 0.156783 0.0137483 0.087524 0.0125775 0.0273611 0.146495 0.00992233 0.102087 0.0137457 0.0241061 0.136773 0.0115096 0.118758 0.0128283 0.0188745 0.146495 0.0133474 0.103935 0.0115074 0.0227342 0.156783 0.0137483 0.087524 0.0125775 0.0273611 0.146495 0.00992233 0.102087 0.0137457 0.0241061 0.136773 0.0115096 0.118758 0.0128283 0.0188745 0.146495 0.0133474 0.103935 0.0115074 0.0227342 0.156783 0.0137483
0.0108129 0.0863327 0.0117704 0.115877 0.00904781 0.102545 0.0107683 0.0195262 0.124328 0.0108129 0.0863327 0.0117704 0.023516 0.115877 0.00779735 0.100719 0.0128646 0.0207086 0.107929 0.00904781 0.117196 0.0120053 0.0162021 0.115877 0.0104967 0.102545 0.0107683 0.0195262 0.124328 0.0108129 0.0863327 0.0117704 0.023516 0.115877 0.00779735 0.100719 0.0128646 0.0207086 0.107929 0.00904781 0.117196 0.0120053 0.0162021 0.115877 0.0104967 0.102545 0.0107683 0.0195262 0.124328 0.0108129
0.0179995 0.0201453 0.00795617 0.0201395 0.0150791 0.0242584 0.00727638 0.0171612 0.0217803 0.0179995 0.0201453 0.00795617 0.0206779 0.0201395 0.0130061 0.0237895 0.00869892 0.018203 0.0186199 0.0150791 0.028074 0.00811559 0.0142339 0.0201395 0.0174768 0.0242584 0.00727638 0.0171612 0.0217803 0.0179995 0.0201453 0.00795617 0.0206779 0.0201395 0.0130061 0.0237895 0.00869892 0.018203 0.0186199 0.0150791 0.028074 0.00811559 0.0142339 0.0201395 0.0174768 0.0242584 0.00727638 0.0171612 0.0217803 0.0179995
0.0234464 0.232839 0.0197774 0.402121 0.01966 0.26848 0.018106 0.0858704 0.421496 0.0234464 0.232839 0.0197774 0.102006 0.402121 0.016968 0.26457 0.0215997 0.0906988 0.383047 0.01966 0.298941 0.0201689 0.0720824 0.402121 0.0227693 0.26848 0.018106 0.0858704 0.421496 0.0234464 0.232839 0.0197774 0.102006 0.402121 0.016968 0.26457 0.0215997 0.0906988 0.383047 0.01966 0.298941 0.0201689 0.0720824 0.402121 0.0227693 0.26848 0.018106 0.0858704 0.421496 0.0234464
0.0695189 0.249886 0.0232127 0.361971 0.0587397 0.287159 0.0212573 0.131928 0.380643 0.0695189 0.249886 0.0232127 0.155249 0.361971 0.0509748 0.283082 0.0253433 0.138953 0.343706 0.0587397 0.318815 0.0236705 0.111648 0.361971 0.0676032 0.287159 0.0212573 0.131928 0.380643 0.0695189 0.249886 0.0232127 0.155249 0.361971 0.0509748 0.283082 0.0253433 0.138953 0.343706 0.0587397 0.318815 0.0236705 0.111648 0.361971 0.0676032 0.287159 0.0212573 0.131928 0.380643 0.0695189
0.0325404 0.310704 0.0223584 0.4773 0.0273265 0.352782 0.0204734 0.0525474 0.497284 0.0325404 0.310704 0.0223584 0.0628518 0.4773 0.02361 0.348229 0.0244126 0.055616 0.457388 0.0273265 0.387738 0.0227998 0.0438533 0.4773 0.0316091 0.352782 0.0204734 0.0525474 0.497284 0.0325404 0.310704 0.0223584 0.0628518 0.4773 0.02361 0.348229 0.0244126 0.055616 0.457388 0.0273265 0.387738 0.0227998 0.0438533 0.4773 0.0316091 0.352782 0.0204734 0.0525474 0.497284 0.0325404
0.0186858 0.106636 0.0140317 0.145604 0.0156559 0.126135 0.0128395 0.0521032 0.155841 0.0186858 0.106636 0.0140317 0.0623263 0.145604 0.0135046 0.123947 0.0153329 0.0551474 0.135931 0.0156559 0.143616 0.0143111 0.0434792 0.145604 0.0181435 0.126135 0.0128395 0.0521032 0.155841 0.0186858 0.106636 0.0140317 0.0623263 0.145604 0.0135046 0.123947 0.0153329 0.0551474 0.135931 0.0156559 0.143616 0.0143111 0.0434792 0.145604 0.0181435 0.126135 0.0128395 0.0521032 0.155841 0.0186858
0.0166125 0.0138796 0.00698338 0.0104949 0.013914 0.0167353 0.00638617 0.0169029 0.011359 0.0166125 0.0138796 0.00698338 0.0203678 0.0104949 0.0119991 0.0164093 0.00763602 0.0179294 0.0096958 0.013914 0.0193911 0.00712345 0.014019 0.0104949 0.0161294 0.0167353 0.00638617 0.0169029 0.011359 0.0166125 0.0138796 0.00698338 0.0203678 0.0104949 0.0119991 0.0164093 0.00763602 0.0179294 0.0096958 0.013914 0.0193911 0.00712345 0.014019 0.0104949 0.0161294 0.0167353 0.00638617 0.0169029 0.011359 0.0166125
0.037044 0.115165 0.0154325 0.170857 0.0311317 0.135987 0.014123 0.0254021 0.18249 0.037044 0.115165 0.0154325 0.0305551 0.170857 0.026912 0.133654 0.0168614 0.0269306 0.15982 0.0311317 0.154592 0.0157394 0.0210993 0.170857 0.0359886 0.135987 0.014123 0.0254021 0.18249 0.037044 0.115165 0.0154325 0.0305551 0.170857 0.026912 0.133654 0.0168614 0.0269306 0.15982 0.0311317 0.154592 0.0157394 0.0210993 0.170857 0.0359886 0.135987 0.014123 0.0254021 0.18249 0.037044
0.012429 0.0473623 0.0104701 0.0700052 0.0104028 0.0567108 0.00957756 0.0329315 0.0753962 0.012429 0.0473623 0.0104701 0.0395498 0.0700052 0.0089668 0.0556504 0.0114448 0.0348968 0.0649727 0.0104028 0.0652894 0.0106793 0.027389 0.0700052 0.0120661 0.0567108 0.00957756 0.0329315 0.0753962 0.012429 0.0473623 0.0104701 0.0395498 0.0700052 0.0089668 0.0556504 0.0114448 0.0348968 0.0649727 0.0104028 0.0652894 0.0106793 0.027389 0.0700052 0.0120661 0.0567108 0.00957756 0.0329315 0.0753962 0.012429
0.0144855 0.0516007 0.010336 0.0654416 0.0121282 0.0617316 0.00945483 0.0145462 0.0705078 0.0144855 0.0516007 0.010336 0.0175366 0.0654416 0.0104565 0.0605833 0.0112984 0.0154318 0.0607157 0.0121282 0.0710124 0.0105426 0.0120595 0.0654416 0.0140634 0.0617316 0.00945483 0.0145462 0.0705078 0.0144855 0.0516007 0.010336 0.0175366 0.0654416 0.0104565 0.0605833 0.0112984 0.0154318 0.0607157 0.0121282 0.0710124 0.0105426 0.0120595 0.0654416 0.0140634 0.0617316 0.00945483 0.0145462 0.0705078 0.0144855
0.0109362 0.0922049 0.0121853 0.153871 0.00915118 0.109388 0.0111482 0.0170439 0.164578 0.0109362 0.0922049 0.0121853 0.0205371 0.153871 0.00788654 0.107455 0.0133176 0.0180788 0.143742 0.00915118 0.12488 0.0124284 0.0141363 0.153871 0.0106164 0.109388 0.0111482 0.0170439 0.164578 0.0109362 0.0922049 0.0121853 0.0205371 0.153871 0.00788654 0.107455 0.0133176 0.0180788 0.143742 0.00915118 0.12488 0.0124284 0.0141363 0.153871 0.0106164 0.109388 0.0111482 0.0170439 0.164578 0.0109362
0.0196975 0.0799364 0.0128374 0.14694 0.0165063 0.0950728 0.0117454 0.0222793 0.157253 0.0196975 0.0799364 0.0128374 0.0268162 0.14694 0.0142398 0.093366 0.0140294 0.0236244 0.137192 0.0165063 0.108785 0.0130933 0.0184954 0.14694 0.0191265 0.0950728 0.0117454 0.0222793 0.157253 0.0196975 0.0799364 0.0128374 0.0268162 0.14694 0.0142398 0.093366 0.0140294 0.0236244 0.137192 0.0165063 0.108785 0.0130933 0.0184954 0.14694 0.0191265 0.0950728 0.0117454 0.0222793 0.157253 0.0196975
0.0132644 0.0293673 0.00894203 0.0405422 0.0111037 0.0352955 0.0081787 0.0257201 0.043771 0.0132644 0.0293673 0.00894203 0.0309356 0.0405422 0.00957181 0.0346208 0.00977591 0.0272672 0.0375422 0.0111037 0.0407747 0.00912103 0.0213646 0.0405422 0.0128775 0.0352955 0.0081787 0.0257201 0.043771 0.0132644 0.0293673 0.00894203 0.0309356 0.0405422 0.00957181 0.0346208 0.00977591 0.0272672 0.0375422 0.0111037 0.0407747 0.00912103 0.0213646 0.0405422 0.0128775 0.0352955 0.0081787 0.0257201 0.043771 0.0132644
0.0126277 0.0673937 0.0107689 0.0729397 0.0105695 0.0803626 0.00985114 0.0109803 0.0785376 0.0126277 0.0673937 0.0107689 0.0132475 0.0729397 0.00911069 0.0788968 0.0117711 0.0116514 0.0677116 0.0105695 0.0921693 0.010984 0.00909755 0.0729397 0.0122591 0.0803626 0.00985114 0.0109803 0.0785376 0.0126277 0.0673937 0.0107689 0.0132475 0.0729397 0.00911069 0.0788968 0.0117711 0.0116514 0.0677116 0.0105695 0.0921693 0.010984 0.00909755 0.0729397 0.0122591 0.0803626 0.00985114 0.0109803 0.0785376 0.0126277
0.00809596 0.0209625 0.00711646 0.0141894 0.00677135 0.0252382 0.00650794 0.019737 0.0153531 0.00809596 0.0209625 0.00711646 0.0237688 0.0141894 0.00583366 0.0247508 0.00778143 0.020932 0.0131128 0.00677135 0.0292033 0.00725918 0.0163777 0.0141894 0.00785857 0.0252382 0.00650794 0.019737 0.0153531 0.00809596 0.0209625 0.00711646 0.0237688 0.0141894 0.00583366 0.0247508 0.00778143 0.020932 0.0131128 0.00677135 0.0292033 0.00725918 0.0163777 0.0141894 0.00785857 0.0252382 0.00650794 0.019737 0.0153531 0.00809596
0.0389555 0.26162 0.021616 0.454876 0.0327485 0.299943 0.0197924 0.0485363 0.474775 0.0389555 0.26162 0.021616 0.0581023 0.454876 0.0283161 0.295761 0.0236036 0.0513834 0.435121 0.0327485 0.332352 0.0220431 0.0404775 0.454876 0.0378478 0.299943 0.0197924 0.0485363 0.474775 0.0389555 0.26162 0.021616 0.0581023 0.454876 0.0283161 0.295761 0.0236036 0.0513834 0.435121 0.0327485 0.332352 0.0220431 0.0404775 0.454876 0.0378478 0.299943 0.0197924 0.0485363 0.474775 0.0389555
0.0189671 0.0530883 0.0109082 0.0492391 0.0158923 0.0634916 0.0099787 0.0301303 0.0531222 0.0189671 0.0530883 0.0109082 0.0362068 0.0492391 0.013709 0.0623128 0.0119232 0.031934 0.0456262 0.0158923 0.0730165 0.0111261 0.0250472 0.0492391 0.0184169 0.0634916 0.0099787 0.0301303 0.0531222 0.0189671 0.0530883 0.0109082 0.0362068 0.0492391 0.013709 0.0623128 0.0119232 0.031934 0.0456262 0.0158923 0.0730165 0.0111261 0.0250472 0.0492391 0.0184169 0.0634916 0.0099787 0.0301303 0.0531222 0.0189671
0.00687347 0.0316965 0.00782799 0.0236081 0.00574771 0.0380764 0.00715907 0.0133958 0.0255241 0.00687347 0.0316965 0.00782799 0.0161536 0.0236081 0.00495106 0.0373506 0.00855888 0.0142124 0.0218326 0.00574771 0.0439676 0.00798486 0.0111035 0.0236081 0.00667168 0.0380764 0.00715907 0.0133958 0.0255241 0.00687347 0.0316965 0.00782799 0.0161536 0.0236081 0.00495106 0.0373506 0.00855888 0.0142124 0.0218326 0.00574771 0.0439676 0.00798486 0.0111035 0.0236081 0.00667168 0.0380764 0.00715907 0.0133958 0.0255241 0.00687347
0.0228367 0.16014 0.0172674 0.28146 0.0191468 0.187371 0.0158047 0.0713313 0.297918 0.0228367 0.16014 0.0172674 0.0849888 0.28146 0.0165239 0.184344 0.0188629 0.0754096 0.265567 0.0191468 0.211287 0.0176101 0.0597253 0.28146 0.0221767 0.187371 0.0158047 0.0713313 0.297918 0.0228367 0.16014 0.0172674 0.0849888 0.28146 0.0165239 0.184344 0.0188629 0.0754096 0.265567 0.0191468 0.211287 0.0176101 0.0597253 0.28146 0.0221767 0.187371 0.0158047 0.0713313 0.297918 0.0228367
0.00549921 0.020566 0.00672932 0.022194 0.00459749 0.0247628 0.0061537 0.00719342 0.0239981 0.00549921 0.020566 0.00672932 0.00868556 0.022194 0.00395963 0.0242844 0.00735839 0.00763484 0.0205226 0.00459749 0.0286554 0.00686433 0.00595607 0.022194 0.00533755 0.0247628 0.0061537 0.00719342 0.0239981 0.00549921 0.020566 0.00672932 0.00868556 0.022194 0.00395963 0.0242844 0.00735839 0.00763484 0.0205226 0.00459749 0.0286554 0.00686433 0.00595607 0.022194 0.00533755 0.0247628 0.0061537 0.00719342 0.0239981 0.00549921
0.0117923 0.0129867 0.00655717 0.0104133 0.00986895 0.0156616 0.00599619 0.0146406 0.0112708 0.0117923 0.0129867 0.00655717 0.0176501 0.0104133 0.00850598 0.0153562 0.00717026 0.0155319 0.00962036 0.00986895 0.0181502 0.00668875 0.012138 0.0104133 0.0114478 0.0156616 0.00599619 0.0146406 0.0112708 0.0117923 0.0129867 0.00655717 0.0176501 0.0104133 0.00850598 0.0153562 0.00717026 0.0155319 0.00962036 0.00986895 0.0181502 0.00668875 0.012138 0.0104133 0.0114478 0.0156616 0.00599619 0.0146406 0.0112708 0.0117923
0.0146947 0.0914497 0.0128797 0.135492 0.0123038 0.108509 0.0117842 0.0309225 0.145139 0.0146947 0.0914497 0.0128797 0.0371527 0.135492 0.0106082 0.10659 0.0140756 0.032772 0.126391 0.0123038 0.123894 0.0131365 0.0257092 0.135492 0.0142666 0.108509 0.0117842 0.0309225 0.145139 0.0146947 0.0914497 0.0128797 0.0371527 0.135492 0.0106082 0.10659 0.0140756 0.032772 0.126391 0.0123038 0.123894 0.0131365 0.0257092 0.135492 0.0142666 0.108509 0.0117842 0.0309225 0.145139 0.0146947
0.00817361 0.0133176 0.00610711 0.0093984 0.00683638 0.0160596 0.00558442 0.00817464 0.0101732 0.00817361 0.0133176 0.00610711 0.0098683 0.0093984 0.00588973 0.0157466 0.00667841 0.00867574 0.00868209 0.00683638 0.0186102 0.00622972 0.00676967 0.0093984 0.00793396 0.0160596 0.00558442 0.00817464 0.0101732 0.00817361 0.0133176 0.00610711 0.0098683 0.0093984 0.00588973 0.0157466 0.00667841 0.00867574 0.00868209 0.00683638 0.0186102 0.00622972 0.00676967 0.0093984 0.00793396 0.0160596 0.00558442 0.00817464 0.0101732 0.00817361
0.0291912 0.0519844 0.0115102 0.0637096 0.0245004 0.0621857 0.01053 0.0230972 0.0686515 0.0291912 0.0519844 0.0115102 0.027796 0.0637096 0.0211599 0.0610295 0.0125806 0.0244905 0.0591009 0.0245004 0.0715296 0.01174 0.0191771 0.0637096 0.028353 0.0621857 0.01053 0.0230972 0.0686515 0.0291912 0.0519844 0.0115102 0.027796 0.0637096 0.0211599 0.0610295 0.0125806 0.0244905 0.0591009 0.0245004 0.0715296 0.01174 0.0191771 0.0637096 0.028353 0.0621857 0.01053 0.0230972 0.0686515 0.0291912
0.0370712 0.0943373 0.0147573 0.106096 0.0311547 0.111869 0.0135043 0.0677834 0.113926 0.0370712 0.0943373 0.0147573 0.0808208 0.106096 0.026932 0.109897 0.0161246 0.0716745 0.0987445 0.0311547 0.127662 0.0150509 0.0567194 0.106096 0.036015 0.111869 0.0135043 0.0677834 0.113926 0.0370712 0.0943373 0.0147573 0.0808208 0.106096 0.026932 0.109897 0.0161246 0.0716745 0.0987445 0.0311547 0.127662 0.0150509 0.0567194 0.106096 0.036015 0.111869 0.0135043 0.0677834 0.113926 0.0370712
0.0221483 0.177506 0.0170172 0.304355 0.0185675 0.206961 0.0155754 0.0259836 0.321553 0.0221483 0.177506 0.0170172 0.0312508 0.304355 0.0160227 0.203698 0.01859 0.0275461 0.287687 0.0185675 0.232662 0.017355 0.0215845 0.304355 0.0215078 0.206961 0.0155754 0.0259836 0.321553 0.0221483 0.177506 0.0170172 0.0312508 0.304355 0.0160227 0.203698 0.01859 0.0275461 0.287687 0.0185675 0.232662 0.017355 0.0215845 0.304355 0.0215078 0.206961 0.0155754 0.0259836 0.321553 0.0221483
0.0260378 0.123317 0.0150515 0.146959 0.0218423 0.145369 0.0137739 0.0326868 0.157274 0.0260378 0.123317 0.0150515 0.039258 0.146959 0.0188572 0.142902 0.0164457 0.034638 0.13721 0.0218423 0.165013 0.0153509 0.0271844 0.146959 0.0252877 0.145369 0.0137739 0.0326868 0.157274 0.0260378 0.123317 0.0150515 0.039258 0.146959 0.0188572 0.142902 0.0164457 0.034638 0.13721 0.0218423 0.165013 0.0153509 0.0271844 0.146959 0.0252877 0.145369 0.0137739 0.0326868 0.157274 0.0260378
0.0101464 0.0293453 0.00857101 0.0244626 0.00848913 0.0352692 0.00783909 0.0489051 0.0264461 0.0101464 0.0293453 0.00857101 0.0585394 0.0244626 0.00731532 0.034595 0.00937061 0.0517727 0.0226244 0.00848913 0.0407444 0.00874264 0.0407877 0.0244626 0.00984943 0.0352692 0.00783909 0.0489051 0.0264461 0.0101464 0.0293453 0.00857101 0.0585394 0.0244626 0.00731532 0.034595 0.00937061 0.0517727 0.0226244 0.00848913 0.0407444 0.00874264 0.0407877 0.0244626 0.00984943 0.0352692 0.00783909 0.0489051 0.0264461 0.0101464
0.0128754 0.0257638 0.00847992 0.0292508 0.0107773 0.0309878 0.00775572 0.0301406 0.03161 0.0128754 0.0257638 0.00847992 0.0362191 0.0292508 0.00929005 0.0303928 0.00927111 0.0319448 0.0270627 0.0107773 0.035823 0.00864975 0.0250557 0.0292508 0.0124996 0.0309878 0.00775572 0.0301406 0.03161 0.0128754 0.0257638 0.00847992 0.0362191 0.0292508 0.00929005 0.0303928 0.00927111 0.0319448 0.0270627 0.0107773 0.035823 0.00864975 0.0250557 0.0292508 0.0124996 0.0309878 0.00775572 0.0301406 0.03161 0.0128754
0.0125498 0.0403657 0.009395 0.0417725 0.0105042 0.0484034 0.00859333 0.0195867 0.0450947 0.0125498 0.0403657 0.009395 0.0235885 0.0417725 0.0090543 0.0474904 0.0102707 0.0207727 0.0386851 0.0105042 0.0557996 0.00958297 0.0162525 0.0417725 0.0121834 0.0484034 0.00859333 0.0195867 0.0450947 0.0125498 0.0403657 0.009395 0.0235885 0.0417725 0.0090543 0.0474904 0.0102707 0.0207727 0.0386851 0.0105042 0.0557996 0.00958297 0.0162525 0.0417725 0.0121834 0.0484034 0.00859333 0.0195867 0.0450947 0.0125498
0.00919567 0.0445189 0.00943749 0.0616431 0.00769252 0.0533376 0.00863223 0.0131169 0.0664361 0.00919567 0.0445189 0.00943749 0.0158181 0.0616431 0.00662812 0.0523367 0.0103171 0.0139167 0.0571747 0.00769252 0.0614391 0.00962631 0.0108718 0.0616431 0.00892632 0.0533376 0.00863223 0.0131169 0.0664361 0.00919567 0.0445189 0.00943749 0.0158181 0.0616431 0.00662812 0.0523367 0.0103171 0.0139167 0.0571747 0.00769252 0.0614391 0.00962631 0.0108718 0.0616431 0.00892632 0.0533376 0.00863223 0.0131169 0.0664361 0.00919567
0.0136112 0.0258303 0.00830149 0.0214289 0.0113945 0.0310673 0.00759241 0.0255115 0.0231723 0.0136112 0.0258303 0.00830149 0.030686 0.0214289 0.00982296 0.0304709 0.00907618 0.0270464 0.019814 0.0113945 0.0359145 0.00846777 0.0211905 0.0214289 0.0132142 0.0310673 0.00759241 0.0255115 0.0231723 0.0136112 0.0258303 0.00830149 0.030686 0.0214289 0.00982296 0.0304709 0.00907618 0.0270464 0.019814 0.0113945 0.0359145 0.00846777 0.0211905 0.0214289 0.0132142 0.0310673 0.00759241 0.0255115 0.0231723 0.0136112
0.0393211 0.0589548 0.0126551 0.0667286 0.0330579 0.0704224 0.0115785 0.0507612 0.0718867 0.0393211 0.0589548 0.0126551 0.0607378 0.0667286 0.0285848 0.0691243 0.0138304 0.0537314 0.0619159 0.0330579 0.0808971 0.0129074 0.0423494 0.0667286 0.0382034 0.0704224 0.0115785 0.0507612 0.0718867 0.0393211 0.0589548 0.0126551 0.0607378 0.0667286 0.0285848 0.0691243 0.0138304 0.0537314 0.0619159 0.0330579 0.0808971 0.0129074 0.0423494 0.0667286 0.0382034 0.0704224 0.0115785 0.0507612 0.0718867 0.0393211
0.0104433 0.0172795 0.00698136 0.0176205 0.008738 0.02082 0.00638432 0.00864806 0.0190601 0.0104433 0.0172795 0.00698136 0.0104388 0.0176205 0.00753003 0.0204161 0.00763381 0.00917792 0.0162878 0.008738 0.0241081 0.00712139 0.00716231 0.0176205 0.0101378 0.02082 0.00638432 0.00864806 0.0190601 0.0104433 0.0172795 0.00698136 0.0104388 0.0176205 0.00753003 0.0204161 0.00763381 0.00917792 0.0162878 0.008738 0.0241081 0.00712139 0.00716231 0.0176205 0.0101378 0.02082 0.00638432 0.00864806 0.0190601 0.0104433
0.0231077 0.017109 0.00770198 0.0108087 0.0193749 0.0206153 0.00704375 0.0203649 0.0116984 0.0231077 0.017109 0.00770198 0.0245218 0.0108087 0.0167213 0.0202153 0.0084212 0.0215971 0.00998599 0.0193749 0.0238719 0.00785635 0.0169005 0.0108087 0.0224401 0.0206153 0.00704375 0.0203649 0.0116984 0.0231077 0.017109 0.00770198 0.0245218 0.0108087 0.0167213 0.0202153 0.0084212 0.0215971 0.00998599 0.0193749 0.0238719 0.00785635 0.0169005 0.0108087 0.0224401 0.0206153 0.00704375 0.0203649 0.0116984 0.0231077
0.0127177 0.0600908 0.0108239 0.0751206 0.010645 0.0717624 0.00990152 0.0269527 0.0808712 0.0127177 0.0600908 0.0108239 0.0324097 0.0751206 0.00917587 0.0704415 0.0118312 0.0285717 0.0697479 0.010645 0.0824188 0.0110401 0.0223932 0.0751206 0.0123465 0.0717624 0.00990152 0.0269527 0.0808712 0.0127177 0.0600908 0.0108239 0.0324097 0.0751206 0.00917587 0.0704415 0.0118312 0.0285717 0.0697479 0.010645 0.0824188 0.0110401 0.0223932 0.0751206 0.0123465 0.0717624 0.00990152 0.0269527 0.0808712 0.0127177
0.0111534 0.0629155 0.0108135 0.0700941 0.00933324 0.0750919 0.00989205 0.0256211 0.0754913 0.0111534 0.0629155 0.0108135 0.0308171 0.0700941 0.00804365 0.0737146 0.0118199 0.0271624 0.0650556 0.00933324 0.0861969 0.0110296 0.021282 0.0700941 0.0108273 0.0750919 0.00989205 0.0256211 0.0754913 0.0111534 0.0629155 0.0108135 0.0308171 0.0700941 0.00804365 0.0737146 0.0118199 0.0271624 0.0650556 0.00933324 0.0861969 0.0110296 0.021282 0.0700941 0.0108273 0.0750919 0.00989205 0.0256211 0.0754913 0.0111534
0.0260321 0.14398 0.016092 0.22093 0.0218375 0.169016 0.0147274 0.0462176 0.235006 0.0260321 0.14398 0.016092 0.0553532 0.22093 0.0188531 0.166226 0.0175808 0.0489356 0.207468 0.0218375 0.19114 0.0164117 0.0385282 0.22093 0.0252822 0.169016 0.0147274 0.0462176 0.235006 0.0260321 0.14398 0.016092 0.0553532 0.22093 0.0188531 0.166226 0.0175808 0.0489356 0.207468 0.0218375 0.19114 0.0164117 0.0385282 0.22093 0.0252822 0.169016 0.0147274 0.0462176 0.235006 0.0260321
0.00488289 0.0121408 0.00548209 0.00900553 0.00408182 0.0146441 0.00501262 0.00492161 0.00974826 0.00488289 0.0121408 0.00548209 0.00594533 0.00900553 0.00351525 0.0143583 0.00599527 0.00522436 0.00831891 0.00408182 0.0169737 0.00559222 0.00407344 0.00900553 0.00473927 0.0146441 0.00501262 0.00492161 0.00974826 0.00488289 0.0121408 0.00548209 0.00594533 0.00900553 0.00351525 0.0143583 0.00599527 0.00522436 0.00831891 0.00408182 0.0169737 0.00559222 0.00407344 0.00900553 0.00473927 0.0146441 0.00501262 0.00492161 0.00974826 0.00488289
0.0151978 0.0505817 0.0105829 0.057265 0.0127262 0.0605253 0.00968084 0.0238671 0.06174 0.0151978 0.0505817 0.0105829 0.0287179 0.057265 0.010973 0.059398 0.011568 0.0253056 0.053096 0.0127262 0.0696383 0.0107944 0.019819 0.057265 0.0147553 0.0605253 0.00968084 0.0238671 0.06174 0.0151978 0.0505817 0.0105829 0.0287179 0.057265 0.010973 0.059398 0.011568 0.0253056 0.053096 0.0127262 0.0696383 0.0107944 0.019819 0.057265 0.0147553 0.0605253 0.00968084 0.0238671 0.06174 0.0151978
0.0225341 0.0343599 0.00981522 0.0386464 0.0188922 0.0412531 0.00897802 0.0250254 0.0417308 0.0225341 0.0343599 0.00981522 0.0301044 0.0386464 0.0163035 0.0404693 0.0107296 0.0265319 0.0357815 0.0188922 0.0476114 0.0100115 0.020785 0.0386464 0.0218827 0.0412531 0.00897802 0.0250254 0.0417308 0.0225341 0.0343599 0.00981522 0.0301044 0.0386464 0.0163035 0.0404693 0.0107296 0.0265319 0.0357815 0.0188922 0.0476114 0.0100115 0.020785 0.0386464 0.0218827 0.0412531 0.00897802 0.0250254 0.0417308 0.0225341
0.0939791 0.201283 0.0221343 0.248757 0.0797323 0.233565 0.0202678 0.131578 0.264005 0.0939791 0.201283 0.0221343 0.154848 0.248757 0.0693969 0.230003 0.0241684 0.138587 0.234109 0.0797323 0.26148 0.0225713 0.111345 0.248757 0.0914556 0.233565 0.0202678 0.131578 0.264005 0.0939791 0.201283 0.0221343 0.154848 0.248757 0.0693969 0.230003 0.0241684 0.138587 0.234109 0.0797323 0.26148 0.0225713 0.111345 0.248757 0.0914556 0.233565 0.0202678 0.131578 0.264005 0.0939791
0.0149202 0.101933 0.0129819 0.126433 0.0124931 0.120688 0.0118778 0.0217808 0.135536 0.0149202 0.101933 0.0129819 0.0262189 0.126433 0.0107717 0.118582 0.0141871 0.0230965 0.117858 0.0124931 0.137533 0.0132407 0.0180799 0.126433 0.0144857 0.120688 0.0118778 0.0217808 0.135536 0.0149202 0.101933 0.0129819 0.0262189 0.126433 0.0107717 0.118582 0.0141871 0.0230965 0.117858 0.0124931 0.137533 0.0132407 0.0180799 0.126433 0.0144857 0.120688 0.0118778 0.0217808 0.135536 0.0149202
0.0255281 0.0838761 0.0133222 0.0933715 0.0214129 0.0996777 0.0121896 0.0493495 0.100368 0.0255281 0.0838761 0.0133222 0.059066 0.0933715 0.0184854 0.0978971 0.0145586 0.0522417 0.0868159 0.0214129 0.11397 0.0135877 0.0411616 0.0933715 0.0247924 0.0996777 0.0121896 0.0493495 0.100368 0.0255281 0.0838761 0.0133222 0.059066 0.0933715 0.0184854 0.0978971 0.0145586 0.0522417 0.0868159 0.0214129 0.11397 0.0135877 0.0411616 0.0933715 0.0247924 0.0996777 0.0121896 0.0493495 0.100368 0.0255281
0.00966848 0.0118481 0.00641945 0.0114314 0.00808868 0.0142919 0.00587018 0.0196134 0.0123717 0.00966848 0.0118481 0.00641945 0.0236206 0.0114314 0.00696984 0.0140129 0.00701975 0.020801 0.0105618 0.00808868 0.0165665 0.00654828 0.0162748 0.0114314 0.00938542 0.0142919 0.00587018 0.0196134 0.0123717 0.00966848 0.0118481 0.00641945 0.0236206 0.0114314 0.00696984 0.0140129 0.00701975 0.020801 0.0105618 0.00808868 0.0165665 0.00654828 0.0162748 0.0114314 0.00938542 0.0142919 0.00587018 0.0196134 0.0123717 0.00966848
0.0087953 0.0150633 0.00652251 0.00943484 0.00735711 0.0181581 0.00596447 0.0175454 0.0102126 0.0087953 0.0150633 0.00652251 0.0211392 0.00943484 0.00633882 0.0178049 0.00713238 0.0186101 0.00871577 0.00735711 0.0210349 0.0066534 0.0145535 0.00943484 0.00853757 0.0181581 0.00596447 0.0175454 0.0102126 0.0087953 0.0150633 0.00652251 0.0211392 0.00943484 0.00633882 0.0178049 0.00713238 0.0186101 0.00871577 0.00735711 0.0210349 0.0066534 0.0145535 0.00943484 0.00853757 0.0181581 0.00596447 0.0175454 0.0102126 0.0087953
0.0200886 0.04512 0.0108699 0.0588963 0.0168351 0.054051 0.00994365 0.0494755 0.0634902 0.0200886 0.04512 0.0108699 0.0592152 0.0588963 0.0145242 0.0530375 0.0118814 0.0523747 0.0546155 0.0168351 0.0622538 0.0110871 0.0412675 0.0588963 0.0195065 0.054051 0.00994365 0.0494755 0.0634902 0.0200886 0.04512 0.0108699 0.0592152 0.0588963 0.0145242 0.0530375 0.0118814 0.0523747 0.0546155 0.0168351 0.0622538 0.0110871 0.0412675 0.0588963 0.0195065 0.054051 0.00994365 0.0494755 0.0634902 0.0200886
0.0462284 0.105592 0.0159113 0.207168 0.0389095 0.124927 0.0145618 0.0328302 0.220615 0.0462284 0.105592 0.0159113 0.0394291 0.207168 0.0336722 0.122757 0.0173837 0.0347897 0.194335 0.0389095 0.142268 0.0162275 0.0273044 0.207168 0.0449235 0.124927 0.0145618 0.0328302 0.220615 0.0462284 0.105592 0.0159113 0.0394291 0.207168 0.0336722 0.122757 0.0173837 0.0347897 0.194335 0.0389095 0.142268 0.0162275 0.0273044 0.207168 0.0449235 0.124927 0.0145618 0.0328302 0.220615 0.0462284
0.0186697 0.0935282 0.0130989 0.125058 0.0156424 0.110928 0.011985 0.0233854 0.134077 0.0186697 0.0935282 0.0130989 0.028141 0.125058 0.0134929 0.108971 0.0143148 0.0247956 0.116564 0.0156424 0.126607 0.01336 0.0194173 0.125058 0.018128 0.110928 0.011985 0.0233854 0.134077 0.0186697 0.0935282 0.0130989 0.028141 0.125058 0.0134929 0.108971 0.0143148 0.0247956 0.116564 0.0156424 0.126607 0.01336 0.0194173 0.125058 0.018128 0.110928 0.011985 0.0233854 0.134077 0.0186697
0.00528077 0.0163216 0.00642148 0.0156286 0.00441471 0.0196698 0.00587203 0.0186307 0.0169083 0.00528077 0.0163216 0.00642148 0.0224416 0.0156286 0.00380212 0.0192878 0.00702197 0.0197599 0.0144444 0.00441471 0.0227805 0.00655035 0.0154566 0.0156286 0.0051255 0.0196698 0.00587203 0.0186307 0.0169083 0.00528077 0.0163216 0.00642148 0.0224416 0.0156286 0.00380212 0.0192878 0.00702197 0.0197599 0.0144444 0.00441471 0.0227805 0.00655035 0.0154566 0.0156286 0.0051255 0.0196698 0.00587203 0.0186307 0.0169083 0.00528077
0.0163286 0.0189193 0.00776448 0.0142789 0.0136756 0.0227879 0.00710094 0.0346084 0.0154498 0.0163286 0.0189193 0.00776448 0.0415493 0.0142789 0.0117932 0.0223468 0.00848948 0.03667 0.0131956 0.0136756 0.0263785 0.00792009 0.0287922 0.0142789 0.0158537 0.0227879 0.00710094 0.0346084 0.0154498 0.0163286 0.0189193 0.00776448 0.0415493 0.0142789 0.0117932 0.0223468 0.00848948 0.03667 0.0131956 0.0136756 0.0263785 0.00792009 0.0287922 0.0142789 0.0158537 0.0227879 0.00710094 0.0346084 0.0154498 0.0163286
0.0306789 0.0325237 0.0101438 0.0304543 0.0257553 0.0390635 0.0092788 0.0350334 0.0329073 0.0306789 0.0325237 0.0101438 0.0420558 0.0304543 0.0222476 0.0383196 0.0110885 0.0371193 0.0281789 0.0257553 0.0451002 0.0103466 0.0291479 0.0304543 0.0297992 0.0390635 0.0092788 0.0350334 0.0329073 0.0306789 0.0325237 0.0101438 0.0420558 0.0304543 0.0222476 0.0383196 0.0110885 0.0371193 0.0281789 0.0257553 0.0451002 0.0103466 0.0291479 0.0304543 0.0297992 0.0390635 0.0092788 0.0350334 0.0329073 0.0306789
0.0159019 0.0935612 0.0133249 0.141644 0.0133173 0.110966 0.0121921 0.0497013 0.151652 0.0159019 0.0935612 0.0133249 0.0594826 0.141644 0.0114836 0.109009 0.0145615 0.0526129 0.132194 0.0133173 0.12665 0.0135905 0.0414575 0.141644 0.0154392 0.110966 0.0121921 0.0497013 0.151652 0.0159019 0.0935612 0.0133249 0.0594826 0.141644 0.0114836 0.109009 0.0145615 0.0526129 0.132194 0.0133173 0.12665 0.0135905 0.0414575 0.141644 0.0154392 0.110966 0.0121921 0.0497013 0.151652 0.0159019
0.0296373 0.153602 0.0169055 0.235828 0.0248766 0.179959 0.015473 0.0419516 0.250549 0.0296373 0.153602 0.0169055 0.0502885 0.235828 0.0214859 0.177027 0.0184682 0.0444304 0.221717 0.0248766 0.203166 0.0172411 0.0349459 0.235828 0.0287866 0.179959 0.015473 0.0419516 0.250549 0.0296373 0.153602 0.0169055 0.0502885 0.235828 0.0214859 0.177027 0.0184682 0.0444304 0.221717 0.0248766 0.203166 0.0172411 0.0349459 0.235828 0.0287866 0.179959 0.015473 0.0419516 0.250549 0.0296373
0.0267568 0.123441 0.0152019 0.146387 0.0224481 0.145512 0.0139117 0.0479778 0.156669 0.0267568 0.123441 0.0152019 0.0574405 0.146387 0.0193819 0.143043 0.0166098 0.0507939 0.136671 0.0224481 0.165171 0.0155043 0.0400078 0.146387 0.0259866 0.145512 0.0139117 0.0479778 0.156669 0.0267568 0.123441 0.0152019 0.0574405 0.146387 0.0193819 0.143043 0.0166098 0.0507939 0.136671 0.0224481 0.165171 0.0155043 0.0400078 0.146387 0.0259866 0.145512 0.0139117 0.0479778 0.156669 0.0267568
0.0271236 0.215648 0.019751 0.439777 0.0227572 0.249513 0.0180818 0.0691641 0.459572 0.0271236 0.215648 0.019751 0.0824435 0.439777 0.0196496 0.245787 0.0215709 0.0731282 0.420172 0.0227572 0.278641 0.020142 0.0578887 0.439777 0.0263431 0.249513 0.0180818 0.0691641 0.459572 0.0271236 0.215648 0.019751 0.0824435 0.439777 0.0196496 0.245787 0.0215709 0.0731282 0.420172 0.0227572 0.278641 0.020142 0.0578887 0.439777 0.0263431 0.249513 0.0180818 0.0691641 0.459572 0.0271236
0.014578 0.0317733 0.00875455 0.0266483 0.0122059 0.0381681 0.00800709 0.0168431 0.0288039 0.014578 0.0317733 0.00875455 0.020296 0.0266483 0.0105236 0.0374406 0.00957111 0.017866 0.02465 0.0122059 0.0440727 0.00892982 0.0139693 0.0266483 0.0141533 0.0381681 0.00800709 0.0168431 0.0288039 0.014578 0.0317733 0.00875455 0.020296 0.0266483 0.0105236 0.0374406 0.00957111 0.017866 0.02465 0.0122059 0.0440727 0.00892982 0.0139693 0.0266483 0.0141533 0.0381681 0.00800709 0.0168431 0.0288039 0.014578
0.00869308 0.0217314 0.00737627 0.0274958 0.00727148 0.0261598 0.00674569 0.0080759 0.0297178 0.00869308 0.0217314 0.00737627 0.0097493 0.0274958 0.00626497 0.0256551 0.00806532 0.008571 0.0254356 0.00727148 0.0302652 0.00752416 0.00668778 0.0274958 0.00843833 0.0261598 0.00674569 0.0080759 0.0297178 0.00869308 0.0217314 0.00737627 0.0097493 0.0274958 0.00626497 0.0256551 0.00806532 0.008571 0.0254356 0.00727148 0.0302652 0.00752416 0.00668778 0.0274958 0.00843833 0.0261598 0.00674569 0.0080759 0.0297178 0.00869308
0.0156505 0.210929 0.0173268 0.388572 0.0131062 0.244284 0.0158592 0.0245046 0.40774 0.0156505 0.210929 0.0173268 0.0294811 0.388572 0.0113012 0.240611 0.0189277 0.0259806 0.369744 0.0131062 0.273024 0.0176706 0.0203506 0.388572 0.015195 0.244284 0.0158592 0.0245046 0.40774 0.0156505 0.210929 0.0173268 0.0294811 0.388572 0.0113012 0.240611 0.0189277 0.0259806 0.369744 0.0131062 0.273024 0.0176706 0.0203506 0.388572 0.015195 0.244284 0.0158592 0.0245046 0.40774 0.0156505
0.0194445 0.0681995 0.012305 0.1036 0.0162936 0.0813099 0.0112579 0.0371318 0.111269 0.0194445 0.0681995 0.012305 0.0445554 0.1036 0.0140559 0.0798283 0.0134482 0.0393375 0.0964029 0.0162936 0.0932416 0.0125505 0.030905 0.1036 0.0188806 0.0813099 0.0112579 0.0371318 0.111269 0.0194445 0.0681995 0.012305 0.0445554 0.1036 0.0140559 0.0798283 0.0134482 0.0393375 0.0964029 0.0162936 0.0932416 0.0125505 0.030905 0.1036 0.0188806 0.0813099 0.0112579 0.0371318 0.111269 0.0194445
0.00554545 0.0599619 0.00980764 0.0685007 0.00463619 0.0716104 0.00897108 0.0219422 0.073785 0.00554545 0.0599619 0.00980764 0.0264123 0.0685007 0.00399298 0.0702921 0.0107214 0.0232675 0.0635689 0.00463619 0.0822463 0.0100038 0.0182145 0.0685007 0.00538244 0.0716104 0.00897108 0.0219422 0.073785 0.00554545 0.0599619 0.00980764 0.0264123 0.0685007 0.00399298 0.0702921 0.0107214 0.0232675 0.0635689 0.00463619 0.0822463 0.0100038 0.0182145 0.0685007 0.00538244 0.0716104 0.00897108 0.0219422 0.073785 0.00554545
0.0116106 0.031014 0.00857034 0.025822 0.00971656 0.0372618 0.00783848 0.0193858 0.0279126 0.0116106 0.031014 0.00857034 0.0233476 0.025822 0.00837446 0.0365509 0.00936988 0.0205599 0.0238841 0.00971656 0.0430325 0.00874195 0.0160852 0.025822 0.0112713 0.0372618 0.00783848 0.0193858 0.0279126 0.0116106 0.031014 0.00857034 0.0233476 0.025822 0.00837446 0.0365509 0.00936988 0.0205599 0.0238841 0.00971656 0.0430325 0.00874195 0.0160852 0.025822 0.0112713 0.0372618 0.00783848 0.0193858 0.0279126 0.0116106
0.0290633 0.146603 0.0162058 0.216852 0.0243925 0.172003 0.0148316 0.0304462 0.230745 0.0290633 0.146603 0.0162058 0.036584 0.216852 0.0210664 0.169173 0.0177049 0.0322682 0.203573 0.0243925 0.194427 0.0165277 0.0253111 0.216852 0.0282286 0.172003 0.0148316 0.0304462 0.230745 0.0290633 0.146603 0.0162058 0.036584 0.216852 0.0210664 0.169173 0.0177049 0.0322682 0.203573 0.0243925 0.194427 0.0165277 0.0253111 0.216852 0.0282286 0.172003 0.0148316 0.0304462 0.230745 0.0290633
0.0181959 0.0257327 0.00870666 0.0199825 0.0152442 0.0309505 0.00796325 0.0311216 0.0216108 0.0181959 0.0257327 0.00870666 0.0373902 0.0199825 0.0131487 0.0303563 0.0095188 0.0329825 0.0184745 0.0152442 0.0357802 0.00888098 0.0258756 0.0199825 0.0176677 0.0309505 0.00796325 0.0311216 0.0216108 0.0181959 0.0257327 0.00870666 0.0373902 0.0199825 0.0131487 0.0303563 0.0095188 0.0329825 0.0184745 0.0152442 0.0357802 0.00888098 0.0258756 0.0199825 0.0176677 0.0309505 0.00796325 0.0311216 0.0216108 0.0181959
0.0135843 0.0465937 0.0101561 0.0672085 0.011372 0.0557994 0.00929012 0.0219258 0.0724008 0.0135843 0.0465937 0.0101561 0.0263927 0.0672085 0.00980354 0.054755 0.0111019 0.0232501 0.0623635 0.011372 0.0642494 0.0103592 0.0182008 0.0672085 0.0131882 0.0557994 0.00929012 0.0219258 0.0724008 0.0135843 0.0465937 0.0101561 0.0263927 0.0672085 0.00980354 0.054755 0.0111019 0.0232501 0.0623635 0.011372 0.0642494 0.0103592 0.0182008 0.0672085 0.0131882 0.0557994 0.00929012 0.0219258 0.0724008 0.0135843
0.0130579 0.0589606 0.0109691 0.101119 0.0109304 0.0704291 0.0100345 0.0182176 0.108626 0.0130579 0.0589606 0.0109691 0.021946 0.101119 0.00942224 0.0691309 0.0119897 0.0193224 0.0940756 0.0109304 0.0809048 0.0111882 0.0151129 0.101119 0.0126769 0.0704291 0.0100345 0.0182176 0.108626 0.0130579 0.0589606 0.0109691 0.021946 0.101119 0.00942224 0.0691309 0.0119897 0.0193224 0.0940756 0.0109304 0.0809048 0.0111882 0.0151129 0.101119 0.0126769 0.0704291 0.0100345 0.0182176 0.108626 0.0130579
0.0134287 0.098328 0.0125471 0.152333 0.0112415 0.116506 0.0114796 0.0120737 0.162953 0.0134287 0.098328 0.0125471 0.0145634 0.152333 0.0096908 0.114463 0.0137125 0.0128108 0.142288 0.0112415 0.132856 0.0127973 0.0100054 0.152333 0.013037 0.116506 0.0114796 0.0120737 0.162953 0.0134287 0.098328 0.0125471 0.0145634 0.152333 0.0096908 0.114463 0.0137125 0.0128108 0.142288 0.0112415 0.132856 0.0127973 0.0100054 0.152333 0.013037 0.116506 0.0114796 0.0120737 0.162953 0.0134287
0.0187626 0.0526898 0.0107152 0.053876 0.0157205 0.0630204 0.00980201 0.0169062 0.0581024 0.0187626 0.0526898 0.0107152 0.0203718 0.053876 0.0135604 0.0618497 0.0117125 0.0179329 0.0499406 0.0157205 0.07248 0.0109293 0.0140218 0.053876 0.0182182 0.0630204 0.00980201 0.0169062 0.0581024 0.0187626 0.0526898 0.0107152 0.0203718 0.053876 0.0135604 0.0618497 0.0117125 0.0179329 0.0499406 0.0157205 0.07248 0.0109293 0.0140218 0.053876 0.0182182 0.0630204 0.00980201 0.0169062 0.0581024 0.0187626
0.0243568 0.167128 0.0166356 0.250603 0.0204265 0.195271 0.0152256 0.034039 0.265925 0.0243568 0.167128 0.0166356 0.0408705 0.250603 0.0176314 0.192147 0.0181738 0.0360679 0.235881 0.0204265 0.219922 0.0169659 0.0283156 0.250603 0.023654 0.195271 0.0152256 0.034039 0.265925 0.0243568 0.167128 0.0166356 0.0408705 0.250603 0.0176314 0.192147 0.0181738 0.0360679 0.235881 0.0204265 0.219922 0.0169659 0.0283156 0.250603 0.023654 0.195271 0.0152256 0.034039 0.265925 0.0243568
0.0344982 0.136126 0.0171341 0.246598 0.02898 0.160051 0.0156825 0.07071 0.261761 0.0344982 0.136126 0.0171341 0.0842593 0.246598 0.0250445 0.157381 0.0187175 0.0747556 0.232038 0.02898 0.181258 0.0174742 0.0591986 0.246598 0.0335128 0.160051 0.0156825 0.07071 0.261761 0.0344982 0.136126 0.0171341 0.0842593 0.246598 0.0250445 0.157381 0.0187175 0.0747556 0.232038 0.02898 0.181258 0.0174742 0.0591986 0.246598 0.0335128 0.160051 0.0156825 0.07071 0.261761 0.0344982
0.00979611 0.115327 0.0128976 0.182461 0.00819562 0.136173 0.0118006 0.0162772 0.194699 0.00979611 0.115327 0.0128976 0.0196164 0.182461 0.0070621 0.133838 0.0140951 0.0172663 0.170829 0.00819562 0.154799 0.0131547 0.0134986 0.182461 0.00950934 0.136173 0.0118006 0.0162772 0.194699 0.00979611 0.115327 0.0128976 0.0196164 0.182461 0.0070621 0.133838 0.0140951 0.0172663 0.170829 0.00819562 0.154799 0.0131547 0.0134986 0.182461 0.00950934 0.136173 0.0118006 0.0162772 0.194699 0.00979611
0.0127665 0.0402329 0.00954058 0.0516985 0.0106859 0.0482454 0.0087266 0.0157591 0.0557642 0.0127665 0.0402329 0.00954058 0.0189941 0.0516985 0.00921116 0.0473353 0.0104297 0.0167173 0.0479142 0.0106859 0.0556189 0.00973143 0.0130678 0.0516985 0.0123938 0.0482454 0.0087266 0.0157591 0.0557642 0.0127665 0.0402329 0.00954058 0.0189941 0.0516985 0.00921116 0.0473353 0.0104297 0.0167173 0.0479142 0.0106859 0.0556189 0.00973143 0.0130678 0.0516985 0.0123938 0.0482454 0.0087266 0.0157591 0.0557642 0.0127665
0.0207343 0.0404847 0.0102216 0.0402934 0.0173781 0.0485449 0.00935008 0.0268576 0.0435033 0.0207343 0.0404847 0.0102216 0.0322961 0.0402934 0.0149938 0.0476294 0.0111735 0.0284711 0.0373111 0.0173781 0.0559614 0.010426 0.0223139 0.0402934 0.0201339 0.0485449 0.00935008 0.0268576 0.0435033 0.0207343 0.0404847 0.0102216 0.0322961 0.0402934 0.0149938 0.0476294 0.0111735 0.0284711 0.0373111 0.0173781 0.0559614 0.010426 0.0223139 0.0402934 0.0201339 0.0485449 0.00935008 0.0268576 0.0435033 0.0207343
0.0126837 0.137012 0.0149038 0.225626 0.0106165 0.161064 0.0136386 0.0573357 0.239909 0.0126837 0.137012 0.0149038 0.0685112 0.225626 0.00915124 0.15838 0.0162845 0.060666 0.211956 0.0106165 0.182376 0.0152003 0.0478894 0.225626 0.0123135 0.161064 0.0136386 0.0573357 0.239909 0.0126837 0.137012 0.0149038 0.0685112 0.225626 0.00915124 0.15838 0.0162845 0.060666 0.211956 0.0106165 0.182376 0.0152003 0.0478894 0.225626 0.0123135 0.161064 0.0136386 0.0573357 0.239909 0.0126837
0.0156941 0.066891 0.0116828 0.0865859 0.0131428 0.0797713 0.010688 0.0310448 0.0931258 0.0156941 0.066891 0.0116828 0.0372986 0.0865859 0.0113329 0.0783155 0.0127689 0.0329014 0.0804645 0.0131428 0.0914998 0.011916 0.0258115 0.0865859 0.0152374 0.0797713 0.010688 0.0310448 0.0931258 0.0156941 0.066891 0.0116828 0.0372986 0.0865859 0.0113329 0.0783155 0.0127689 0.0329014 0.0804645 0.0131428 0.0914998 0.011916 0.0258115 0.0865859 0.0152374 0.0797713 0.010688 0.0310448 0.0931258 0.0156941
0.0285206 0.0307797 0.00998122 0.0303548 0.0239349 0.0369821 0.00912999 0.0525287 0.0328001 0.0285206 0.0307797 0.00998122 0.0628297 0.0303548 0.0206698 0.0362764 0.0109109 0.0555963 0.0280866 0.0239349 0.0427114 0.0101808 0.0438375 0.0303548 0.027701 0.0369821 0.00912999 0.0525287 0.0328001 0.0285206 0.0307797 0.00998122 0.0628297 0.0303548 0.0206698 0.0362764 0.0109109 0.0555963 0.0280866 0.0239349 0.0427114 0.0101808 0.0438375 0.0303548 0.027701 0.0369821 0.00912999 0.0525287 0.0328001 0.0285206
0.0656709 0.216467 0.0217319 0.37988 0.0554528 0.25042 0.0198986 0.0690198 0.398898 0.0656709 0.216467 0.0217319 0.082274 0.37988 0.0481002 0.246685 0.0237299 0.0729763 0.361224 0.0554528 0.279615 0.0221611 0.0577665 0.37988 0.063854 0.25042 0.0198986 0.0690198 0.398898 0.0656709 0.216467 0.0217319 0.082274 0.37988 0.0481002 0.246685 0.0237299 0.0729763 0.361224 0.0554528 0.279615 0.0221611 0.0577665 0.37988 0.063854 0.25042 0.0198986 0.0690198 0.398898 0.0656709
0.0106795 0.0332314 0.00833667 0.0310243 0.00893597 0.0399076 0.00762461 0.008577 0.0335216 0.0106795 0.0332314 0.00833667 0.0103532 0.0310243 0.00770085 0.0391483 0.00911461 0.00910254 0.0287075 0.00893597 0.0460684 0.00850365 0.00710337 0.0310243 0.0103671 0.0399076 0.00762461 0.008577 0.0335216 0.0106795 0.0332314 0.00833667 0.0103532 0.0310243 0.00770085 0.0391483 0.00911461 0.00910254 0.0287075 0.00893597 0.0460684 0.00850365 0.00710337 0.0310243 0.0103671 0.0399076 0.00762461 0.008577 0.0335216 0.0106795
0.0187095 0.0488502 0.0109008 0.0636784 0.0156758 0.0584744 0.00997195 0.0271861 0.0686181 0.0187095 0.0488502 0.0109008 0.0326888 0.0636784 0.0135218 0.0573829 0.0119152 0.0288188 0.0590718 0.0156758 0.0673006 0.0111186 0.0225881 0.0636784 0.0181666 0.0584744 0.00997195 0.0271861 0.0686181 0.0187095 0.0488502 0.0109008 0.0326888 0.0636784 0.0135218 0.0573829 0.0119152 0.0288188 0.0590718 0.0156758 0.0673006 0.0111186 0.0225881 0.0636784 0.0181666 0.0584744 0.00997195 0.0271861 0.0686181 0.0187095
0.00489937 0.0109952 0.00555931 0.00874443 0.0040956 0.0132654 0.00508326 0.0121217 0.00946583 0.00489937 0.0109952 0.00555931 0.0146211 0.00874443 0.00352713 0.0130062 0.00607967 0.0128616 0.00807756 0.0040956 0.0153792 0.00567098 0.0100452 0.00874443 0.00475526 0.0132654 0.00508326 0.0121217 0.00946583 0.00489937 0.0109952 0.00555931 0.0146211 0.00874443 0.00352713 0.0130062 0.00607967 0.0128616 0.00807756 0.0040956 0.0153792 0.00567098 0.0100452 0.00874443 0.00475526 0.0132654 0.00508326 0.0121217 0.00946583 0.00489937
0.0360525 0.140751 0.0172525 0.206987 0.0302935 0.165334 0.0157911 0.084062 0.220427 0.0360525 0.140751 0.0172525 0.0998948 0.206987 0.0261844 0.162592 0.0188467 0.0887985 0.194163 0.0302935 0.187085 0.0175949 0.070542 0.206987 0.0350243 0.165334 0.0157911 0.084062 0.220427 0.0360525 0.140751 0.0172525 0.0998948 0.206987 0.0261844 0.162592 0.0188467 0.0887985 0.194163 0.0302935 0.187085 0.0175949 0.070542 0.206987 0.0350243 0.165334 0.0157911 0.084062 0.220427 0.0360525
0.0213156 0.0758595 0.0125852 0.0893195 0.017867 0.0902997 0.0115145 0.0311478 0.0960441 0.0213156 0.0758595 0.0125852 0.0374216 0.0893195 0.0154166 0.0886702 0.0137541 0.0330103 0.0830224 0.017867 0.103402 0.0128362 0.0258975 0.0893195 0.0206986 0.0902997 0.0115145 0.0311478 0.0960441 0.0213156 0.0758595 0.0125852 0.0374216 0.0893195 0.0154166 0.0886702 0.0137541 0.0330103 0.0830224 0.017867 0.103402 0.0128362 0.0258975 0.0893195 0.0206986 0.0902997 0.0115145 0.0311478 0.0960441 0.0213156
0.0219725 0.147192 0.0160164 0.254351 0.0184197 0.172674 0.0146581 0.03966 0.269819 0.0219725 0.147192 0.0160164 0.0475641 0.254351 0.0158947 0.169836 0.0174983 0.0420094 0.239479 0.0184197 0.195165 0.0163347 0.0330239 0.254351 0.021337 0.172674 0.0146581 0.03966 0.269819 0.0219725 0.147192 0.0160164 0.0475641 0.254351 0.0158947 0.169836 0.0174983 0.0420094 0.239479 0.0184197 0.195165 0.0163347 0.0330239 0.254351 0.021337 0.172674 0.0146581 0.03966 0.269819 0.0219725
0.0126185 0.0612801 0.0111963 0.0763632 0.0105618 0.0731648 0.0102425 0.0375645 0.0822005 0.0126185 0.0612801 0.0111963 0.0450706 0.0763632 0.00910403 0.0718201 0.0122378 0.0397949 0.0709085 0.0105618 0.0840106 0.0114199 0.0312676 0.0763632 0.0122501 0.0731648 0.0102425 0.0375645 0.0822005 0.0126185 0.0612801 0.0111963 0.0450706 0.0763632 0.00910403 0.0718201 0.0122378 0.0397949 0.0709085 0.0105618 0.0840106 0.0114199 0.0312676 0.0763632 0.0122501 0.0731648 0.0102425 0.0375645 0.0822005 0.0126185
0.0112018 0.0120762 0.00621226 0.00868245 0.00937386 0.0145663 0.00568062 0.00825891 0.00939879 0.0112018 0.0120762 0.00621226 0.00996985 0.00868245 0.0080787 0.014282 0.00679332 0.00876513 0.00802027 0.00937386 0.0168839 0.00633696 0.00683955 0.00868245 0.0108744 0.0145663 0.00568062 0.00825891 0.00939879 0.0112018 0.0120762 0.00621226 0.00996985 0.00868245 0.0080787 0.014282 0.00679332 0.00876513 0.00802027 0.00937386 0.0168839 0.00633696 0.00683955 0.00868245 0.0108744 0.0145663 0.00568062 0.00825891 0.00939879 0.0112018
0.00879212 0.0188385 0.00697252 0.0158913 0.00735444 0.022691 0.00637623 0.013053 0.0171921 0.00879212 0.0188385 0.00697252 0.0157413 0.0158913 0.00633652 0.0222516 0.00762414 0.013849 0.0146875 0.00735444 0.0262667 0.00711237 0.0108187 0.0158913 0.00853449 0.022691 0.00637623 0.013053 0.0171921 0.00879212 0.0188385 0.00697252 0.0157413 0.0158913 0.00633652 0.0222516 0.00762414 0.013849 0.0146875 0.00735444 0.0262667 0.00711237 0.0108187 0.0158913 0.00853449 0.022691 0.00637623 0.013053 0.0171921 0.00879212
0.0398514 0.0857152 0.0140574 0.0952098 0.0335067 0.101825 0.012863 0.0376319 0.102328 0.0398514 0.0857152 0.0140574 0.0451509 0.0952098 0.0289747 0.10001 0.0153609 0.0398662 0.0885378 0.0335067 0.116386 0.0143373 0.0313241 0.0952098 0.0387192 0.101825 0.012863 0.0376319 0.102328 0.0398514 0.0857152 0.0140574 0.0451509 0.0952098 0.0289747 0.10001 0.0153609 0.0398662 0.0885378 0.0335067 0.116386 0.0143373 0.0313241 0.0952098 0.0387192 0.101825 0.012863 0.0376319 0.102328 0.0398514
0.0208154 0.0480521 0.0109564 0.0523604 0.0174463 0.0575285 0.0100229 0.0509349 0.056475 0.0208154 0.0480521 0.0109564 0.0609434 0.0523604 0.0150527 0.0564537 0.0119759 0.0539147 0.0485301 0.0174463 0.066222 0.0111753 0.0424956 0.0523604 0.0202126 0.0575285 0.0100229 0.0509349 0.056475 0.0208154 0.0480521 0.0109564 0.0609434 0.0523604 0.0150527 0.0564537 0.0119759 0.0539147 0.0485301 0.0174463 0.066222 0.0111753 0.0424956 0.0523604 0.0202126 0.0575285 0.0100229 0.0509349 0.056475 0.0208154
0.00912991 0.0334604 0.00864886 0.0316426 0.00763742 0.0401807 0.00791035 0.0225419 0.034188 0.00912991 0.0334604 0.00864886 0.0271309 0.0316426 0.00658059 0.0394164 0.00945566 0.0239025 0.0292811 0.00763742 0.0463817 0.00882204 0.0187143 0.0316426 0.00886247 0.0401807 0.00791035 0.0225419 0.034188 0.00912991 0.0334604 0.00864886 0.0271309 0.0316426 0.00658059 0.0394164 0.00945566 0.0239025 0.0292811 0.00763742 0.0463817 0.00882204 0.0187143 0.0316426 0.00886247 0.0401807 0.00791035 0.0225419 0.034188 0.00912991
0.0282293 0.0358523 0.0106045 0.0465815 0.0236892 0.0430316 0.00970065 0.0428795 0.0502661 0.0282293 0.0358523 0.0106045 0.0513909 0.0465815 0.020457 0.0422155 0.0115916 0.0454106 0.0431547 0.0236892 0.0496498 0.0108164 0.0357247 0.0465815 0.0274178 0.0430316 0.00970065 0.0428795 0.0502661 0.0282293 0.0358523 0.0106045 0.0513909 0.0465815 0.020457 0.0422155 0.0115916 0.0454106 0.0431547 0.0236892 0.0496498 0.0108164 0.0357247 0.0465815 0.0274178 0.0430316 0.00970065 0.0428795 0.0502661 0.0282293
0.0203066 0.0517159 0.0109598 0.0668298 0.0170184 0.061868 0.0100259 0.0172372 0.0719951 0.0203066 0.0517159 0.0109598 0.0207692 0.0668298 0.0146827 0.0607173 0.0119795 0.0182836 0.0620103 0.0170184 0.0711678 0.0111787 0.0142971 0.0668298 0.0197183 0.061868 0.0100259 0.0172372 0.0719951 0.0203066 0.0517159 0.0109598 0.0207692 0.0668298 0.0146827 0.0607173 0.0119795 0.0182836 0.0620103 0.0170184 0.0711678 0.0111787 0.0142971 0.0668298 0.0197183 0.061868 0.0100259 0.0172372 0.0719951 0.0203066
0.0143188 0.0817265 0.0124597 0.141547 0.0119884 0.0971661 0.0113996 0.0308665 0.151549 0.0143188 0.0817265 0.0124597 0.0370857 0.141547 0.0103357 0.0954257 0.0136171 0.0327127 0.132102 0.0119884 0.111143 0.0127082 0.0256624 0.141547 0.0139015 0.0971661 0.0113996 0.0308665 0.151549 0.0143188 0.0817265 0.0124597 0.0370857 0.141547 0.0103357 0.0954257 0.0136171 0.0327127 0.132102 0.0119884 0.111143 0.0127082 0.0256624 0.141547 0.0139015 0.0971661 0.0113996 0.0308665 0.151549 0.0143188
0.0364849 0.0698952 0.0130425 0.0747249 0.030659 0.0833024 0.0119333 0.0449204 0.0804479 0.0364849 0.0698952 0.0130425 0.0538142 0.0747249 0.0265016 0.0817878 0.0142532 0.047566 0.0693784 0.030659 0.0954962 0.0133024 0.0374384 0.0747249 0.0354448 0.0833024 0.0119333 0.0449204 0.0804479 0.0364849 0.0698952 0.0130425 0.0538142 0.0747249 0.0265016 0.0817878 0.0142532 0.047566 0.0693784 0.030659 0.0954962 0.0133024 0.0374384 0.0747249 0.0354448 0.0833024 0.0119333 0.0449204 0.0804479 0.0364849
0.0319735 0.0959477 0.0147556 0.15688 0.0268479 0.113741 0.0135028 0.0501562 0.167754 0.0319735 0.0959477 0.0147556 0.0600215 0.15688 0.023195 0.111741 0.0161228 0.053093 0.146587 0.0268479 0.12976 0.0150492 0.0418403 0.15688 0.0310579 0.113741 0.0135028 0.0501562 0.167754 0.0319735 0.0959477 0.0147556 0.0600215 0.15688 0.023195 0.111741 0.0161228 0.053093 0.146587 0.0268479 0.12976 0.0150492 0.0418403 0.15688 0.0310579 0.113741 0.0135028 0.0501562 0.167754 0.0319735
0.00826558 0.0408696 0.00913106 0.0464958 0.0069134 0.0490025 0.00835173 0.0246889 0.050174 0.00826558 0.0408696 0.00913106 0.0297016 0.0464958 0.00595616 0.0480789 0.00998239 0.0261756 0.043075 0.0069134 0.0564849 0.00931381 0.0205043 0.0464958 0.00802325 0.0490025 0.00835173 0.0246889 0.050174 0.00826558 0.0408696 0.00913106 0.0297016 0.0464958 0.00595616 0.0480789 0.00998239 0.0261756 0.043075 0.0069134 0.0564849 0.00931381 0.0205043 0.0464958 0.00802325 0.0490025 0.00835173 0.0246889 0.050174 0.00826558
0.0276445 0.142526 0.0166303 0.241463 0.0231962 0.167359 0.0152208 0.0451283 0.256417 0.0276445 0.142526 0.0166303 0.0540609 0.241463 0.0200299 0.16459 0.018168 0.0477856 0.227115 0.0231962 0.189316 0.0169606 0.037613 0.241463 0.0268494 0.167359 0.0152208 0.0451283 0.256417 0.0276445 0.142526 0.0166303 0.0540609 0.241463 0.0200299 0.16459 0.018168 0.0477856 0.227115 0.0231962 0.189316 0.0169606 0.037613 0.241463 0.0268494 0.167359 0.0152208 0.0451283 0.256417 0.0276445
0.0250148 0.175533 0.0169396 0.234355 0.0209806 0.204743 0.0155042 0.0334211 0.249013 0.0250148 0.175533 0.0169396 0.0401338 0.234355 0.0181111 0.201506 0.0185053 0.0354145 0.220306 0.0209806 0.230248 0.0172759 0.0277986 0.234355 0.0242935 0.204743 0.0155042 0.0334211 0.249013 0.0250148 0.175533 0.0169396 0.0401338 0.234355 0.0181111 0.201506 0.0185053 0.0354145 0.220306 0.0209806 0.230248 0.0172759 0.0277986 0.234355 0.0242935 0.204743 0.0155042 0.0334211 0.249013 0.0250148
0.0129463 0.0292254 0.0085363 0.0286565 0.0108368 0.0351259 0.00780733 0.017706 0.0309693 0.0129463 0.0292254 0.0085363 0.021332 0.0286565 0.00934138 0.0344544 0.0093327 0.0187804 0.0265117 0.0108368 0.0405798 0.00870724 0.0146872 0.0286565 0.0125685 0.0351259 0.00780733 0.017706 0.0309693 0.0129463 0.0292254 0.0085363 0.021332 0.0286565 0.00934138 0.0344544 0.0093327 0.0187804 0.0265117 0.0108368 0.0405798 0.00870724 0.0146872 0.0286565 0.0125685 0.0351259 0.00780733 0.017706 0.0309693 0.0129463
0.0220791 0.265557 0.0203161 0.458539 0.0185093 0.30422 0.0186 0.0511981 0.478457 0.0220791 0.265557 0.0203161 0.061255 0.458539 0.0159723 0.300004 0.0221869 0.0541924 0.438752 0.0185093 0.336868 0.020718 0.0427172 0.458539 0.0214405 0.30422 0.0186 0.0511981 0.478457 0.0220791 0.265557 0.0203161 0.061255 0.458539 0.0159723 0.300004 0.0221869 0.0541924 0.438752 0.0185093 0.336868 0.020718 0.0427172 0.458539 0.0214405 0.30422 0.0186 0.0511981 0.478457 0.0220791
0.00861495 0.0576643 0.0102096 0.081203 0.00720604 0.0688992 0.00933906 0.0149961 0.0873752 0.00861495 0.0576643 0.0102096 0.0180774 0.081203 0.00620853 0.0676271 0.0111603 0.0159087 0.0754307 0.00720604 0.0791667 0.0104137 0.0124335 0.081203 0.00836247 0.0688992 0.00933906 0.0149961 0.0873752 0.00861495 0.0576643 0.0102096 0.0180774 0.081203 0.00620853 0.0676271 0.0111603 0.0159087 0.0754307 0.00720604 0.0791667 0.0104137 0.0124335 0.081203 0.00836247 0.0688992 0.00933906 0.0149961 0.0873752 0.00861495
0.0207043 0.0596538 0.0116966 0.0770912 0.0173529 0.071247 0.0107007 0.0341121 0.0829791 0.0207043 0.0596538 0.0116966 0.0409577 0.0770912 0.014972 0.0699348 0.0127841 0.0361452 0.0715885 0.0173529 0.0818336 0.0119301 0.0283768 0.0770912 0.0201047 0.071247 0.0107007 0.0341121 0.0829791 0.0207043 0.0596538 0.0116966 0.0409577 0.0770912 0.014972 0.0699348 0.0127841 0.0361452 0.0715885 0.0173529 0.0818336 0.0119301 0.0283768 0.0770912 0.0201047 0.071247 0.0107007 0.0341121 0.0829791 0.0207043
0.0356874 0.108726 0.0150793 0.164347 0.0299849 0.128553 0.0137993 0.0300335 0.175631 0.0356874 0.108726 0.0150793 0.0360911 0.164347 0.0259165 0.126329 0.016476 0.0318315 0.153653 0.0299849 0.146313 0.0153792 0.0249662 0.164347 0.0346693 0.128553 0.0137993 0.0300335 0.175631 0.0356874 0.108726 0.0150793 0.0360911 0.164347 0.0259165 0.126329 0.016476 0.0318315 0.153653 0.0299849 0.146313 0.0153792 0.0249662 0.164347 0.0346693 0.128553 0.0137993 0.0300335 0.175631 0.0356874
0.00923911 0.0485615 0.00930261 0.0490874 0.00772892 0.0581322 0.00850876 0.0102079 0.0529593 0.00923911 0.0485615 0.00930261 0.0123176 0.0490874 0.00665951 0.0570468 0.0101698 0.0108323 0.0454851 0.00772892 0.0669105 0.00948875 0.00845644 0.0490874 0.00896851 0.0581322 0.00850876 0.0102079 0.0529593 0.00923911 0.0485615 0.00930261 0.0123176 0.0490874 0.00665951 0.0570468 0.0101698 0.0108323 0.0454851 0.00772892 0.0669105 0.00948875 0.00845644 0.0490874 0.00896851 0.0581322 0.00850876 0.0102079 0.0529593 0.00923911
0.016113 0.0293199 0.00899088 0.0304685 0.0134945 0.0352388 0.00822341 0.0258258 0.0329226 0.016113 0.0293199 0.00899088 0.031062 0.0304685 0.0116367 0.0345652 0.00982927 0.027379 0.028192 0.0134945 0.0407095 0.00917084 0.0214527 0.0304685 0.0156442 0.0352388 0.00822341 0.0258258 0.0329226 0.016113 0.0293199 0.00899088 0.031062 0.0304685 0.0116367 0.0345652 0.00982927 0.027379 0.028192 0.0134945 0.0407095 0.00917084 0.0214527 0.0304685 0.0156442 0.0352388 0.00822341 0.0258258 0.0329226 0.016113
0.0491919 0.575322 0.0333971 0.822656 0.0414242 0.620954 0.0306107 0.0513719 0.834028 0.0491919 0.575322 0.0333971 0.0614608 0.822656 0.035861 0.616235 0.0364277 0.0543758 0.810682 0.0414242 0.655567 0.0340488 0.0428635 0.822656 0.0478075 0.620954 0.0306107 0.0513719 0.834028 0.0491919 0.575322 0.0333971 0.0614608 0.822656 0.035861 0.616235 0.0364277 0.0543758 0.810682 0.0414242 0.655567 0.0340488 0.0428635 0.822656 0.0478075 0.620954 0.0306107 0.0513719 0.834028 0.0491919
0.0120523 0.0509679 0.0104542 0.0709671 0.010087 0.0609826 0.00956301 0.0313625 0.0764261 0.0120523 0.0509679 0.0104542 0.0376779 0.0709671 0.00869413 0.0598473 0.0114275 0.0332374 0.0658703 0.010087 0.0701592 0.0106631 0.0260771 0.0709671 0.0117003 0.0609826 0.00956301 0.0313625 0.0764261 0.0120523 0.0509679 0.0104542 0.0376779 0.0709671 0.00869413 0.0598473 0.0114275 0.0332374 0.0658703 0.010087 0.0701592 0.0106631 0.0260771 0.0709671 0.0117003 0.0609826 0.00956301 0.0313625 0.0764261 0.0120523
0.0102877 0.109615 0.0131094 0.212215 0.00860759 0.129579 0.0119946 0.0158168 0.225898 0.0102877 0.109615 0.0131094 0.0190634 0.212215 0.00741752 0.12734 0.0143263 0.0167785 0.199149 0.00860759 0.147457 0.0133707 0.0131158 0.212215 0.00998668 0.129579 0.0119946 0.0158168 0.225898 0.0102877 0.109615 0.0131094 0.0190634 0.212215 0.00741752 0.12734 0.0143263 0.0167785 0.199149 0.00860759 0.147457 0.0133707 0.0131158 0.212215 0.00998668 0.129579 0.0119946 0.0158168 0.225898 0.0102877
0.011152 0.0372849 0.00914637 0.0320491 0.00933208 0.0447378 0.00836574 0.0435873 0.0346259 0.011152 0.0372849 0.00914637 0.0522316 0.0320491 0.00804265 0.0438908 0.00999911 0.0461582 0.0296581 0.00933208 0.0516043 0.00932942 0.0363189 0.0320491 0.010826 0.0447378 0.00836574 0.0435873 0.0346259 0.011152 0.0372849 0.00914637 0.0522316 0.0320491 0.00804265 0.0438908 0.00999911 0.0461582 0.0296581 0.00933208 0.0516043 0.00932942 0.0363189 0.0320491 0.010826 0.0447378 0.00836574 0.0435873 0.0346259 0.011152
0.0237135 0.0629983 0.0119979 0.0766845 0.0198849 0.0751894 0.0109766 0.0272708 0.0825442 0.0237135 0.0629983 0.0119979 0.0327901 0.0766845 0.0171626 0.0738105 0.0131129 0.0289084 0.0712086 0.0198849 0.0863075 0.0122373 0.0226588 0.0766845 0.0230288 0.0751894 0.0109766 0.0272708 0.0825442 0.0237135 0.0629983 0.0119979 0.0327901 0.0766845 0.0171626 0.0738105 0.0131129 0.0289084 0.0712086 0.0198849 0.0863075 0.0122373 0.0226588 0.0766845 0.0230288 0.0751894 0.0109766 0.0272708 0.0825442 0.0237135
0.0395541 0.120191 0.0162429 0.177989 0.0332551 0.141775 0.0148657 0.0510307 0.189997 0.0395541 0.120191 0.0162429 0.0610569 0.177989 0.0287561 0.139359 0.0177454 0.0540158 0.166585 0.0332551 0.161024 0.0165656 0.0425763 0.177989 0.0384301 0.141775 0.0148657 0.0510307 0.189997 0.0395541 0.120191 0.0162429 0.0610569 0.177989 0.0287561 0.139359 0.0177454 0.0540158 0.166585 0.0332551 0.161024 0.0165656 0.0425763 0.177989 0.0384301 0.141775 0.0148657 0.0510307 0.189997 0.0395541
0.0149095 0.139082 0.0145877 0.200794 0.0124842 0.163428 0.0133489 0.0316862 0.213939 0.0149095 0.139082 0.0145877 0.0380642 0.200794 0.0107639 0.160712 0.0159396 0.0335798 0.188262 0.0124842 0.184984 0.014878 0.0263477 0.200794 0.0144753 0.163428 0.0133489 0.0316862 0.213939 0.0149095 0.139082 0.0145877 0.0380642 0.200794 0.0107639 0.160712 0.0159396 0.0335798 0.188262 0.0124842 0.184984 0.014878 0.0263477 0.200794 0.0144753 0.163428 0.0133489 0.0316862 0.213939 0.0149095
0.0259191 0.0982956 0.0146847 0.181082 0.0217423 0.116468 0.0134378 0.0600753 0.193249 0.0259191 0.0982956 0.0146847 0.0717441 0.181082 0.0187706 0.114426 0.0160454 0.063554 0.16952 0.0217423 0.132814 0.0149769 0.0502017 0.181082 0.0251723 0.116468 0.0134378 0.0600753 0.193249 0.0259191 0.0982956 0.0146847 0.0717441 0.181082 0.0187706 0.114426 0.0160454 0.063554 0.16952 0.0217423 0.132814 0.0149769 0.0502017 0.181082 0.0251723 0.116468 0.0134378 0.0600753 0.193249 0.0259191
0.0115641 0.060066 0.0105878 0.0757676 0.00967757 0.0717332 0.00968531 0.0184295 0.0815633 0.0115641 0.060066 0.0105878 0.0222003 0.0757676 0.0083408 0.0704128 0.0115733 0.0195469 0.0703521 0.00967757 0.0823857 0.0107993 0.0152892 0.0757676 0.0112261 0.0717332 0.00968531 0.0184295 0.0815633 0.0115641 0.060066 0.0105878 0.0222003 0.0757676 0.0083408 0.0704128 0.0115733 0.0195469 0.0703521 0.00967757 0.0823857 0.0107993 0.0152892 0.0757676 0.0112261 0.0717332 0.00968531 0.0184295 0.0815633 0.0115641
0.0164115 0.0271062 0.0088149 0.0365143 0.0137452 0.0325933 0.00806233 0.0204033 0.0394355 0.0164115 0.0271062 0.0088149 0.0245677 0.0365143 0.0118533 0.0319686 0.00963704 0.0216376 0.0338018 0.0137452 0.0376694 0.00899137 0.0169324 0.0365143 0.0159342 0.0325933 0.00806233 0.0204033 0.0394355 0.0164115 0.0271062 0.0088149 0.0245677 0.0365143 0.0118533 0.0319686 0.00963704 0.0216376 0.0338018 0.0137452 0.0376694 0.00899137 0.0169324 0.0365143 0.0159342 0.0325933 0.00806233 0.0204033 0.0394355 0.0164115
0.0345127 0.126995 0.0160791 0.245968 0.0289923 0.149594 0.0147156 0.0306264 0.261105 0.0345127 0.126995 0.0160791 0.0367991 0.245968 0.0250551 0.147067 0.0175667 0.0324587 0.231434 0.0289923 0.169695 0.0163986 0.0254617 0.245968 0.0335269 0.149594 0.0147156 0.0306264 0.261105 0.0345127 0.126995 0.0160791 0.0367991 0.245968 0.0250551 0.147067 0.0175667 0.0324587 0.231434 0.0289923 0.169695 0.0163986 0.0254617 0.245968 0.0335269 0.149594 0.0147156 0.0306264 0.261105 0.0345127
0.0178095 0.0529958 0.0106967 0.0575101 0.0149195 0.0633823 0.00978505 0.0208196 0.0620029 0.0178095 0.0529958 0.0106967 0.0250669 0.0575101 0.0128681 0.0622053 0.0116923 0.0220786 0.0533243 0.0149195 0.0728921 0.0109104 0.0172792 0.0575101 0.0172923 0.0633823 0.00978505 0.0208196 0.0620029 0.0178095 0.0529958 0.0106967 0.0250669 0.0575101 0.0128681 0.0622053 0.0116923 0.0220786 0.0533243 0.0149195 0.0728921 0.0109104 0.0172792 0.0575101 0.0172923 0.0633823 0.00978505 0.0208196 0.0620029 0.0178095
0.0139705 0.0430984 0.00994705 0.046098 0.0116961 0.0516509 0.00909871 0.0296849 0.0497464 0.0139705 0.0430984 0.00994705 0.0356749 0.046098 0.0100833 0.0506799 0.0108736 0.0314628 0.0427052 0.0116961 0.0595123 0.010146 0.024675 0.046098 0.0135632 0.0516509 0.00909871 0.0296849 0.0497464 0.0139705 0.0430984 0.00994705 0.0356749 0.046098 0.0100833 0.0506799 0.0108736 0.0314628 0.0427052 0.0116961 0.0595123 0.010146 0.024675 0.046098 0.0135632 0.0516509 0.00909871 0.0296849 0.0497464 0.0139705
0.0147853 0.101802 0.013179 0.177479 0.0123799 0.120536 0.0120584 0.0199691 0.18946 0.0147853 0.101802 0.013179 0.0240472 0.177479 0.0106739 0.118432 0.0144023 0.0211778 0.1661 0.0123799 0.137364 0.0134417 0.0165709 0.177479 0.0143546 0.120536 0.0120584 0.0199691 0.18946 0.0147853 0.101802 0.013179 0.0240472 0.177479 0.0106739 0.118432 0.0144023 0.0211778 0.1661 0.0123799 0.137364 0.0134417 0.0165709 0.177479 0.0143546 0.120536 0.0120584 0.0199691 0.18946 0.0147853
0.0256768 0.145102 0.0156203 0.188026 0.0215382 0.170295 0.0142951 0.0222276 0.200545 0.0256768 0.145102 0.0156203 0.0267542 0.188026 0.0185939 0.167487 0.0170663 0.0235696 0.176116 0.0215382 0.192548 0.0159309 0.0184523 0.188026 0.0249369 0.170295 0.0142951 0.0222276 0.200545 0.0256768 0.145102 0.0156203 0.0267542 0.188026 0.0185939 0.167487 0.0170663 0.0235696 0.176116 0.0215382 0.192548 0.0159309 0.0184523 0.188026 0.0249369 0.170295 0.0142951 0.0222276 0.200545 0.0256768
0.00831509 0.0258981 0.00770828 0.0240165 0.00695487 0.0311484 0.00704952 0.0174011 0.0259648 0.00831509 0.0258981 0.00770828 0.0209659 0.0240165 0.00599192 0.0305505 0.00842809 0.0184573 0.022211 0.00695487 0.0360078 0.00786278 0.0144335 0.0240165 0.00807132 0.0311484 0.00704952 0.0174011 0.0259648 0.00831509 0.0258981 0.00770828 0.0209659 0.0240165 0.00599192 0.0305505 0.00842809 0.0184573 0.022211 0.00695487 0.0360078 0.00786278 0.0144335 0.0240165 0.00807132 0.0311484 0.00704952 0.0174011 0.0259648 0.00831509
0.0200642 0.12969 0.0150563 0.168088 0.0168146 0.152684 0.0137782 0.0415589 0.179573 0.0200642 0.12969 0.0150563 0.0498218 0.168088 0.0145064 0.150115 0.0164508 0.0440156 0.157196 0.0168146 0.173116 0.0153557 0.0346164 0.168088 0.0194827 0.152684 0.0137782 0.0415589 0.179573 0.0200642 0.12969 0.0150563 0.0498218 0.168088 0.0145064 0.150115 0.0164508 0.0440156 0.157196 0.0168146 0.173116 0.0153557 0.0346164 0.168088 0.0194827 0.152684 0.0137782 0.0415589 0.179573 0.0200642
0.0284145 0.0831323 0.0134192 0.102469 0.0238454 0.0988089 0.0122784 0.0400409 0.110064 0.0284145 0.0831323 0.0134192 0.0480171 0.102469 0.0205923 0.0970422 0.0146644 0.0424118 0.0953423 0.0238454 0.112993 0.0136866 0.0333432 0.102469 0.0275979 0.0988089 0.0122784 0.0400409 0.110064 0.0284145 0.0831323 0.0134192 0.0480171 0.102469 0.0205923 0.0970422 0.0146644 0.0424118 0.0953423 0.0238454 0.112993 0.0136866 0.0333432 0.102469 0.0275979 0.0988089 0.0122784 0.0400409 0.110064 0.0284145
0.0210306 0.0412566 0.0102242 0.0583435 0.0176273 0.0494625 0.00935245 0.0161979 0.0628971 0.0210306 0.0412566 0.0102242 0.0195211 0.0583435 0.0152093 0.0485306 0.0111763 0.0171823 0.0541005 0.0176273 0.0570109 0.0104286 0.0134326 0.0583435 0.0204217 0.0494625 0.00935245 0.0161979 0.0628971 0.0210306 0.0412566 0.0102242 0.0195211 0.0583435 0.0152093 0.0485306 0.0111763 0.0171823 0.0541005 0.0176273 0.0570109 0.0104286 0.0134326 0.0583435 0.0204217 0.0494625 0.00935245 0.0161979 0.0628971 0.0210306
0.00708796 0.0482315 0.00905173 0.0516772 0.00592728 0.0577412 0.00827911 0.011415 0.0557413 0.00708796 0.0482315 0.00905173 0.0137707 0.0516772 0.00510587 0.0566626 0.00989574 0.0121123 0.0478944 0.00592728 0.0664646 0.0092329 0.00945843 0.0516772 0.00687992 0.0577412 0.00827911 0.011415 0.0557413 0.00708796 0.0482315 0.00905173 0.0137707 0.0516772 0.00510587 0.0566626 0.00989574 0.0121123 0.0478944 0.00592728 0.0664646 0.0092329 0.00945843 0.0516772 0.00687992 0.0577412 0.00827911 0.011415 0.0557413 0.00708796
0.0179904 0.0151278 0.00736161 0.0165475 0.0150715 0.0182356 0.00673227 0.0150939 0.017901 0.0179904 0.0151278 0.00736161 0.0181948 0.0165475 0.0129994 0.017881 0.0080493 0.0160123 0.0152947 0.0150715 0.0211244 0.0075092 0.0125147 0.0165475 0.017468 0.0182356 0.00673227 0.0150939 0.017901 0.0179904 0.0151278 0.00736161 0.0181948 0.0165475 0.0129994 0.017881 0.0080493 0.0160123 0.0152947 0.0150715 0.0211244 0.0075092 0.0125147 0.0165475 0.017468 0.0182356 0.00673227 0.0150939 0.017901 0.0179904
0.0318299 0.204932 0.0192889 0.332074 0.0267267 0.237625 0.0176581 0.0804262 0.35005 0.0318299 0.204932 0.0192889 0.0956458 0.332074 0.0230898 0.234021 0.0210672 0.0849769 0.314575 0.0267267 0.265857 0.0196709 0.0674479 0.332074 0.0309182 0.237625 0.0176581 0.0804262 0.35005 0.0318299 0.204932 0.0192889 0.0956458 0.332074 0.0230898 0.234021 0.0210672 0.0849769 0.314575 0.0267267 0.265857 0.0196709 0.0674479 0.332074 0.0309182 0.237625 0.0176581 0.0804262 0.35005 0.0318299
0.00634564 0.0183353 0.00663631 0.0163172 0.00530587 0.0220872 0.0060686 0.00868742 0.0176522 0.00634564 0.0183353 0.00663631 0.0104862 0.0163172 0.00457018 0.0216593 0.00725674 0.00921967 0.0150816 0.00530587 0.0255702 0.00676946 0.00719496 0.0163172 0.00615925 0.0220872 0.0060686 0.00868742 0.0176522 0.00634564 0.0183353 0.00663631 0.0104862 0.0163172 0.00457018 0.0216593 0.00725674 0.00921967 0.0150816 0.00530587 0.0255702 0.00676946 0.00719496 0.0163172 0.00615925 0.0220872 0.0060686 0.00868742 0.0176522 0.00634564
0.0116647 0.0155223 0.00693182 0.0136171 0.00976196 0.0187095 0.00633899 0.013609 0.0147345 0.0116647 0.0155223 0.00693182 0.01641 0.0136171 0.00841364 0.0183459 0.00757967 0.0144384 0.0125833 0.00976196 0.0216718 0.00707086 0.0112807 0.0136171 0.0113239 0.0187095 0.00633899 0.013609 0.0147345 0.0116647 0.0155223 0.00693182 0.01641 0.0136171 0.00841364 0.0183459 0.00757967 0.0144384 0.0125833 0.00976196 0.0216718 0.00707086 0.0112807 0.0136171 0.0113239 0.0187095 0.00633899 0.013609 0.0147345 0.0116647
0.0186468 0.11977 0.014805 0.207377 0.0156231 0.141291 0.013548 0.035757 0.220835 0.0186468 0.11977 0.014805 0.042918 0.207377 0.0134763 0.138882 0.0161767 0.0378843 0.194535 0.0156231 0.160487 0.0150996 0.0297536 0.207377 0.0181057 0.141291 0.013548 0.035757 0.220835 0.0186468 0.11977 0.014805 0.042918 0.207377 0.0134763 0.138882 0.0161767 0.0378843 0.194535 0.0156231 0.160487 0.0150996 0.0297536 0.207377 0.0181057 0.141291 0.013548 0.035757 0.220835 0.0186468
0.0197509 0.0768458 0.0128651 0.0967233 0.0165512 0.0914552 0.0117709 0.0658087 0.103942 0.0197509 0.0768458 0.0128651 0.0784982 0.0967233 0.0142786 0.0898069 0.0140597 0.0695949 0.0899558 0.0165512 0.104706 0.0131216 0.055048 0.0967233 0.0191783 0.0914552 0.0117709 0.0658087 0.103942 0.0197509 0.0768458 0.0128651 0.0784982 0.0967233 0.0142786 0.0898069 0.0140597 0.0695949 0.0899558 0.0165512 0.104706 0.0131216 0.055048 0.0967233 0.0191783 0.0914552 0.0117709 0.0658087 0.103942 0.0197509
0.0177733 0.0645293 0.0113733 0.0879378 0.0148891 0.0769925 0.0104046 0.014124 0.0945692 0.0177733 0.0645293 0.0113733 0.0170291 0.0879378 0.0128418 0.0755831 0.012431 0.0149843 0.0817294 0.0148891 0.0883516 0.0116003 0.0117086 0.0879378 0.0172571 0.0769925 0.0104046 0.014124 0.0945692 0.0177733 0.0645293 0.0113733 0.0170291 0.0879378 0.0128418 0.0755831 0.012431 0.0149843 0.0817294 0.0148891 0.0883516 0.0116003 0.0117086 0.0879378 0.0172571 0.0769925 0.0104046 0.014124 0.0945692 0.0177733
0.039983 0.0866931 0.0145266 0.110127 0.0336181 0.102966 0.0132929 0.0649541 0.118214 0.039983 0.0866931 0.0145266 0.0774925 0.110127 0.0290715 0.101133 0.0158729 0.0686948 0.102528 0.0336181 0.117668 0.0148157 0.054325 0.110127 0.0388473 0.102966 0.0132929 0.0649541 0.118214 0.039983 0.0866931 0.0145266 0.0774925 0.110127 0.0290715 0.101133 0.0158729 0.0686948 0.102528 0.0336181 0.117668 0.0148157 0.054325 0.110127 0.0388473 0.102966 0.0132929 0.0649541 0.118214 0.039983
0.011476 0.0212459 0.00766742 0.0128469 0.00960369 0.0255778 0.00701212 0.0351483 0.013902 0.011476 0.0212459 0.00766742 0.0421927 0.0128469 0.00827705 0.0250841 0.00838344 0.0372408 0.0118709 0.00960369 0.0295947 0.0078211 0.029244 0.0128469 0.0111406 0.0255778 0.00701212 0.0351483 0.013902 0.011476 0.0212459 0.00766742 0.0421927 0.0128469 0.00827705 0.0250841 0.00838344 0.0372408 0.0118709 0.00960369 0.0295947 0.0078211 0.029244 0.0128469 0.0111406 0.0255778 0.00701212 0.0351483 0.013902 0.011476
0.0252427 0.0756245 0.0127128 0.100542 0.0211725 0.0900243 0.0116313 0.0269411 0.108011 0.0252427 0.0756245 0.0127128 0.0323959 0.100542 0.0182773 0.0883993 0.0138934 0.0285595 0.0935348 0.0211725 0.103091 0.0129663 0.0223835 0.100542 0.024515 0.0900243 0.0116313 0.0269411 0.108011 0.0252427 0.0756245 0.0127128 0.0323959 0.100542 0.0182773 0.0883993 0.0138934 0.0285595 0.0935348 0.0211725 0.103091 0.0129663 0.0223835 0.100542 0.024515 0.0900243 0.0116313 0.0269411 0.108011 0.0252427
0.021257 0.150223 0.0160539 0.276891 0.0178178 0.176121 0.0146925 0.0274536 0.293191 0.021257 0.150223 0.0160539 0.0330087 0.276891 0.0153741 0.173238 0.0175392 0.0291019 0.261163 0.0178178 0.198953 0.0163729 0.0228114 0.276891 0.0206418 0.176121 0.0146925 0.0274536 0.293191 0.021257 0.150223 0.0160539 0.0330087 0.276891 0.0153741 0.173238 0.0175392 0.0291019 0.261163 0.0178178 0.198953 0.0163729 0.0228114 0.276891 0.0206418 0.176121 0.0146925 0.0274536 0.293191 0.021257
0.0142342 0.0149661 0.0070805 0.0097097 0.0119174 0.0180412 0.00647504 0.0236267 0.0105099 0.0142342 0.0149661 0.0070805 0.02843 0.0097097 0.0102744 0.0176903 0.00774214 0.0250511 0.00896988 0.0119174 0.0208999 0.0072225 0.0196185 0.0097097 0.0138193 0.0180412 0.00647504 0.0236267 0.0105099 0.0142342 0.0149661 0.0070805 0.02843 0.0097097 0.0102744 0.0176903 0.00774214 0.0250511 0.00896988 0.0119174 0.0208999 0.0072225 0.0196185 0.0097097 0.0138193 0.0180412 0.00647504 0.0236267 0.0105099 0.0142342
0.011121 0.041464 0.00936744 0.0410968 0.00930609 0.049709 0.00856811 0.0247801 0.0443677 0.011121 0.041464 0.00936744 0.0298107 0.0410968 0.00802022 0.0487727 0.0102406 0.0262721 0.0380574 0.00930609 0.0572927 0.00955487 0.0205803 0.0410968 0.0107959 0.049709 0.00856811 0.0247801 0.0443677 0.011121 0.041464 0.00936744 0.0298107 0.0410968 0.00802022 0.0487727 0.0102406 0.0262721 0.0380574 0.00930609 0.0572927 0.00955487 0.0205803 0.0410968 0.0107959 0.049709 0.00856811 0.0247801 0.0443677 0.011121
0.0176064 0.0300566 0.00937798 0.0382658 0.0147489 0.0361188 0.00857776 0.0262646 0.0413212 0.0176064 0.0300566 0.00937798 0.0315868 0.0382658 0.0127206 0.0354289 0.0102521 0.0278435 0.035428 0.0147489 0.0417202 0.00956562 0.0218189 0.0382658 0.017095 0.0361188 0.00857776 0.0262646 0.0413212 0.0176064 0.0300566 0.00937798 0.0315868 0.0382658 0.0127206 0.0354289 0.0102521 0.0278435 0.035428 0.0147489 0.0417202 0.00956562 0.0218189 0.0382658 0.017095 0.0361188 0.00857776 0.0262646 0.0413212 0.0176064
0.0100876 0.0243441 0.00791105 0.021401 0.00843987 0.0292889 0.00723508 0.0199538 0.0231422 0.0100876 0.0243441 0.00791105 0.0240288 0.021401 0.00727281 0.0287256 0.00864962 0.0211615 0.0197882 0.00843987 0.0338683 0.00806957 0.0165581 0.021401 0.00979235 0.0292889 0.00723508 0.0199538 0.0231422 0.0100876 0.0243441 0.00791105 0.0240288 0.021401 0.00727281 0.0287256 0.00864962 0.0211615 0.0197882 0.00843987 0.0338683 0.00806957 0.0165581 0.021401 0.00979235 0.0292889 0.00723508 0.0199538 0.0231422 0.0100876
0.0102663 0.0558615 0.0102653 0.0845842 0.00858968 0.06677 0.00939011 0.0131559 0.090988 0.0102663 0.0558615 0.0102653 0.0158651 0.0845842 0.00740206 0.0655345 0.0112212 0.0139581 0.0785922 0.00858968 0.0767464 0.0104705 0.0109042 0.0845842 0.00996593 0.06677 0.00939011 0.0131559 0.090988 0.0102663 0.0558615 0.0102653 0.0158651 0.0845842 0.00740206 0.0655345 0.0112212 0.0139581 0.0785922 0.00858968 0.0767464 0.0104705 0.0109042 0.0845842 0.00996593 0.06677 0.00939011 0.0131559 0.090988 0.0102663
0.0120894 0.072662 0.0112368 0.0766774 0.0101181 0.0865505 0.0102796 0.021743 0.0825365 0.0120894 0.072662 0.0112368 0.0261736 0.0766774 0.008721 0.0849823 0.0122821 0.0230565 0.0712019 0.0101181 0.0991683 0.0114612 0.0180485 0.0766774 0.0117363 0.0865505 0.0102796 0.021743 0.0825365 0.0120894 0.072662 0.0112368 0.0261736 0.0766774 0.008721 0.0849823 0.0122821 0.0230565 0.0712019 0.0101181 0.0991683 0.0114612 0.0180485 0.0766774 0.0117363 0.0865505 0.0102796 0.021743 0.0825365 0.0120894
0.0178853 0.0228845 0.00834006 0.0200929 0.0149832 0.0275412 0.00762772 0.0239925 0.0217301 0.0178853 0.0228845 0.00834006 0.028868 0.0200929 0.0129232 0.0270106 0.00911832 0.0254384 0.0185768 0.0149832 0.0318563 0.00850711 0.0199235 0.0200929 0.0173659 0.0275412 0.00762772 0.0239925 0.0217301 0.0178853 0.0228845 0.00834006 0.028868 0.0200929 0.0129232 0.0270106 0.00911832 0.0254384 0.0185768 0.0149832 0.0318563 0.00850711 0.0199235 0.0200929 0.0173659 0.0275412 0.00762772 0.0239925 0.0217301 0.0178853
0.0108752 0.0818692 0.0122241 0.130543 0.00910001 0.0973328 0.0111837 0.0529466 0.139895 0.0108752 0.0818692 0.0122241 0.0633241 0.130543 0.00784239 0.0955897 0.0133599 0.0560372 0.121728 0.00910001 0.111331 0.0124679 0.0441895 0.130543 0.0105572 0.0973328 0.0111837 0.0529466 0.139895 0.0108752 0.0818692 0.0122241 0.0633241 0.130543 0.00784239 0.0955897 0.0133599 0.0560372 0.121728 0.00910001 0.111331 0.0124679 0.0441895 0.130543 0.0105572 0.0973328 0.0111837 0.0529466 0.139895 0.0108752
0.0169968 0.039856 0.00983057 0.0520297 0.0142368 0.0477972 0.00899207 0.0180231 0.0561199 0.0169968 0.039856 0.00983057 0.0217125 0.0520297 0.0122781 0.0468951 0.0107464 0.0191163 0.0482224 0.0142368 0.0551062 0.0100272 0.014951 0.0520297 0.0165028 0.0477972 0.00899207 0.0180231 0.0561199 0.0169968 0.039856 0.00983057 0.0217125 0.0520297 0.0122781 0.0468951 0.0107464 0.0191163 0.0482224 0.0142368 0.0551062 0.0100272 0.014951 0.0520297 0.0165028 0.0477972 0.00899207 0.0180231 0.0561199 0.0169968
0.015105 0.104553 0.0135918 0.141521 0.0126482 0.123724 0.0124365 0.0405084 0.151522 0.015105 0.104553 0.0135918 0.0485731 0.141521 0.0109057 0.121572 0.0148528 0.0429059 0.132077 0.0126482 0.140925 0.0138626 0.0337353 0.141521 0.0146651 0.123724 0.0124365 0.0405084 0.151522 0.015105 0.104553 0.0135918 0.0485731 0.141521 0.0109057 0.121572 0.0148528 0.0429059 0.132077 0.0126482 0.140925 0.0138626 0.0337353 0.141521 0.0146651 0.123724 0.0124365 0.0405084 0.151522 0.015105
0.0111224 0.0480513 0.0101589 0.0799703 0.00930725 0.0575276 0.00929269 0.021533 0.0860577 0.0111224 0.0480513 0.0101589 0.025922 0.0799703 0.00802122 0.0564528 0.011105 0.0228341 0.0742786 0.00930725 0.0662211 0.010362 0.0178735 0.0799703 0.0107972 0.0575276 0.00929269 0.021533 0.0860577 0.0111224 0.0480513 0.0101589 0.025922 0.0799703 0.00802122 0.0564528 0.011105 0.0228341 0.0742786 0.00930725 0.0662211 0.010362 0.0178735 0.0799703 0.0107972 0.0575276 0.00929269 0.021533 0.0860577 0.0111224
0.0131537 0.18068 0.0156568 0.296139 0.0110107 0.210527 0.0143285 0.0223228 0.313082 0.0131537 0.18068 0.0156568 0.0268684 0.296139 0.00949158 0.207223 0.017106 0.0236705 0.27974 0.0110107 0.236539 0.015968 0.0185316 0.296139 0.0127699 0.210527 0.0143285 0.0223228 0.313082 0.0131537 0.18068 0.0156568 0.0268684 0.296139 0.00949158 0.207223 0.017106 0.0236705 0.27974 0.0110107 0.236539 0.015968 0.0185316 0.296139 0.0127699 0.210527 0.0143285 0.0223228 0.313082 0.0131537
0.0138766 0.0290024 0.00869232 0.0347773 0.0116173 0.0348596 0.00795013 0.0131705 0.037565 0.0138766 0.0290024 0.00869232 0.0158826 0.0347773 0.0100153 0.034193 0.00950314 0.0139735 0.0321896 0.0116173 0.0402739 0.00886636 0.0109163 0.0347773 0.013472 0.0348596 0.00795013 0.0131705 0.037565 0.0138766 0.0290024 0.00869232 0.0158826 0.0347773 0.0100153 0.034193 0.00950314 0.0139735 0.0321896 0.0116173 0.0402739 0.00886636 0.0109163 0.0347773 0.013472 0.0348596 0.00795013 0.0131705 0.037565 0.0138766
0.0286381 0.157368 0.0168222 0.260978 0.0240339 0.184231 0.0153967 0.0272678 0.2767 0.0286381 0.157368 0.0168222 0.0327865 0.260978 0.0207556 0.181244 0.0183773 0.0289052 0.245846 0.0240339 0.207849 0.0171562 0.0226563 0.260978 0.0278152 0.184231 0.0153967 0.0272678 0.2767 0.0286381 0.157368 0.0168222 0.0327865 0.260978 0.0207556 0.181244 0.0183773 0.0289052 0.245846 0.0240339 0.207849 0.0171562 0.0226563 0.260978 0.0278152 0.184231 0.0153967 0.0272678 0.2767 0.0286381
0.00883323 0.0284301 0.00826982 0.0373574 0.00738888 0.0341757 0.00756343 0.0204438 0.0403433 0.00883323 0.0284301 0.00826982 0.0246164 0.0373574 0.00636622 0.0335217 0.00904158 0.0216806 0.0345846 0.00738888 0.0394881 0.00843547 0.0169662 0.0373574 0.0085744 0.0341757 0.00756343 0.0204438 0.0403433 0.00883323 0.0284301 0.00826982 0.0246164 0.0373574 0.00636622 0.0335217 0.00904158 0.0216806 0.0345846 0.00738888 0.0394881 0.00843547 0.0169662 0.0373574 0.0085744 0.0341757 0.00756343 0.0204438 0.0403433 0.00883323
0.0223904 0.0330179 0.0101249 0.0388918 0.0187713 0.0396529 0.00926154 0.0681629 0.041995 0.0223904 0.0330179 0.0101249 0.0812668 0.0388918 0.0161989 0.0388983 0.0110679 0.0720741 0.0360094 0.0187713 0.0457764 0.0103273 0.0570407 0.0388918 0.0217431 0.0396529 0.00926154 0.0681629 0.041995 0.0223904 0.0330179 0.0101249 0.0812668 0.0388918 0.0161989 0.0388983 0.0110679 0.0720741 0.0360094 0.0187713 0.0457764 0.0103273 0.0570407 0.0388918 0.0217431 0.0396529 0.00926154 0.0681629 0.041995 0.0223904
0.00787989 0.0312775 0.00801645 0.0301379 0.0065904 0.0375764 0.00733154 0.00925857 0.0325663 0.00787989 0.0312775 0.00801645 0.0111743 0.0301379 0.00567762 0.0368597 0.00876477 0.00982546 0.0278854 0.0065904 0.0433936 0.00817706 0.00766874 0.0301379 0.00764879 0.0375764 0.00733154 0.00925857 0.0325663 0.00787989 0.0312775 0.00801645 0.0111743 0.0301379 0.00567762 0.0368597 0.00876477 0.00982546 0.0278854 0.0065904 0.0433936 0.00817706 0.00766874 0.0301379 0.00764879 0.0375764 0.00733154 0.00925857 0.0325663 0.00787989
0.0137589 0.0274222 0.00845914 0.0248324 0.0115185 0.0329711 0.00773671 0.0212381 0.0268451 0.0137589 0.0274222 0.00845914 0.0255685 0.0248324 0.00992999 0.0323394 0.00924841 0.0225218 0.022967 0.0115185 0.0381037 0.00862855 0.0176278 0.0248324 0.0133577 0.0329711 0.00773671 0.0212381 0.0268451 0.0137589 0.0274222 0.00845914 0.0255685 0.0248324 0.00992999 0.0323394 0.00924841 0.0225218 0.022967 0.0115185 0.0381037 0.00862855 0.0176278 0.0248324 0.0133577 0.0329711 0.00773671 0.0212381 0.0268451 0.0137589
0.0290285 0.104061 0.0148623 0.188079 0.0243631 0.123154 0.0136005 0.0394984 0.200601 0.0290285 0.104061 0.0148623 0.0473719 0.188079 0.0210409 0.121011 0.0162392 0.0418387 0.176166 0.0243631 0.140289 0.015158 0.0328884 0.188079 0.0281948 0.123154 0.0136005 0.0394984 0.200601 0.0290285 0.104061 0.0148623 0.0473719 0.188079 0.0210409 0.121011 0.0162392 0.0418387 0.176166 0.0243631 0.140289 0.015158 0.0328884 0.188079 0.0281948 0.123154 0.0136005 0.0394984 0.200601 0.0290285
0.0146539 0.0542611 0.0110126 0.0910974 0.0122696 0.0648786 0.0100743 0.025415 0.0979416 0.0146539 0.0542611 0.0110126 0.0305705 0.0910974 0.0105786 0.0636757 0.0120372 0.0269442 0.0846867 0.0122696 0.0745949 0.0112326 0.02111 0.0910974 0.014227 0.0648786 0.0100743 0.025415 0.0979416 0.0146539 0.0542611 0.0110126 0.0305705 0.0910974 0.0105786 0.0636757 0.0120372 0.0269442 0.0846867 0.0122696 0.0745949 0.0112326 0.02111 0.0910974 0.014227 0.0648786 0.0100743 0.025415 0.0979416 0.0146539
0.00654609 0.0161516 0.00640507 0.00987875 0.00547366 0.0194656 0.00585702 0.0165039 0.0106927 0.00654609 0.0161516 0.00640507 0.0198887 0.00987875 0.00471482 0.0190875 0.00700404 0.0175066 0.00912616 0.00547366 0.0225447 0.00653362 0.0136872 0.00987875 0.00635386 0.0194656 0.00585702 0.0165039 0.0106927 0.00654609 0.0161516 0.00640507 0.0198887 0.00987875 0.00471482 0.0190875 0.00700404 0.0175066 0.00912616 0.00547366 0.0225447 0.00653362 0.0136872 0.00987875 0.00635386 0.0194656 0.00585702 0.0165039 0.0106927 0.00654609
0.0385359 0.274653 0.0219953 0.388149 0.0323935 0.314074 0.0201403 0.0868483 0.40731 0.0385359 0.274653 0.0219953 0.103147 0.388149 0.0280077 0.309781 0.0240169 0.0917261 0.369329 0.0323935 0.347252 0.0224297 0.0729158 0.388149 0.0374396 0.314074 0.0201403 0.0868483 0.40731 0.0385359 0.274653 0.0219953 0.103147 0.388149 0.0280077 0.309781 0.0240169 0.0917261 0.369329 0.0323935 0.347252 0.0224297 0.0729158 0.388149 0.0374396 0.314074 0.0201403 0.0868483 0.40731 0.0385359
0.0274305 0.0384204 0.0106636 0.0498043 0.0230159 0.0460894 0.00975478 0.0348243 0.0537295 0.0274305 0.0384204 0.0106636 0.0418067 0.0498043 0.0198737 0.045218 0.0116562 0.0368983 0.0461519 0.0230159 0.0531518 0.0108767 0.0289729 0.0498043 0.0266414 0.0460894 0.00975478 0.0348243 0.0537295 0.0274305 0.0384204 0.0106636 0.0418067 0.0498043 0.0198737 0.045218 0.0116562 0.0368983 0.0461519 0.0230159 0.0531518 0.0108767 0.0289729 0.0498043 0.0266414 0.0460894 0.00975478 0.0348243 0.0537295 0.0274305
0.0243028 0.329685 0.0225939 0.615889 0.020381 0.372944 0.0206895 0.0473408 0.634631 0.0243028 0.329685 0.0225939 0.0566853 0.615889 0.017592 0.368279 0.0246691 0.0501215 0.596797 0.020381 0.408636 0.0230398 0.0394723 0.615889 0.0236015 0.372944 0.0206895 0.0473408 0.634631 0.0243028 0.329685 0.0225939 0.0566853 0.615889 0.017592 0.368279 0.0246691 0.0501215 0.596797 0.020381 0.408636 0.0230398 0.0394723 0.615889 0.0236015 0.372944 0.0206895 0.0473408 0.634631 0.0243028
0.0463442 0.227579 0.0206421 0.35188 0.0390077 0.26269 0.0188991 0.0644381 0.370334 0.0463442 0.227579 0.0206421 0.076885 0.35188 0.0337577 0.258835 0.0225423 0.0681511 0.333859 0.0390077 0.292756 0.0210504 0.0538885 0.35188 0.0450362 0.26269 0.0188991 0.0644381 0.370334 0.0463442 0.227579 0.0206421 0.076885 0.35188 0.0337577 0.258835 0.0225423 0.0681511 0.333859 0.0390077 0.292756 0.0210504 0.0538885 0.35188 0.0450362 0.26269 0.0188991 0.0644381 0.370334 0.0463442
0.0103593 0.0987429 0.0125121 0.131215 0.00866761 0.116988 0.0114476 0.0318869 0.140607 0.0103593 0.0987429 0.0125121 0.0383036 0.131215 0.0074693 0.114937 0.0136743 0.033792 0.122361 0.00866761 0.133395 0.0127617 0.0265154 0.131215 0.0100562 0.116988 0.0114476 0.0318869 0.140607 0.0103593 0.0987429 0.0125121 0.0383036 0.131215 0.0074693 0.114937 0.0136743 0.033792 0.122361 0.00866761 0.133395 0.0127617 0.0265154 0.131215 0.0100562 0.116988 0.0114476 0.0318869 0.140607 0.0103593
0.0239472 0.0994549 0.0140231 0.126526 0.0200816 0.117814 0.0128316 0.0330176 0.135634 0.0239472 0.0994549 0.0140231 0.0396525 0.126526 0.0173329 0.115751 0.0153235 0.0349878 0.117945 0.0200816 0.134319 0.0143023 0.0274611 0.126526 0.0232559 0.117814 0.0128316 0.0330176 0.135634 0.0239472 0.0994549 0.0140231 0.0396525 0.126526 0.0173329 0.115751 0.0153235 0.0349878 0.117945 0.0200816 0.134319 0.0143023 0.0274611 0.126526 0.0232559 0.117814 0.0128316 0.0330176 0.135634 0.0239472
0.0295363 0.0679369 0.0130253 0.118292 0.0247914 0.0810012 0.0119176 0.0307953 0.126894 0.0295363 0.0679369 0.0130253 0.0370008 0.118292 0.0214121 0.0795248 0.0142345 0.0326375 0.1102 0.0247914 0.0928923 0.013285 0.0256029 0.118292 0.0286884 0.0810012 0.0119176 0.0307953 0.126894 0.0295363 0.0679369 0.0130253 0.0370008 0.118292 0.0214121 0.0795248 0.0142345 0.0326375 0.1102 0.0247914 0.0928923 0.013285 0.0256029 0.118292 0.0286884 0.0810012 0.0119176 0.0307953 0.126894 0.0295363
0.0165269 0.0827634 0.0129348 0.127995 0.0138421 0.0983779 0.0118347 0.0410835 0.137192 0.0165269 0.0827634 0.0129348 0.0492568 0.127995 0.011937 0.0966181 0.0141357 0.0435134 0.119328 0.0138421 0.112508 0.0131927 0.0342176 0.127995 0.0160463 0.0983779 0.0118347 0.0410835 0.137192 0.0165269 0.0827634 0.0129348 0.0492568 0.127995 0.011937 0.0966181 0.0141357 0.0435134 0.119328 0.0138421 0.112508 0.0131927 0.0342176 0.127995 0.0160463 0.0983779 0.0118347 0.0410835 0.137192 0.0165269
0.0118119 0.0286736 0.00830714 0.0247672 0.00988536 0.0344667 0.00759758 0.0200652 0.0267748 0.0118119 0.0286736 0.00830714 0.0241624 0.0247672 0.00852014 0.0338073 0.00908235 0.0212796 0.0229067 0.00988536 0.0398225 0.00847353 0.0166509 0.0247672 0.0114668 0.0344667 0.00759758 0.0200652 0.0267748 0.0118119 0.0286736 0.00830714 0.0241624 0.0247672 0.00852014 0.0338073 0.00908235 0.0212796 0.0229067 0.00988536 0.0398225 0.00847353 0.0166509 0.0247672 0.0114668 0.0344667 0.00759758 0.0200652 0.0267748 0.0118119
0.0344729 0.292118 0.0218033 0.502776 0.0289586 0.332895 0.0199642 0.0327023 0.52276 0.0344729 0.292118 0.0218033 0.0392764 0.502776 0.0250259 0.328468 0.0238077 0.0346544 0.482783 0.0289586 0.366997 0.022234 0.0271973 0.502776 0.0334882 0.332895 0.0199642 0.0327023 0.52276 0.0344729 0.292118 0.0218033 0.0392764 0.502776 0.0250259 0.328468 0.0238077 0.0346544 0.482783 0.0289586 0.366997 0.022234 0.0271973 0.502776 0.0334882 0.332895 0.0199642 0.0327023 0.52276 0.0344729
0.0225629 0.0700749 0.0124814 0.093541 0.0189164 0.0835134 0.0114194 0.0465252 0.100548 0.0225629 0.0700749 0.0124814 0.0557181 0.093541 0.0163245 0.0819953 0.0136408 0.0492604 0.0869747 0.0189164 0.0957349 0.0127304 0.0387867 0.093541 0.0219106 0.0835134 0.0114194 0.0465252 0.100548 0.0225629 0.0700749 0.0124814 0.0557181 0.093541 0.0163245 0.0819953 0.0136408 0.0492604 0.0869747 0.0189164 0.0957349 0.0127304 0.0387867 0.093541 0.0219106 0.0835134 0.0114194 0.0465252 0.100548 0.0225629
0.0216806 0.141104 0.0152555 0.17854 0.0181741 0.165736 0.0139608 0.0250012 0.190576 0.0216806 0.141104 0.0152555 0.0300753 0.17854 0.0156823 0.162989 0.0166683 0.0265062 0.167107 0.0181741 0.187528 0.0155589 0.0207648 0.17854 0.0210533 0.165736 0.0139608 0.0250012 0.190576 0.0216806 0.141104 0.0152555 0.0300753 0.17854 0.0156823 0.162989 0.0166683 0.0265062 0.167107 0.0181741 0.187528 0.0155589 0.0207648 0.17854 0.0210533 0.165736 0.0139608 0.0250012 0.190576 0.0216806
0.00977757 0.0124574 0.00626926 0.00801891 0.00818009 0.0150249 0.00573277 0.0172013 0.00868098 0.00977757 0.0124574 0.00626926 0.020726 0.00801891 0.0070487 0.0147318 0.00685562 0.0182455 0.00740695 0.00818009 0.0174141 0.0063951 0.0142672 0.00801891 0.00949134 0.0150249 0.00573277 0.0172013 0.00868098 0.00977757 0.0124574 0.00626926 0.020726 0.00801891 0.0070487 0.0147318 0.00685562 0.0182455 0.00740695 0.00818009 0.0174141 0.0063951 0.0142672 0.00801891 0.00949134 0.0150249 0.00573277 0.0172013 0.00868098 0.00977757
0.0297954 0.102544 0.0144264 0.129234 0.02501 0.121397 0.0132011 0.0306753 0.138507 0.0297954 0.102544 0.0144264 0.0368575 0.129234 0.0216015 0.11928 0.0157635 0.0325105 0.120495 0.02501 0.138325 0.0147135 0.0255026 0.129234 0.0289403 0.121397 0.0132011 0.0306753 0.138507 0.0297954 0.102544 0.0144264 0.0368575 0.129234 0.0216015 0.11928 0.0157635 0.0325105 0.120495 0.02501 0.138325 0.0147135 0.0255026 0.129234 0.0289403 0.121397 0.0132011 0.0306753 0.138507 0.0297954
0.0104716 0.0194278 0.0074432 0.017663 0.00876174 0.023398 0.00680693 0.0263455 0.019106 0.0104716 0.0194278 0.0074432 0.0316836 0.017663 0.00755051 0.0229453 0.00813845 0.0279291 0.0163272 0.00876174 0.027082 0.00759242 0.0218864 0.017663 0.0101653 0.023398 0.00680693 0.0263455 0.019106 0.0104716 0.0194278 0.0074432 0.0316836 0.017663 0.00755051 0.0229453 0.00813845 0.0279291 0.0163272 0.00876174 0.027082 0.00759242 0.0218864 0.017663 0.0101653 0.023398 0.00680693 0.0263455 0.019106 0.0104716
0.00896667 0.0331097 0.00872357 0.0470752 0.00750067 0.0397625 0.00797873 0.0160857 0.0507968 0.00896667 0.0331097 0.00872357 0.0193864 0.0470752 0.00646264 0.0390058 0.00953727 0.0170634 0.0436137 0.00750067 0.045902 0.00889823 0.0133394 0.0470752 0.00870397 0.0397625 0.00797873 0.0160857 0.0507968 0.00896667 0.0331097 0.00872357 0.0193864 0.0470752 0.00646264 0.0390058 0.00953727 0.0170634 0.0436137 0.00750067 0.045902 0.00889823 0.0133394 0.0470752 0.00870397 0.0397625 0.00797873 0.0160857 0.0507968 0.00896667
0.0174802 0.0604158 0.0113805 0.078253 0.0146429 0.0721458 0.0104112 0.0234533 0.0842216 0.0174802 0.0604158 0.0113805 0.0282224 0.078253 0.012629 0.0708183 0.0124389 0.0248676 0.0726739 0.0146429 0.082854 0.0116077 0.019474 0.078253 0.0169724 0.0721458 0.0104112 0.0234533 0.0842216 0.0174802 0.0604158 0.0113805 0.0282224 0.078253 0.012629 0.0708183 0.0124389 0.0248676 0.0726739 0.0146429 0.082854 0.0116077 0.019474 0.078253 0.0169724 0.0721458 0.0104112 0.0234533 0.0842216 0.0174802
0.0208499 0.0587422 0.011971 0.0888411 0.0174753 0.0701714 0.010952 0.0500109 0.0955336 0.0208499 0.0587422 0.011971 0.0598494 0.0888411 0.0150779 0.0688776 0.0130836 0.0529397 0.0825747 0.0174753 0.0806121 0.0122099 0.041718 0.0888411 0.0202462 0.0701714 0.010952 0.0500109 0.0955336 0.0208499 0.0587422 0.011971 0.0598494 0.0888411 0.0150779 0.0688776 0.0130836 0.0529397 0.0825747 0.0174753 0.0806121 0.0122099 0.041718 0.0888411 0.0202462 0.0701714 0.010952 0.0500109 0.0955336 0.0208499
0.010564 0.0199201 0.00730392 0.0144879 0.00883914 0.0239884 0.00667948 0.0230367 0.0156756 0.010564 0.0199201 0.00730392 0.0277235 0.0144879 0.0076173 0.0235246 0.00798626 0.0244264 0.0133889 0.00883914 0.0277628 0.00745037 0.0191267 0.0144879 0.010255 0.0239884 0.00667948 0.0230367 0.0156756 0.010564 0.0199201 0.00730392 0.0277235 0.0144879 0.0076173 0.0235246 0.00798626 0.0244264 0.0133889 0.00883914 0.0277628 0.00745037 0.0191267 0.0144879 0.010255 0.0239884 0.00667948 0.0230367 0.0156756 0.010564
0.0362301 0.0780186 0.013694 0.0925797 0.0304436 0.0928285 0.0125302 0.0472439 0.099523 0.0362301 0.0780186 0.013694 0.0565704 0.0925797 0.0263146 0.091158 0.0149643 0.0500192 0.0860745 0.0304436 0.106255 0.0139668 0.0393908 0.0925797 0.035197 0.0928285 0.0125302 0.0472439 0.099523 0.0362301 0.0780186 0.013694 0.0565704 0.0925797 0.0263146 0.091158 0.0149643 0.0500192 0.0860745 0.0304436 0.106255 0.0139668 0.0393908 0.0925797 0.035197 0.0928285 0.0125302 0.0472439 0.099523 0.0362301
0.0690163 0.156667 0.0198311 0.280221 0.0583102 0.183436 0.0181553 0.0734818 0.296636 0.0690163 0.156667 0.0198311 0.0875122 0.280221 0.050599 0.180459 0.0216583 0.0776727 0.264372 0.0583102 0.206978 0.0202236 0.0615491 0.280221 0.0671134 0.183436 0.0181553 0.0734818 0.296636 0.0690163 0.156667 0.0198311 0.0875122 0.280221 0.050599 0.180459 0.0216583 0.0776727 0.264372 0.0583102 0.206978 0.0202236 0.0615491 0.280221 0.0671134 0.183436 0.0181553 0.0734818 0.296636 0.0690163
0.0117012 0.0149196 0.00709145 0.013872 0.00979255 0.0179854 0.00648505 0.0346962 0.01501 0.0117012 0.0149196 0.00709145 0.041654 0.013872 0.00844004 0.0176355 0.0077541 0.0367628 0.0128192 0.00979255 0.0208354 0.00723367 0.0288657 0.013872 0.0113593 0.0179854 0.00648505 0.0346962 0.01501 0.0117012 0.0149196 0.00709145 0.041654 0.013872 0.00844004 0.0176355 0.0077541 0.0367628 0.0128192 0.00979255 0.0208354 0.00723367 0.0288657 0.013872 0.0113593 0.0179854 0.00648505 0.0346962 0.01501 0.0117012
0.0168691 0.0327974 0.00963148 0.0420029 0.0141295 0.0393899 0.00880982 0.0343324 0.0453426 0.0168691 0.0327974 0.00963148 0.0412204 0.0420029 0.0121853 0.0386401 0.010529 0.0363782 0.0388992 0.0141295 0.0454747 0.00982414 0.0285612 0.0420029 0.0163787 0.0393899 0.00880982 0.0343324 0.0453426 0.0168691 0.0327974 0.00963148 0.0412204 0.0420029 0.0121853 0.0386401 0.010529 0.0363782 0.0388992 0.0141295 0.0454747 0.00982414 0.0285612 0.0420029 0.0163787 0.0393899 0.00880982 0.0343324 0.0453426 0.0168691
0.0105346 0.0258131 0.00805975 0.0278958 0.00881452 0.0310468 0.00737117 0.0174646 0.0301491 0.0105346 0.0258131 0.00805975 0.0210421 0.0278958 0.00759606 0.0304507 0.00881208 0.0185245 0.0258064 0.00881452 0.0358909 0.00822123 0.0144863 0.0278958 0.0102264 0.0310468 0.00737117 0.0174646 0.0301491 0.0105346 0.0258131 0.00805975 0.0210421 0.0278958 0.00759606 0.0304507 0.00881208 0.0185245 0.0258064 0.00881452 0.0358909 0.00822123 0.0144863 0.0278958 0.0102264 0.0310468 0.00737117 0.0174646 0.0301491 0.0105346
0.0256052 0.0755238 0.0128028 0.0749218 0.0214779 0.0899063 0.0117137 0.044622 0.0806585 0.0256052 0.0755238 0.0128028 0.05346 0.0749218 0.0185416 0.0882832 0.0139916 0.0472509 0.0695622 0.0214779 0.102958 0.013058 0.0371877 0.0749218 0.0248673 0.0899063 0.0117137 0.044622 0.0806585 0.0256052 0.0755238 0.0128028 0.05346 0.0749218 0.0185416 0.0882832 0.0139916 0.0472509 0.0695622 0.0214779 0.102958 0.013058 0.0371877 0.0749218 0.0248673 0.0899063 0.0117137 0.044622 0.0806585 0.0256052
0.0210412 0.146386 0.0160774 0.186002 0.0176362 0.171756 0.014714 0.08096 0.19842 0.0210412 0.146386 0.0160774 0.09627 0.186002 0.015217 0.16893 0.0175648 0.0855381 0.174192 0.0176362 0.194155 0.0163968 0.0679019 0.186002 0.0204321 0.171756 0.014714 0.08096 0.19842 0.0210412 0.146386 0.0160774 0.09627 0.186002 0.015217 0.16893 0.0175648 0.0855381 0.174192 0.0176362 0.194155 0.0163968 0.0679019 0.186002 0.0204321 0.171756 0.014714 0.08096 0.19842 0.0210412
0.0210534 0.0475198 0.0106271 0.0527686 0.0176464 0.0568975 0.00972137 0.0239063 0.0569135 0.0210534 0.0475198 0.0106271 0.0287648 0.0527686 0.0152259 0.0558338 0.0116163 0.0253471 0.04891 0.0176464 0.0655024 0.0108395 0.0198516 0.0527686 0.0204439 0.0568975 0.00972137 0.0239063 0.0569135 0.0210534 0.0475198 0.0106271 0.0287648 0.0527686 0.0152259 0.0558338 0.0116163 0.0253471 0.04891 0.0176464 0.0655024 0.0108395 0.0198516 0.0527686 0.0204439 0.0568975 0.00972137 0.0239063 0.0569135 0.0210534
0.0735065 0.232335 0.0230413 0.362322 0.0621504 0.267926 0.0211 0.126963 0.381001 0.0735065 0.232335 0.0230413 0.149556 0.362322 0.0539605 0.264021 0.0251566 0.133763 0.344049 0.0621504 0.298349 0.0234959 0.107351 0.362322 0.0714894 0.267926 0.0211 0.126963 0.381001 0.0735065 0.232335 0.0230413 0.149556 0.362322 0.0539605 0.264021 0.0251566 0.133763 0.344049 0.0621504 0.298349 0.0234959 0.107351 0.362322 0.0714894 0.267926 0.0211 0.126963 0.381001 0.0735065
0.0196987 0.0228742 0.00823925 0.0174222 0.0165073 0.0275288 0.00753545 0.016687 0.0188458 0.0196987 0.0228742 0.00823925 0.0201086 0.0174222 0.0142407 0.0269984 0.00900819 0.0177006 0.0161042 0.0165073 0.031842 0.0084043 0.0138394 0.0174222 0.0191277 0.0275288 0.00753545 0.016687 0.0188458 0.0196987 0.0228742 0.00823925 0.0201086 0.0174222 0.0142407 0.0269984 0.00900819 0.0177006 0.0161042 0.0165073 0.031842 0.0084043 0.0138394 0.0174222 0.0191277 0.0275288 0.00753545 0.016687 0.0188458 0.0196987
0.0110586 0.0683476 0.0110364 0.0931352 0.00925378 0.0814839 0.0100961 0.0225129 0.100116 0.0110586 0.0683476 0.0110364 0.027096 0.0931352 0.00797508 0.0799995 0.0120633 0.0238718 0.0865947 0.00925378 0.0934386 0.0112569 0.01869 0.0931352 0.0107353 0.0814839 0.0100961 0.0225129 0.100116 0.0110586 0.0683476 0.0110364 0.027096 0.0931352 0.00797508 0.0799995 0.0120633 0.0238718 0.0865947 0.00925378 0.0934386 0.0112569 0.01869 0.0931352 0.0107353 0.0814839 0.0100961 0.0225129 0.100116 0.0110586
0.0126872 0.015825 0.00707838 0.0146633 0.0106194 0.0190733 0.0064731 0.0161509 0.0158652 0.0126872 0.015825 0.00707838 0.0194647 0.0146633 0.00915375 0.0187026 0.00773982 0.0171325 0.0135512 0.0106194 0.0220918 0.00722034 0.0133936 0.0146633 0.0123168 0.0190733 0.0064731 0.0161509 0.0158652 0.0126872 0.015825 0.00707838 0.0194647 0.0146633 0.00915375 0.0187026 0.00773982 0.0171325 0.0135512 0.0106194 0.0220918 0.00722034 0.0133936 0.0146633 0.0123168 0.0190733 0.0064731 0.0161509 0.0158652 0.0126872
0.0383196 0.24621 0.0212169 0.451733 0.0322106 0.283142 0.0194263 0.0625457 0.471613 0.0383196 0.24621 0.0212169 0.0746563 0.451733 0.0278488 0.2791 0.0231687 0.0661574 0.432006 0.0322106 0.31455 0.0216363 0.0522886 0.451733 0.0372293 0.283142 0.0194263 0.0625457 0.471613 0.0383196 0.24621 0.0212169 0.0746563 0.451733 0.0278488 0.2791 0.0231687 0.0661574 0.432006 0.0322106 0.31455 0.0216363 0.0522886 0.451733 0.0372293 0.283142 0.0194263 0.0625457 0.471613 0.0383196
0.00712055 0.0206423 0.00697928 0.0228219 0.00595457 0.0248543 0.00638242 0.00645046 0.0246758 0.00712055 0.0206423 0.00697928 0.0077897 0.0228219 0.0051294 0.0243742 0.00763153 0.0068466 0.0211043 0.00595457 0.0287609 0.00711927 0.00534023 0.0228219 0.00691157 0.0248543 0.00638242 0.00645046 0.0246758 0.00712055 0.0206423 0.00697928 0.0077897 0.0228219 0.0051294 0.0243742 0.00763153 0.0068466 0.0211043 0.00595457 0.0287609 0.00711927 0.00534023 0.0228219 0.00691157 0.0248543 0.00638242 0.00645046 0.0246758 0.00712055
0.0130488 0.0476168 0.0100436 0.046336 0.0109227 0.0570126 0.00918711 0.0266809 0.0500022 0.0130488 0.0476168 0.0100436 0.0320847 0.046336 0.00941562 0.0559468 0.0109791 0.0282841 0.0429264 0.0109227 0.0656336 0.0102444 0.0221664 0.046336 0.012668 0.0570126 0.00918711 0.0266809 0.0500022 0.0130488 0.0476168 0.0100436 0.0320847 0.046336 0.00941562 0.0559468 0.0109791 0.0282841 0.0429264 0.0109227 0.0656336 0.0102444 0.0221664 0.046336 0.012668 0.0570126 0.00918711 0.0266809 0.0500022 0.0130488
0.0141606 0.0912936 0.0126897 0.154225 0.0118555 0.108327 0.0116102 0.0221418 0.164951 0.0141606 0.0912936 0.0126897 0.0266515 0.154225 0.010221 0.106411 0.0138682 0.0234789 0.144076 0.0118555 0.12369 0.0129427 0.0183808 0.154225 0.0137478 0.108327 0.0116102 0.0221418 0.164951 0.0141606 0.0912936 0.0126897 0.0266515 0.154225 0.010221 0.106411 0.0138682 0.0234789 0.144076 0.0118555 0.12369 0.0129427 0.0183808 0.154225 0.0137478 0.108327 0.0116102 0.0221418 0.164951 0.0141606
0.0227525 0.0514365 0.0110523 0.0546315 0.019076 0.0615373 0.0101107 0.0322303 0.0589136 0.0227525 0.0514365 0.0110523 0.0387134 0.0546315 0.0164626 0.0603923 0.0120806 0.0341552 0.050644 0.019076 0.0707911 0.0112731 0.0268026 0.0546315 0.0220949 0.0615373 0.0101107 0.0322303 0.0589136 0.0227525 0.0514365 0.0110523 0.0387134 0.0546315 0.0164626 0.0603923 0.0120806 0.0341552 0.050644 0.019076 0.0707911 0.0112731 0.0268026 0.0546315 0.0220949 0.0615373 0.0101107 0.0322303 0.0589136 0.0227525
0.0125646 0.0182769 0.00740847 0.0125061 0.0105166 0.0220171 0.00677515 0.0260755 0.0135336 0.0125646 0.0182769 0.00740847 0.0313607 0.0125061 0.00906499 0.0215906 0.0081005 0.0276434 0.0115557 0.0105166 0.0254894 0.007557 0.0216611 0.0125061 0.0121978 0.0220171 0.00677515 0.0260755 0.0135336 0.0125646 0.0182769 0.00740847 0.0313607 0.0125061 0.00906499 0.0215906 0.0081005 0.0276434 0.0115557 0.0105166 0.0254894 0.007557 0.0216611 0.0125061 0.0121978 0.0220171 0.00677515 0.0260755 0.0135336 0.0125646
0.0141754 0.0499787 0.0105813 0.0550028 0.011868 0.0598113 0.00967936 0.0458799 0.0593121 0.0141754 0.0499787 0.0105813 0.0549526 0.0550028 0.0102318 0.0586964 0.0115662 0.0485791 0.0509896 0.011868 0.0688246 0.0107927 0.0382444 0.0550028 0.0137623 0.0598113 0.00967936 0.0458799 0.0593121 0.0141754 0.0499787 0.0105813 0.0549526 0.0550028 0.0102318 0.0586964 0.0115662 0.0485791 0.0509896 0.011868 0.0688246 0.0107927 0.0382444 0.0550028 0.0137623 0.0598113 0.00967936 0.0458799 0.0593121 0.0141754
0.0100497 0.0187307 0.00739584 0.0190041 0.00840817 0.0225616 0.0067636 0.0197549 0.0205544 0.0100497 0.0187307 0.00739584 0.0237902 0.0190041 0.00724547 0.0221248 0.00808671 0.0209509 0.0175687 0.00840817 0.0261175 0.00754412 0.0163925 0.0190041 0.00975563 0.0225616 0.0067636 0.0197549 0.0205544 0.0100497 0.0187307 0.00739584 0.0237902 0.0190041 0.00724547 0.0221248 0.00808671 0.0209509 0.0175687 0.00840817 0.0261175 0.00754412 0.0163925 0.0190041 0.00975563 0.0225616 0.0067636 0.0197549 0.0205544 0.0100497
0.0159856 0.106024 0.013548 0.178687 0.0133875 0.125427 0.0123964 0.0183943 0.190731 0.0159856 0.106024 0.013548 0.0221581 0.178687 0.0115443 0.123249 0.014805 0.0195096 0.167247 0.0133875 0.142826 0.0138179 0.0152599 0.178687 0.0155205 0.125427 0.0123964 0.0183943 0.190731 0.0159856 0.106024 0.013548 0.0221581 0.178687 0.0115443 0.123249 0.014805 0.0195096 0.167247 0.0133875 0.142826 0.0138179 0.0152599 0.178687 0.0155205 0.125427 0.0123964 0.0183943 0.190731 0.0159856
0.0136044 0.0537282 0.010252 0.0582708 0.0113888 0.0642485 0.00937793 0.0137269 0.0628191 0.0136044 0.0537282 0.010252 0.0165517 0.0582708 0.00981803 0.0630565 0.0112067 0.0145634 0.0540328 0.0113888 0.073878 0.010457 0.0113786 0.0582708 0.0132076 0.0642485 0.00937793 0.0137269 0.0628191 0.0136044 0.0537282 0.010252 0.0165517 0.0582708 0.00981803 0.0630565 0.0112067 0.0145634 0.0540328 0.0113888 0.073878 0.010457 0.0113786 0.0582708 0.0132076 0.0642485 0.00937793 0.0137269 0.0628191 0.0136044
0.00776549 0.0235734 0.00734594 0.0212627 0.00649459 0.0283662 0.00671793 0.0121293 0.0229929 0.00776549 0.0235734 0.00734594 0.0146303 0.0212627 0.005595 0.0278201 0.00803218 0.0128697 0.0196601 0.00649459 0.0328062 0.00749323 0.0100516 0.0212627 0.00753771 0.0283662 0.00671793 0.0121293 0.0229929 0.00776549 0.0235734 0.00734594 0.0146303 0.0212627 0.005595 0.0278201 0.00803218 0.0128697 0.0196601 0.00649459 0.0328062 0.00749323 0.0100516 0.0212627 0.00753771 0.0283662 0.00671793 0.0121293 0.0229929 0.00776549
0.0309098 0.0748194 0.0132817 0.115284 0.0259502 0.0890807 0.0121524 0.0338335 0.123697 0.0309098 0.0748194 0.0132817 0.0406255 0.115284 0.0224166 0.087471 0.0145143 0.0358506 0.107372 0.0259502 0.102026 0.0135463 0.0281437 0.115284 0.0300238 0.0890807 0.0121524 0.0338335 0.123697 0.0309098 0.0748194 0.0132817 0.0406255 0.115284 0.0224166 0.087471 0.0145143 0.0358506 0.107372 0.0259502 0.102026 0.0135463 0.0281437 0.115284 0.0300238 0.0890807 0.0121524 0.0338335 0.123697 0.0309098
0.012396 0.1237 0.0137274 0.1386 0.0103752 0.14581 0.0125607 0.0426931 0.148431 0.012396 0.1237 0.0137274 0.0511695 0.1386 0.00894295 0.143337 0.0150007 0.0452137 0.129322 0.0103752 0.165502 0.0140008 0.0355682 0.1386 0.0120341 0.14581 0.0125607 0.0426931 0.148431 0.012396 0.1237 0.0137274 0.0511695 0.1386 0.00894295 0.143337 0.0150007 0.0452137 0.129322 0.0103752 0.165502 0.0140008 0.0355682 0.1386 0.0120341 0.14581 0.0125607 0.0426931 0.148431 0.012396
0.0337871 0.112489 0.0154821 0.163977 0.0283793 0.132899 0.0141684 0.0590753 0.17524 0.0337871 0.112489 0.0154821 0.0705645 0.163977 0.0245233 0.130611 0.0169154 0.0625 0.153302 0.0283793 0.151156 0.0157899 0.0493574 0.163977 0.0328214 0.132899 0.0141684 0.0590753 0.17524 0.0337871 0.112489 0.0154821 0.0705645 0.163977 0.0245233 0.130611 0.0169154 0.0625 0.153302 0.0283793 0.151156 0.0157899 0.0493574 0.163977 0.0328214 0.132899 0.0141684 0.0590753 0.17524 0.0337871
0.0069451 0.00843891 0.00522442 0.00571745 0.00580768 0.0101868 0.00477691 0.00692381 0.00619069 0.0069451 0.00843891 0.00522442 0.0083605 0.00571745 0.00500277 0.00998706 0.00571361 0.00734881 0.00528019 0.00580768 0.0118158 0.0053294 0.00573257 0.00571745 0.00674123 0.0101868 0.00477691 0.00692381 0.00619069 0.0069451 0.00843891 0.00522442 0.0083605 0.00571745 0.00500277 0.00998706 0.00571361 0.00734881 0.00528019 0.00580768 0.0118158 0.0053294 0.00573257 0.00571745 0.00674123 0.0101868 0.00477691 0.00692381 0.00619069 0.0069451
0.0246761 0.210562 0.0181501 0.33975 0.0206954 0.243876 0.0166139 0.0356028 0.357919 0.0246761 0.210562 0.0181501 0.0427343 0.33975 0.0178642 0.240207 0.0198255 0.0377213 0.322041 0.0206954 0.272586 0.01851 0.0296246 0.33975 0.0239643 0.243876 0.0166139 0.0356028 0.357919 0.0246761 0.210562 0.0181501 0.0427343 0.33975 0.0178642 0.240207 0.0198255 0.0377213 0.322041 0.0206954 0.272586 0.01851 0.0296246 0.33975 0.0239643 0.243876 0.0166139 0.0356028 0.357919 0.0246761
0.0145477 0.0255934 0.0081875 0.0243199 0.0121805 0.030784 0.00748809 0.0119235 0.0262921 0.0145477 0.0255934 0.0081875 0.0143826 0.0243199 0.0105016 0.0301928 0.00895165 0.0126515 0.0224921 0.0121805 0.0355886 0.00835152 0.00988062 0.0243199 0.0141238 0.030784 0.00748809 0.0119235 0.0262921 0.0145477 0.0255934 0.0081875 0.0143826 0.0243199 0.0105016 0.0301928 0.00895165 0.0126515 0.0224921 0.0121805 0.0355886 0.00835152 0.00988062 0.0243199 0.0141238 0.030784 0.00748809 0.0119235 0.0262921 0.0145477
0.00851103 0.0186508 0.00697357 0.017865 0.00711899 0.0224658 0.00637719 0.0110252 0.0193242 0.00851103 0.0186508 0.00697357 0.0133015 0.017865 0.00613346 0.0220307 0.00762529 0.011699 0.0165141 0.00711899 0.026007 0.00711344 0.00913482 0.017865 0.00826157 0.0224658 0.00637719 0.0110252 0.0193242 0.00851103 0.0186508 0.00697357 0.0133015 0.017865 0.00613346 0.0220307 0.00762529 0.011699 0.0165141 0.00711899 0.026007 0.00711344 0.00913482 0.017865 0.00826157 0.0224658 0.00637719 0.0110252 0.0193242 0.00851103
0.0148911 0.0709422 0.0118025 0.0867752 0.0124687 0.084532 0.0107976 0.029256 0.093328 0.0148911 0.0709422 0.0118025 0.0351625 0.0867752 0.0107506 0.0829971 0.0128996 0.031009 0.0806417 0.0124687 0.0968868 0.012038 0.0243166 0.0867752 0.0144574 0.084532 0.0107976 0.029256 0.093328 0.0148911 0.0709422 0.0118025 0.0351625 0.0867752 0.0107506 0.0829971 0.0128996 0.031009 0.0806417 0.0124687 0.0968868 0.012038 0.0243166 0.0867752 0.0144574 0.084532 0.0107976 0.029256 0.093328 0.0148911
0.0174328 0.126383 0.0148699 0.220376 0.014603 0.148891 0.0136075 0.0269065 0.234427 0.0174328 0.126383 0.0148699 0.0323545 0.220376 0.0125945 0.146375 0.0162475 0.0285229 0.206939 0.014603 0.168917 0.0151657 0.0223547 0.220376 0.0169263 0.148891 0.0136075 0.0269065 0.234427 0.0174328 0.126383 0.0148699 0.0323545 0.220376 0.0125945 0.146375 0.0162475 0.0285229 0.206939 0.014603 0.168917 0.0151657 0.0223547 0.220376 0.0169263 0.148891 0.0136075 0.0269065 0.234427 0.0174328
0.00736522 0.0382916 0.0084742 0.0323195 0.00615943 0.0459361 0.00775048 0.0174235 0.0349173 0.00736522 0.0382916 0.0084742 0.0209928 0.0323195 0.00530602 0.0450675 0.00926485 0.018481 0.029909 0.00615943 0.0529763 0.00864391 0.0144521 0.0323195 0.00714911 0.0459361 0.00775048 0.0174235 0.0349173 0.00736522 0.0382916 0.0084742 0.0209928 0.0323195 0.00530602 0.0450675 0.00926485 0.018481 0.029909 0.00615943 0.0529763 0.00864391 0.0144521 0.0323195 0.00714911 0.0459361 0.00775048 0.0174235 0.0349173 0.00736522
0.0180316 0.0268992 0.00897655 0.0318771 0.0151061 0.0323458 0.00821029 0.0232414 0.0344406 0.0180316 0.0268992 0.00897655 0.0279686 0.0318771 0.0130294 0.0317256 0.00981361 0.0246431 0.0294985 0.0151061 0.0373848 0.00915623 0.0192973 0.0318771 0.017508 0.0323458 0.00821029 0.0232414 0.0344406 0.0180316 0.0268992 0.00897655 0.0279686 0.0318771 0.0130294 0.0317256 0.00981361 0.0246431 0.0294985 0.0151061 0.0373848 0.00915623 0.0192973 0.0318771 0.017508 0.0323458 0.00821029 0.0232414 0.0344406 0.0180316
0.0193828 0.105172 0.0137985 0.154964 0.0162417 0.124441 0.0126259 0.0263392 0.165732 0.0193828 0.105172 0.0137985 0.0316761 0.154964 0.0140111 0.122278 0.0150784 0.0279224 0.144775 0.0162417 0.141726 0.0140734 0.0218812 0.154964 0.0188207 0.124441 0.0126259 0.0263392 0.165732 0.0193828 0.105172 0.0137985 0.0316761 0.154964 0.0140111 0.122278 0.0150784 0.0279224 0.144775 0.0162417 0.141726 0.0140734 0.0218812 0.154964 0.0188207 0.124441 0.0126259 0.0263392 0.165732 0.0193828
0.0190411 0.0489282 0.0108126 0.0491015 0.0159545 0.0585668 0.00989115 0.0435111 0.0529743 0.0190411 0.0489282 0.0108126 0.0521411 0.0491015 0.0137627 0.0574738 0.0118188 0.0460777 0.0454981 0.0159545 0.067406 0.0110286 0.0362549 0.0491015 0.0184887 0.0585668 0.00989115 0.0435111 0.0529743 0.0190411 0.0489282 0.0108126 0.0521411 0.0491015 0.0137627 0.0574738 0.0118188 0.0460777 0.0454981 0.0159545 0.067406 0.0110286 0.0362549 0.0491015 0.0184887 0.0585668 0.00989115 0.0435111 0.0529743 0.0190411
0.0259193 0.0250338 0.00898056 0.0174528 0.0217424 0.0301143 0.00821396 0.0364057 0.0188789 0.0259193 0.0250338 0.00898056 0.0436907 0.0174528 0.0187707 0.0295356 0.009818 0.03857 0.0161326 0.0217424 0.0348182 0.00916032 0.0302968 0.0174528 0.0251725 0.0301143 0.00821396 0.0364057 0.0188789 0.0259193 0.0250338 0.00898056 0.0436907 0.0174528 0.0187707 0.0295356 0.009818 0.03857 0.0161326 0.0217424 0.0348182 0.00916032 0.0302968 0.0174528 0.0251725 0.0301143 0.00821396 0.0364057 0.0188789 0.0259193
0.00765576 0.0197427 0.00684356 0.0118201 0.0064027 0.0237756 0.00625823 0.0135949 0.0127919 0.00765576 0.0197427 0.00684356 0.016393 0.0118201 0.00551578 0.0233158 0.00748323 0.0144234 0.0109212 0.0064027 0.0275175 0.00698085 0.0112689 0.0118201 0.00743118 0.0237756 0.00625823 0.0135949 0.0127919 0.00765576 0.0197427 0.00684356 0.016393 0.0118201 0.00551578 0.0233158 0.00748323 0.0144234 0.0109212 0.0064027 0.0275175 0.00698085 0.0112689 0.0118201 0.00743118 0.0237756 0.00625823 0.0135949 0.0127919 0.00765576
0.0214183 0.0981878 0.0137615 0.172505 0.0179534 0.116343 0.012592 0.0194673 0.184226 0.0214183 0.0981878 0.0137615 0.0234454 0.172505 0.0154913 0.114303 0.015038 0.0206463 0.161383 0.0179534 0.132674 0.0140356 0.0161531 0.172505 0.0207984 0.116343 0.012592 0.0194673 0.184226 0.0214183 0.0981878 0.0137615 0.0234454 0.172505 0.0154913 0.114303 0.015038 0.0206463 0.161383 0.0179534 0.132674 0.0140356 0.0161531 0.172505 0.0207984 0.116343 0.012592 0.0194673 0.184226 0.0214183
0.0167169 0.0439862 0.0105387 0.0561165 0.0140017 0.0527052 0.00964039 0.0376617 0.0605074 0.0167169 0.0439862 0.0105387 0.0451863 0.0561165 0.0120749 0.0517156 0.0115197 0.0398977 0.0520265 0.0140017 0.0607169 0.0107493 0.031349 0.0561165 0.0162308 0.0527052 0.00964039 0.0376617 0.0605074 0.0167169 0.0439862 0.0105387 0.0451863 0.0561165 0.0120749 0.0517156 0.0115197 0.0398977 0.0520265 0.0140017 0.0607169 0.0107493 0.031349 0.0561165 0.0162308 0.0527052 0.00964039 0.0376617 0.0605074 0.0167169
0.0117699 0.0200372 0.00771826 0.0165047 0.00985012 0.0241288 0.00705864 0.0304611 0.0178548 0.0117699 0.0200372 0.00771826 0.0366018 0.0165047 0.00848973 0.0236624 0.00843898 0.0322839 0.0152551 0.00985012 0.0279247 0.00787295 0.0253236 0.0165047 0.011426 0.0241288 0.00705864 0.0304611 0.0178548 0.0117699 0.0200372 0.00771826 0.0366018 0.0165047 0.00848973 0.0236624 0.00843898 0.0322839 0.0152551 0.00985012 0.0279247 0.00787295 0.0253236 0.0165047 0.011426 0.0241288 0.00705864 0.0304611 0.0178548 0.0117699
0.0167264 0.0785126 0.0121335 0.0924891 0.0140096 0.0934067 0.0111008 0.0259015 0.0994263 0.0167264 0.0785126 0.0121335 0.0311525 0.0924891 0.0120818 0.0917268 0.013261 0.0274592 0.0859897 0.0140096 0.106907 0.0123756 0.0215159 0.0924891 0.0162401 0.0934067 0.0111008 0.0259015 0.0994263 0.0167264 0.0785126 0.0121335 0.0311525 0.0924891 0.0120818 0.0917268 0.013261 0.0274592 0.0859897 0.0140096 0.106907 0.0123756 0.0215159 0.0924891 0.0162401 0.0934067 0.0111008 0.0259015 0.0994263 0.0167264
0.0398181 0.304152 0.0229224 0.452973 0.0334784 0.345789 0.0209909 0.0817951 0.472861 0.0398181 0.304152 0.0229224 0.0972463 0.452973 0.0289502 0.341278 0.0250271 0.086416 0.433235 0.0334784 0.380459 0.0233747 0.0686124 0.452973 0.0386868 0.345789 0.0209909 0.0817951 0.472861 0.0398181 0.304152 0.0229224 0.0972463 0.452973 0.0289502 0.341278 0.0250271 0.086416 0.433235 0.0334784 0.380459 0.0233747 0.0686124 0.452973 0.0386868 0.345789 0.0209909 0.0817951 0.472861 0.0398181
0.0187498 0.0285227 0.00896213 0.0297894 0.0157097 0.0342864 0.00819709 0.0188441 0.0321906 0.0187498 0.0285227 0.00896213 0.0226977 0.0297894 0.0135511 0.0336304 0.00979786 0.019986 0.0275622 0.0157097 0.0396153 0.00914152 0.0156343 0.0297894 0.0182058 0.0342864 0.00819709 0.0188441 0.0321906 0.0187498 0.0285227 0.00896213 0.0226977 0.0297894 0.0135511 0.0336304 0.00979786 0.019986 0.0275622 0.0157097 0.0396153 0.00914152 0.0156343 0.0297894 0.0182058 0.0342864 0.00819709 0.0188441 0.0321906 0.0187498
0.0621365 0.284587 0.0238568 0.428727 0.0524375 0.324796 0.0218483 0.0884388 0.448423 0.0621365 0.284587 0.0238568 0.105001 0.428727 0.0454654 0.320425 0.0260449 0.0933968 0.409255 0.0524375 0.358514 0.024327 0.0742719 0.428727 0.060411 0.324796 0.0218483 0.0884388 0.448423 0.0621365 0.284587 0.0238568 0.105001 0.428727 0.0454654 0.320425 0.0260449 0.0933968 0.409255 0.0524375 0.358514 0.024327 0.0742719 0.428727 0.060411 0.324796 0.0218483 0.0884388 0.448423 0.0621365
0.0102219 0.0129228 0.00651261 0.0113181 0.00855243 0.0155848 0.00595542 0.0130748 0.0122492 0.0102219 0.0129228 0.00651261 0.0157676 0.0113181 0.00736992 0.0152809 0.00712157 0.0138721 0.010457 0.00855243 0.0180614 0.0066433 0.0108368 0.0113181 0.00992277 0.0155848 0.00595542 0.0130748 0.0122492 0.0102219 0.0129228 0.00651261 0.0157676 0.0113181 0.00736992 0.0152809 0.00712157 0.0138721 0.010457 0.00855243 0.0180614 0.0066433 0.0108368 0.0113181 0.00992277 0.0155848 0.00595542 0.0130748 0.0122492 0.0102219
0.0193333 0.0560472 0.0113505 0.0820931 0.0162001 0.0669894 0.0103837 0.0275777 0.0883265 0.0193333 0.0560472 0.0113505 0.033157 0.0820931 0.0139751 0.0657502 0.0124061 0.0292331 0.0762629 0.0162001 0.0769959 0.0115771 0.022915 0.0820931 0.0187726 0.0669894 0.0103837 0.0275777 0.0883265 0.0193333 0.0560472 0.0113505 0.033157 0.0820931 0.0139751 0.0657502 0.0124061 0.0292331 0.0762629 0.0162001 0.0769959 0.0115771 0.022915 0.0820931 0.0187726 0.0669894 0.0103837 0.0275777 0.0883265 0.0193333
0.016931 0.162951 0.0157932 0.256077 0.0141815 0.190551 0.0144536 0.031074 0.271612 0.016931 0.162951 0.0157932 0.0373334 0.256077 0.0122303 0.187485 0.0172549 0.0329322 0.241136 0.0141815 0.214766 0.0161071 0.0258358 0.256077 0.0164389 0.190551 0.0144536 0.031074 0.271612 0.016931 0.162951 0.0157932 0.0373334 0.256077 0.0122303 0.187485 0.0172549 0.0329322 0.241136 0.0141815 0.214766 0.0161071 0.0258358 0.256077 0.0164389 0.190551 0.0144536 0.031074 0.271612 0.016931
0.0303276 0.172949 0.0177525 0.308349 0.0254589 0.201834 0.0162494 0.0399125 0.325667 0.0303276 0.172949 0.0177525 0.0478644 0.308349 0.0219907 0.198631 0.0193919 0.0422762 0.291554 0.0254589 0.22708 0.0181046 0.0332356 0.308349 0.0294577 0.201834 0.0162494 0.0399125 0.325667 0.0303276 0.172949 0.0177525 0.0478644 0.308349 0.0219907 0.198631 0.0193919 0.0422762 0.291554 0.0254589 0.22708 0.0181046 0.0332356 0.308349 0.0294577 0.201834 0.0162494 0.0399125 0.325667 0.0303276
0.0121025 0.0255391 0.00811235 0.0232942 0.010129 0.030719 0.00741931 0.0217597 0.0251855 0.0121025 0.0255391 0.00811235 0.0261936 0.0232942 0.00873044 0.0301291 0.00886955 0.0230742 0.0215419 0.010129 0.0355139 0.00827487 0.0180624 0.0232942 0.011749 0.030719 0.00741931 0.0217597 0.0251855 0.0121025 0.0255391 0.00811235 0.0261936 0.0232942 0.00873044 0.0301291 0.00886955 0.0230742 0.0215419 0.010129 0.0355139 0.00827487 0.0180624 0.0232942 0.011749 0.030719 0.00741931 0.0217597 0.0251855 0.0121025
0.0118443 0.0317329 0.00901362 0.0372857 0.00991251 0.0381198 0.00824423 0.031778 0.0402661 0.0118443 0.0317329 0.00901362 0.0381737 0.0372857 0.00854357 0.0373932 0.00985411 0.0336769 0.034518 0.00991251 0.0440174 0.00919404 0.0264244 0.0372857 0.0114982 0.0381198 0.00824423 0.031778 0.0402661 0.0118443 0.0317329 0.00901362 0.0381737 0.0372857 0.00854357 0.0373932 0.00985411 0.0336769 0.034518 0.00991251 0.0440174 0.00919404 0.0264244 0.0372857 0.0114982 0.0381198 0.00824423 0.031778 0.0402661 0.0118443
0.0217855 0.0774779 0.0127263 0.118355 0.0182623 0.0921954 0.0116437 0.0236511 0.126961 0.0217855 0.0774779 0.0127263 0.0284592 0.118355 0.0157586 0.0905351 0.0139081 0.0250769 0.110259 0.0182623 0.105541 0.0129801 0.0196388 0.118355 0.0211553 0.0921954 0.0116437 0.0236511 0.126961 0.0217855 0.0774779 0.0127263 0.0284592 0.118355 0.0157586 0.0905351 0.0139081 0.0250769 0.110259 0.0182623 0.105541 0.0129801 0.0196388 0.118355 0.0211553 0.0921954 0.0116437 0.0236511 0.126961 0.0217855
0.0191994 0.039895 0.00996902 0.0336825 0.0160876 0.0478436 0.00911883 0.0267654 0.0363857 0.0191994 0.039895 0.00996902 0.0321858 0.0336825 0.0138778 0.0469407 0.0108976 0.0283735 0.0311736 0.0160876 0.0551592 0.0101684 0.0222369 0.0336825 0.0186426 0.0478436 0.00911883 0.0267654 0.0363857 0.0191994 0.039895 0.00996902 0.0321858 0.0336825 0.0138778 0.0469407 0.0108976 0.0283735 0.0311736 0.0160876 0.0551592 0.0101684 0.0222369 0.0336825 0.0186426 0.0478436 0.00911883 0.0267654 0.0363857 0.0191994
0.0104261 0.0239149 0.00795706 0.0193601 0.00872358 0.0287751 0.00727719 0.0325857 0.0209388 0.0104261 0.0239149 0.00795706 0.0391374 0.0193601 0.00751759 0.0282214 0.00869989 0.0345311 0.0178982 0.00872358 0.0332769 0.0081165 0.0270999 0.0193601 0.0101211 0.0287751 0.00727719 0.0325857 0.0209388 0.0104261 0.0239149 0.00795706 0.0391374 0.0193601 0.00751759 0.0282214 0.00869989 0.0345311 0.0178982 0.00872358 0.0332769 0.0081165 0.0270999 0.0193601 0.0101211 0.0287751 0.00727719 0.0325857 0.0209388 0.0104261
0.0294807 0.025921 0.00938745 0.0283104 0.0247445 0.0311759 0.00858642 0.0265536 0.0305962 0.0294807 0.025921 0.00938745 0.0319325 0.0283104 0.0213715 0.0305774 0.0102624 0.0281494 0.0261908 0.0247445 0.0360394 0.00957527 0.0220601 0.0283104 0.0286344 0.0311759 0.00858642 0.0265536 0.0305962 0.0294807 0.025921 0.00938745 0.0319325 0.0283104 0.0213715 0.0305774 0.0102624 0.0281494 0.0261908 0.0247445 0.0360394 0.00957527 0.0220601 0.0283104 0.0286344 0.0311759 0.00858642 0.0265536 0.0305962 0.0294807
0.0111168 0.0725971 0.0110109 0.0818657 0.00930258 0.0864743 0.0100727 0.0189108 0.0880834 0.0111168 0.0725971 0.0110109 0.0227778 0.0818657 0.00801719 0.0849074 0.0120354 0.0200568 0.0760502 0.00930258 0.0990822 0.0112308 0.0156898 0.0818657 0.0107918 0.0864743 0.0100727 0.0189108 0.0880834 0.0111168 0.0725971 0.0110109 0.0227778 0.0818657 0.00801719 0.0849074 0.0120354 0.0200568 0.0760502 0.00930258 0.0990822 0.0112308 0.0156898 0.0818657 0.0107918 0.0864743 0.0100727 0.0189108 0.0880834 0.0111168
0.0136346 0.0359789 0.00920075 0.0356734 0.0114142 0.0431824 0.00841551 0.0179326 0.0385301 0.0136346 0.0359789 0.00920075 0.021604 0.0356734 0.00983997 0.0423636 0.0100585 0.0190204 0.0330213 0.0114142 0.0498226 0.00938487 0.0148757 0.0356734 0.013237 0.0431824 0.00841551 0.0179326 0.0385301 0.0136346 0.0359789 0.00920075 0.021604 0.0356734 0.00983997 0.0423636 0.0100585 0.0190204 0.0330213 0.0114142 0.0498226 0.00938487 0.0148757 0.0356734 0.013237 0.0431824 0.00841551 0.0179326 0.0385301 0.0136346
0.0108633 0.0466892 0.00999059 0.0692255 0.00909005 0.0559126 0.00913857 0.0184281 0.0745612 0.0108633 0.0466892 0.00999059 0.0221985 0.0692255 0.0078338 0.0548662 0.0109212 0.0195453 0.0642451 0.00909005 0.0643787 0.0101904 0.015288 0.0692255 0.0105456 0.0559126 0.00913857 0.0184281 0.0745612 0.0108633 0.0466892 0.00999059 0.0221985 0.0692255 0.0078338 0.0548662 0.0109212 0.0195453 0.0642451 0.00909005 0.0643787 0.0101904 0.015288 0.0692255 0.0105456 0.0559126 0.00913857 0.0184281 0.0745612 0.0108633
0.0153605 0.11091 0.0138239 0.16795 0.0128627 0.131076 0.0126491 0.0363568 0.179428 0.0153605 0.11091 0.0138239 0.0436325 0.16795 0.0110909 0.128815 0.015106 0.0385184 0.157065 0.0128627 0.149126 0.0140992 0.030256 0.16795 0.0149133 0.131076 0.0126491 0.0363568 0.179428 0.0153605 0.11091 0.0138239 0.0436325 0.16795 0.0110909 0.128815 0.015106 0.0385184 0.157065 0.0128627 0.149126 0.0140992 0.030256 0.16795 0.0149133 0.131076 0.0126491 0.0363568 0.179428 0.0153605
0.010796 0.189838 0.0153878 0.281131 0.00903361 0.220791 0.014082 0.0195746 0.297578 0.010796 0.189838 0.0153878 0.023574 0.281131 0.0077851 0.217369 0.0168125 0.0207599 0.26525 0.00903361 0.247673 0.0156937 0.0162424 0.281131 0.0104802 0.220791 0.014082 0.0195746 0.297578 0.010796 0.189838 0.0153878 0.023574 0.281131 0.0077851 0.217369 0.0168125 0.0207599 0.26525 0.00903361 0.247673 0.0156937 0.0162424 0.281131 0.0104802 0.220791 0.014082 0.0195746 0.297578 0.010796
0.0203421 0.123445 0.0154795 0.235681 0.0170483 0.145518 0.0141661 0.0550268 0.250395 0.0203421 0.123445 0.0154795 0.0657837 0.235681 0.0147085 0.143048 0.0169126 0.0582313 0.221576 0.0170483 0.165177 0.0157873 0.0459424 0.235681 0.0197528 0.145518 0.0141661 0.0550268 0.250395 0.0203421 0.123445 0.0154795 0.0657837 0.235681 0.0147085 0.143048 0.0169126 0.0582313 0.221576 0.0170483 0.165177 0.0157873 0.0459424 0.235681 0.0197528 0.145518 0.0141661 0.0550268 0.250395 0.0203421
0.0117211 0.0186274 0.00717733 0.012489 0.00980921 0.0224378 0.00656364 0.013864 0.0135151 0.0117211 0.0186274 0.00717733 0.0167165 0.012489 0.00845442 0.0220033 0.00784794 0.0147087 0.0115398 0.00980921 0.0259747 0.00732126 0.0114925 0.012489 0.0113786 0.0224378 0.00656364 0.013864 0.0135151 0.0117211 0.0186274 0.00717733 0.0167165 0.012489 0.00845442 0.0220033 0.00784794 0.0147087 0.0115398 0.00980921 0.0259747 0.00732126 0.0114925 0.012489 0.0113786 0.0224378 0.00656364 0.013864 0.0135151 0.0117211
0.0233348 0.0918548 0.0138038 0.144062 0.0195661 0.108981 0.0126307 0.0477922 0.154211 0.0233348 0.0918548 0.0138038 0.0572204 0.144062 0.0168867 0.107054 0.0150841 0.0505979 0.134476 0.0195661 0.124423 0.0140787 0.0398517 0.144062 0.0226608 0.108981 0.0126307 0.0477922 0.154211 0.0233348 0.0918548 0.0138038 0.0572204 0.144062 0.0168867 0.107054 0.0150841 0.0505979 0.134476 0.0195661 0.124423 0.0140787 0.0398517 0.144062 0.0226608 0.108981 0.0126307 0.0477922 0.154211 0.0233348
0.0174688 0.0814241 0.0122253 0.0957841 0.0146332 0.0968126 0.0111848 0.0197243 0.102941 0.0174688 0.0814241 0.0122253 0.0237536 0.0957841 0.0126207 0.0950778 0.0133612 0.0209185 0.0890759 0.0146332 0.110745 0.0124692 0.0163671 0.0957841 0.0169612 0.0968126 0.0111848 0.0197243 0.102941 0.0174688 0.0814241 0.0122253 0.0237536 0.0957841 0.0126207 0.0950778 0.0133612 0.0209185 0.0890759 0.0146332 0.110745 0.0124692 0.0163671 0.0957841 0.0169612 0.0968126 0.0111848 0.0197243 0.102941 0.0174688
0.0184855 0.0217157 0.00854222 0.0167188 0.0154875 0.0261409 0.00781275 0.0673486 0.0180861 0.0184855 0.0217157 0.00854222 0.0803095 0.0167188 0.0133591 0.0256365 0.00933917 0.0712166 0.0154532 0.0154875 0.0302434 0.00871328 0.0563513 0.0167188 0.0179489 0.0261409 0.00781275 0.0673486 0.0180861 0.0184855 0.0217157 0.00854222 0.0803095 0.0167188 0.0133591 0.0256365 0.00933917 0.0712166 0.0154532 0.0154875 0.0302434 0.00871328 0.0563513 0.0167188 0.0179489 0.0261409 0.00781275 0.0673486 0.0180861 0.0184855
0.0266889 0.0292823 0.00962451 0.0278542 0.0223909 0.035194 0.00880344 0.0365768 0.0301043 0.0266889 0.0292823 0.00962451 0.0438946 0.0278542 0.0193323 0.0345211 0.0105214 0.038751 0.0257679 0.0223909 0.040658 0.00981703 0.0304402 0.0278542 0.0259206 0.035194 0.00880344 0.0365768 0.0301043 0.0266889 0.0292823 0.00962451 0.0438946 0.0278542 0.0193323 0.0345211 0.0105214 0.038751 0.0257679 0.0223909 0.040658 0.00981703 0.0304402 0.0278542 0.0259206 0.035194 0.00880344 0.0365768 0.0301043 0.0266889
0.0194889 0.160413 0.0158898 0.25356 0.0163309 0.187679 0.014542 0.0204126 0.268998 0.0194889 0.160413 0.0158898 0.024579 0.25356 0.0140882 0.184649 0.0173602 0.0216476 0.238719 0.0163309 0.211625 0.0162055 0.0169403 0.25356 0.0189238 0.187679 0.014542 0.0204126 0.268998 0.0194889 0.160413 0.0158898 0.024579 0.25356 0.0140882 0.184649 0.0173602 0.0216476 0.238719 0.0163309 0.211625 0.0162055 0.0169403 0.25356 0.0189238 0.187679 0.014542 0.0204126 0.268998 0.0194889
0.0330804 0.144584 0.0164543 0.194185 0.0277824 0.169704 0.0150594 0.0377403 0.20701 0.0330804 0.144584 0.0164543 0.0452799 0.194185 0.0240055 0.166904 0.017976 0.0399808 0.181972 0.0277824 0.191897 0.0167811 0.0314149 0.194185 0.0321341 0.169704 0.0150594 0.0377403 0.20701 0.0330804 0.144584 0.0164543 0.0452799 0.194185 0.0240055 0.166904 0.017976 0.0399808 0.181972 0.0277824 0.191897 0.0167811 0.0314149 0.194185 0.0321341 0.169704 0.0150594 0.0377403 0.20701 0.0330804
0.011849 0.0305441 0.00875437 0.0314533 0.00991648 0.0367009 0.00800692 0.0361591 0.0339839 0.011849 0.0305441 0.00875437 0.043397 0.0314533 0.008547 0.0360003 0.00957091 0.0383094 0.0291054 0.00991648 0.0423886 0.00892964 0.0300903 0.0314533 0.0115029 0.0367009 0.00800692 0.0361591 0.0339839 0.011849 0.0305441 0.00875437 0.043397 0.0314533 0.008547 0.0360003 0.00957091 0.0383094 0.0291054 0.00991648 0.0423886 0.00892964 0.0300903 0.0314533 0.0115029 0.0367009 0.00800692 0.0361591 0.0339839 0.011849
0.0154659 0.0592454 0.0111986 0.102392 0.0129512 0.0707652 0.0102446 0.0186723 0.109982 0.0154659 0.0592454 0.0111986 0.0224916 0.102392 0.0111673 0.0694612 0.0122403 0.019804 0.0952695 0.0129512 0.0812865 0.0114222 0.0154913 0.102392 0.0150156 0.0707652 0.0102446 0.0186723 0.109982 0.0154659 0.0592454 0.0111986 0.0224916 0.102392 0.0111673 0.0694612 0.0122403 0.019804 0.0952695 0.0129512 0.0812865 0.0114222 0.0154913 0.102392 0.0150156 0.0707652 0.0102446 0.0186723 0.109982 0.0154659
0.0237625 0.0647976 0.0125479 0.097585 0.0199261 0.0773082 0.0114803 0.0427192 0.10486 0.0237625 0.0647976 0.0125479 0.0512005 0.097585 0.0171983 0.0758936 0.0137134 0.0452413 0.0907633 0.0199261 0.0887095 0.0127981 0.0355901 0.097585 0.0230764 0.0773082 0.0114803 0.0427192 0.10486 0.0237625 0.0647976 0.0125479 0.0512005 0.097585 0.0171983 0.0758936 0.0137134 0.0452413 0.0907633 0.0199261 0.0887095 0.0127981 0.0355901 0.097585 0.0230764 0.0773082 0.0114803 0.0427192 0.10486 0.0237625
0.015732 0.0410634 0.0100247 0.0424675 0.0131746 0.0492329 0.00916983 0.0311257 0.0458423 0.015732 0.0410634 0.0100247 0.0373952 0.0424675 0.0113603 0.0483051 0.0109585 0.0329869 0.0393308 0.0131746 0.0567483 0.0102252 0.0258791 0.0424675 0.0152741 0.0492329 0.00916983 0.0311257 0.0458423 0.015732 0.0410634 0.0100247 0.0373952 0.0424675 0.0113603 0.0483051 0.0109585 0.0329869 0.0393308 0.0131746 0.0567483 0.0102252 0.0258791 0.0424675 0.0152741 0.0492329 0.00916983 0.0311257 0.0458423 0.015732
0.00731093 0.0112506 0.00590692 0.00994747 0.00611397 0.0135728 0.00540126 0.0117774 0.010767 0.00731093 0.0112506 0.00590692 0.0142068 0.00994747 0.00526683 0.0133076 0.00645961 0.0124966 0.0091897 0.00611397 0.0157347 0.00602553 0.00975933 0.00994747 0.0070964 0.0135728 0.00540126 0.0117774 0.010767 0.00731093 0.0112506 0.00590692 0.0142068 0.00994747 0.00526683 0.0133076 0.00645961 0.0124966 0.0091897 0.00611397 0.0157347 0.00602553 0.00975933 0.00994747 0.0070964 0.0135728 0.00540126 0.0117774 0.010767 0.00731093
0.0293646 0.187194 0.018159 0.271832 0.0246466 0.217832 0.0166221 0.0504161 0.287953 0.0293646 0.187194 0.018159 0.0603292 0.271832 0.0212866 0.214444 0.0198352 0.0533673 0.256289 0.0246466 0.244467 0.0185191 0.042059 0.271832 0.0285215 0.217832 0.0166221 0.0504161 0.287953 0.0293646 0.187194 0.018159 0.0603292 0.271832 0.0212866 0.214444 0.0198352 0.0533673 0.256289 0.0246466 0.244467 0.0185191 0.042059 0.271832 0.0285215 0.217832 0.0166221 0.0504161 0.287953 0.0293646
0.0193696 0.0276278 0.00874575 0.0231764 0.0162307 0.0332169 0.00799903 0.0209782 0.0250583 0.0193696 0.0276278 0.00874575 0.025257 0.0231764 0.0140015 0.0325806 0.0095615 0.0222466 0.0214327 0.0162307 0.0383862 0.00892085 0.0174113 0.0231764 0.0188079 0.0332169 0.00799903 0.0209782 0.0250583 0.0193696 0.0276278 0.00874575 0.025257 0.0231764 0.0140015 0.0325806 0.0095615 0.0222466 0.0214327 0.0162307 0.0383862 0.00892085 0.0174113 0.0231764 0.0188079 0.0332169 0.00799903 0.0209782 0.0250583 0.0193696
0.0173074 0.140582 0.0157324 0.287765 0.0144977 0.165141 0.0143979 0.0516759 0.304436 0.0173074 0.140582 0.0157324 0.0618205 0.287765 0.0125036 0.162402 0.0171886 0.0546965 0.271651 0.0144977 0.186872 0.0160452 0.0431194 0.287765 0.0168045 0.165141 0.0143979 0.0516759 0.304436 0.0173074 0.140582 0.0157324 0.0618205 0.287765 0.0125036 0.162402 0.0171886 0.0546965 0.271651 0.0144977 0.186872 0.0160452 0.0431194 0.287765 0.0168045 0.165141 0.0143979 0.0516759 0.304436 0.0173074
0.00971561 0.0207691 0.00716718 0.015 0.00812817 0.0250064 0.00655436 0.0123407 0.016229 0.00971561 0.0207691 0.00716718 0.0148845 0.015 0.00700391 0.0245234 0.00783686 0.0130938 0.0138627 0.00812817 0.0289362 0.00731091 0.0102271 0.015 0.00943118 0.0250064 0.00655436 0.0123407 0.016229 0.00971561 0.0207691 0.00716718 0.0148845 0.015 0.00700391 0.0245234 0.00783686 0.0130938 0.0138627 0.00812817 0.0289362 0.00731091 0.0102271 0.015 0.00943118 0.0250064 0.00655436 0.0123407 0.016229 0.00971561
0.0295979 0.255235 0.0208145 0.432768 0.0248433 0.292995 0.0190572 0.058569 0.452502 0.0295979 0.255235 0.0208145 0.0699671 0.432768 0.0214571 0.288869 0.0227301 0.0619663 0.413245 0.0248433 0.325001 0.0212261 0.0489301 0.432768 0.0287483 0.292995 0.0190572 0.058569 0.452502 0.0295979 0.255235 0.0208145 0.0699671 0.432768 0.0214571 0.288869 0.0227301 0.0619663 0.413245 0.0248433 0.325001 0.0212261 0.0489301 0.432768 0.0287483 0.292995 0.0190572 0.058569 0.452502 0.0295979
0.0157924 0.0347727 0.00913697 0.0323727 0.0132253 0.0417451 0.00835713 0.0150875 0.0349746 0.0157924 0.0347727 0.00913697 0.0181872 0.0323727 0.0114041 0.0409523 0.00998884 0.0160056 0.0299583 0.0132253 0.0481754 0.00931983 0.0125094 0.0323727 0.0153328 0.0417451 0.00835713 0.0150875 0.0349746 0.0157924 0.0347727 0.00913697 0.0181872 0.0323727 0.0114041 0.0409523 0.00998884 0.0160056 0.0299583 0.0132253 0.0481754 0.00931983 0.0125094 0.0323727 0.0153328 0.0417451 0.00835713 0.0150875 0.0349746 0.0157924
0.00965181 0.0150399 0.00650699 0.0117283 0.00807471 0.01813 0.00595027 0.00882621 0.0126927 0.00965181 0.0150399 0.00650699 0.0106534 0.0117283 0.00695779 0.0177773 0.00711542 0.00936688 0.0108364 0.00807471 0.0210024 0.00663756 0.00731008 0.0117283 0.00936923 0.01813 0.00595027 0.00882621 0.0126927 0.00965181 0.0150399 0.00650699 0.0106534 0.0117283 0.00695779 0.0177773 0.00711542 0.00936688 0.0108364 0.00807471 0.0210024 0.00663756 0.00731008 0.0117283 0.00936923 0.01813 0.00595027 0.00882621 0.0126927 0.00965181
0.0126007 0.0408101 0.00960669 0.0561886 0.0105468 0.0489317 0.00878712 0.0175544 0.0605849 0.0126007 0.0408101 0.00960669 0.02115 0.0561886 0.00909111 0.0480093 0.0105019 0.0186197 0.0520937 0.0105468 0.0564039 0.00979886 0.014561 0.0561886 0.0122328 0.0489317 0.00878712 0.0175544 0.0605849 0.0126007 0.0408101 0.00960669 0.02115 0.0561886 0.00909111 0.0480093 0.0105019 0.0186197 0.0520937 0.0105468 0.0564039 0.00979886 0.014561 0.0561886 0.0122328 0.0489317 0.00878712 0.0175544 0.0605849 0.0126007
0.0187335 0.0726057 0.0123389 0.115902 0.015696 0.0864845 0.0112889 0.029577 0.124354 0.0187335 0.0726057 0.0123389 0.035546 0.115902 0.0135393 0.0849174 0.0134853 0.0313486 0.107953 0.015696 0.0990937 0.0125851 0.0245848 0.115902 0.0181899 0.0864845 0.0112889 0.029577 0.124354 0.0187335 0.0726057 0.0123389 0.035546 0.115902 0.0135393 0.0849174 0.0134853 0.0313486 0.107953 0.015696 0.0990937 0.0125851 0.0245848 0.115902 0.0181899 0.0864845 0.0112889 0.029577 0.124354 0.0187335
0.0123484 0.113036 0.0137122 0.192255 0.0103353 0.133531 0.0125468 0.0292192 0.204985 0.0123484 0.113036 0.0137122 0.0351186 0.192255 0.00890849 0.131234 0.0149841 0.0309701 0.180136 0.0103353 0.151859 0.0139853 0.0242859 0.192255 0.0119878 0.133531 0.0125468 0.0292192 0.204985 0.0123484 0.113036 0.0137122 0.0351186 0.192255 0.00890849 0.131234 0.0149841 0.0309701 0.180136 0.0103353 0.151859 0.0139853 0.0242859 0.192255 0.0119878 0.133531 0.0125468 0.0292192 0.204985 0.0123484
0.019321 0.0285124 0.00900648 0.0273325 0.0161898 0.0342741 0.00823768 0.0278538 0.0295417 0.019321 0.0285124 0.00900648 0.033487 0.0273325 0.0139662 0.0336183 0.0098463 0.0295253 0.0252842 0.0161898 0.0396012 0.00918675 0.0231455 0.0273325 0.0187607 0.0342741 0.00823768 0.0278538 0.0295417 0.019321 0.0285124 0.00900648 0.033487 0.0273325 0.0139662 0.0336183 0.0098463 0.0295253 0.0252842 0.0161898 0.0396012 0.00918675 0.0231455 0.0273325 0.0187607 0.0342741 0.00823768 0.0278538 0.0295417 0.019321
0.0163005 0.0565844 0.0112671 0.0736674 0.0136519 0.067624 0.0103073 0.0327434 0.0793163 0.0163005 0.0565844 0.0112671 0.0393255 0.0736674 0.0117727 0.0663739 0.0123151 0.0346979 0.0683909 0.0136519 0.0777174 0.011492 0.0272318 0.0736674 0.0158263 0.067624 0.0103073 0.0327434 0.0793163 0.0163005 0.0565844 0.0112671 0.0393255 0.0736674 0.0117727 0.0663739 0.0123151 0.0346979 0.0683909 0.0136519 0.0777174 0.011492 0.0272318 0.0736674 0.0158263 0.067624 0.0103073 0.0327434 0.0793163 0.0163005
0.0109378 0.0516312 0.010138 0.0722624 0.00915254 0.0617676 0.00927357 0.0140597 0.0778127 0.0109378 0.0516312 0.010138 0.0169519 0.0722624 0.00788772 0.0606187 0.0110822 0.0149162 0.0670793 0.00915254 0.0710535 0.0103407 0.0116552 0.0722624 0.010618 0.0617676 0.00927357 0.0140597 0.0778127 0.0109378 0.0516312 0.010138 0.0169519 0.0722624 0.00788772 0.0606187 0.0110822 0.0149162 0.0670793 0.00915254 0.0710535 0.0103407 0.0116552 0.0722624 0.010618 0.0617676 0.00927357 0.0140597 0.0778127 0.0109378
0.02527 0.0516756 0.0117492 0.0697895 0.0211955 0.0618202 0.0107488 0.0545824 0.0751651 0.02527 0.0516756 0.0117492 0.0652584 0.0697895 0.0182972 0.0606704 0.0128414 0.0577626 0.0647713 0.0211955 0.0711134 0.0119837 0.0455678 0.0697895 0.0245415 0.0618202 0.0107488 0.0545824 0.0751651 0.02527 0.0516756 0.0117492 0.0652584 0.0697895 0.0182972 0.0606704 0.0128414 0.0577626 0.0647713 0.0211955 0.0711134 0.0119837 0.0455678 0.0697895 0.0245415 0.0618202 0.0107488 0.0545824 0.0751651 0.02527
0.0238293 0.0265895 0.00905442 0.0256918 0.0199824 0.0319755 0.00828157 0.0267065 0.0277722 0.0238293 0.0265895 0.00905442 0.0321153 0.0256918 0.017247 0.0313622 0.00989868 0.0283111 0.0237635 0.0199824 0.036959 0.00923564 0.0221877 0.0256918 0.0231413 0.0319755 0.00828157 0.0267065 0.0277722 0.0238293 0.0265895 0.00905442 0.0321153 0.0256918 0.017247 0.0313622 0.00989868 0.0283111 0.0237635 0.0199824 0.036959 0.00923564 0.0221877 0.0256918 0.0231413 0.0319755 0.00828157 0.0267065 0.0277722 0.0238293
0.0435057 0.20636 0.0204017 0.37066 0.0366014 0.239211 0.0186786 0.077996 0.389507 0.0435057 0.20636 0.0204017 0.0928021 0.37066 0.0316645 0.23559 0.0222802 0.0824215 0.352199 0.0366014 0.267565 0.0208053 0.065382 0.37066 0.0422743 0.239211 0.0186786 0.077996 0.389507 0.0435057 0.20636 0.0204017 0.0928021 0.37066 0.0316645 0.23559 0.0222802 0.0824215 0.352199 0.0366014 0.267565 0.0208053 0.065382 0.37066 0.0422743 0.239211 0.0186786 0.077996 0.389507 0.0435057
0.0258091 0.332516 0.0225536 0.513042 0.0216496 0.375938 0.0206525 0.0528957 0.532997 0.0258091 0.332516 0.0225536 0.0632639 0.513042 0.0186904 0.371258 0.0246253 0.0559835 0.493046 0.0216496 0.411728 0.0229987 0.0441467 0.513042 0.0250655 0.375938 0.0206525 0.0528957 0.532997 0.0258091 0.332516 0.0225536 0.0632639 0.513042 0.0186904 0.371258 0.0246253 0.0559835 0.493046 0.0216496 0.411728 0.0229987 0.0441467 0.513042 0.0250655 0.375938 0.0206525 0.0528957 0.532997 0.0258091
0.0151452 0.033217 0.00896355 0.0304909 0.0126819 0.0398903 0.0081984 0.0192749 0.0329468 0.0151452 0.033217 0.00896355 0.0232145 0.0304909 0.0109348 0.0391314 0.00979942 0.0204424 0.0282128 0.0126819 0.0460487 0.00914297 0.0159929 0.0304909 0.0147041 0.0398903 0.0081984 0.0192749 0.0329468 0.0151452 0.033217 0.00896355 0.0232145 0.0304909 0.0109348 0.0391314 0.00979942 0.0204424 0.0282128 0.0126819 0.0460487 0.00914297 0.0159929 0.0304909 0.0147041 0.0398903 0.0081984 0.0192749 0.0329468 0.0151452
0.0132115 0.0945077 0.012348 0.103308 0.0110592 0.112067 0.0112973 0.0203829 0.110958 0.0132115 0.0945077 0.012348 0.0245433 0.103308 0.00953344 0.110092 0.0134952 0.0216161 0.0961291 0.0110592 0.127884 0.0125943 0.0169155 0.103308 0.012826 0.112067 0.0112973 0.0203829 0.110958 0.0132115 0.0945077 0.012348 0.0245433 0.103308 0.00953344 0.110092 0.0134952 0.0216161 0.0961291 0.0110592 0.127884 0.0125943 0.0169155 0.103308 0.012826 0.112067 0.0112973 0.0203829 0.110958 0.0132115
0.0220454 0.118062 0.0151157 0.162724 0.018481 0.139324 0.0138327 0.0697481 0.17392 0.0220454 0.118062 0.0151157 0.0831297 0.162724 0.0159478 0.136943 0.0165157 0.0737431 0.152116 0.018481 0.158302 0.0154163 0.0583835 0.162724 0.0214078 0.139324 0.0138327 0.0697481 0.17392 0.0220454 0.118062 0.0151157 0.0831297 0.162724 0.0159478 0.136943 0.0165157 0.0737431 0.152116 0.018481 0.158302 0.0154163 0.0583835 0.162724 0.0214078 0.139324 0.0138327 0.0697481 0.17392 0.0220454
0.0074726 0.0671682 0.010633 0.107651 0.00624934 0.0800974 0.00972674 0.0179314 0.115581 0.0074726 0.0671682 0.010633 0.0216025 0.107651 0.00538354 0.078636 0.0116227 0.0190192 0.100204 0.00624934 0.091869 0.0108455 0.0148747 0.107651 0.00725336 0.0800974 0.00972674 0.0179314 0.115581 0.0074726 0.0671682 0.010633 0.0216025 0.107651 0.00538354 0.078636 0.0116227 0.0190192 0.100204 0.00624934 0.091869 0.0108455 0.0148747 0.107651 0.00725336 0.0800974 0.00972674 0.0179314 0.115581 0.0074726
0.0151076 0.0393377 0.0098848 0.0577378 0.0126504 0.0471808 0.00904172 0.0194657 0.0622473 0.0151076 0.0393377 0.0098848 0.0234434 0.0577378 0.0109075 0.0462898 0.0108056 0.0206446 0.0535364 0.0126504 0.0544008 0.0100825 0.0161518 0.0577378 0.0146676 0.0471808 0.00904172 0.0194657 0.0622473 0.0151076 0.0393377 0.0098848 0.0234434 0.0577378 0.0109075 0.0462898 0.0108056 0.0206446 0.0535364 0.0126504 0.0544008 0.0100825 0.0161518 0.0577378 0.0146676 0.0471808 0.00904172 0.0194657 0.0622473 0.0151076
0.0159797 0.0458923 0.0102303 0.0480715 0.0133826 0.0549674 0.00935799 0.0249368 0.0518676 0.0159797 0.0458923 0.0102303 0.0299983 0.0480715 0.01154 0.0539376 0.0111829 0.0264381 0.0445402 0.0133826 0.0632999 0.0104348 0.0207111 0.0480715 0.0155147 0.0549674 0.00935799 0.0249368 0.0518676 0.0159797 0.0458923 0.0102303 0.0299983 0.0480715 0.01154 0.0539376 0.0111829 0.0264381 0.0445402 0.0133826 0.0632999 0.0104348 0.0207111 0.0480715 0.0155147 0.0549674 0.00935799 0.0249368 0.0518676 0.0159797
0.0413171 0.0642914 0.0136657 0.0776176 0.0347475 0.0767123 0.0125042 0.0963192 0.0835421 0.0413171 0.0642914 0.0136657 0.114173 0.0776176 0.0300529 0.0753077 0.0149334 0.10167 0.0720802 0.0347475 0.088034 0.0139379 0.0810021 0.0776176 0.040145 0.0767123 0.0125042 0.0963192 0.0835421 0.0413171 0.0642914 0.0136657 0.114173 0.0776176 0.0300529 0.0753077 0.0149334 0.10167 0.0720802 0.0347475 0.088034 0.0139379 0.0810021 0.0776176 0.040145 0.0767123 0.0125042 0.0963192 0.0835421 0.0413171
0.0101269 0.0543309 0.0098695 0.0602246 0.00847286 0.0649611 0.00902771 0.01529 0.0649149 0.0101269 0.0543309 0.0098695 0.0184304 0.0602246 0.00730127 0.0637568 0.0107889 0.0162201 0.0558529 0.00847286 0.0746889 0.0100669 0.0126777 0.0602246 0.00983057 0.0649611 0.00902771 0.01529 0.0649149 0.0101269 0.0543309 0.0098695 0.0184304 0.0602246 0.00730127 0.0637568 0.0107889 0.0162201 0.0558529 0.00847286 0.0746889 0.0100669 0.0126777 0.0602246 0.00983057 0.0649611 0.00902771 0.01529 0.0649149 0.0101269
0.0211875 0.186986 0.0173792 0.367541 0.0177592 0.217599 0.0159072 0.0216455 0.386326 0.0211875 0.186986 0.0173792 0.0260568 0.367541 0.0153234 0.214213 0.0189848 0.0229533 0.349149 0.0177592 0.244214 0.0177241 0.0179673 0.367541 0.0205742 0.217599 0.0159072 0.0216455 0.386326 0.0211875 0.186986 0.0173792 0.0260568 0.367541 0.0153234 0.214213 0.0189848 0.0229533 0.349149 0.0177592 0.244214 0.0177241 0.0179673 0.367541 0.0205742 0.217599 0.0159072 0.0216455 0.386326 0.0211875
0.021061 0.104598 0.0136693 0.151343 0.0176529 0.123776 0.0125076 0.015768 0.161907 0.021061 0.104598 0.0136693 0.0190048 0.151343 0.0152314 0.121624 0.0149374 0.0167268 0.141352 0.0176529 0.140984 0.0139416 0.0130752 0.151343 0.0204513 0.123776 0.0125076 0.015768 0.161907 0.021061 0.104598 0.0136693 0.0190048 0.151343 0.0152314 0.121624 0.0149374 0.0167268 0.141352 0.0176529 0.140984 0.0139416 0.0130752 0.151343 0.0204513 0.123776 0.0125076 0.015768 0.161907 0.021061
0.00721324 0.0204648 0.00712475 0.0225612 0.00603217 0.0246415 0.00651553 0.0138815 0.0243944 0.00721324 0.0204648 0.00712475 0.0167376 0.0225612 0.0051963 0.0241654 0.0077905 0.0147273 0.0208628 0.00603217 0.0285157 0.00726764 0.0115071 0.0225612 0.00700155 0.0246415 0.00651553 0.0138815 0.0243944 0.00721324 0.0204648 0.00712475 0.0167376 0.0225612 0.0051963 0.0241654 0.0077905 0.0147273 0.0208628 0.00603217 0.0285157 0.00726764 0.0115071 0.0225612 0.00700155 0.0246415 0.00651553 0.0138815 0.0243944 0.00721324
0.0106592 0.0450957 0.009895 0.0484197 0.008919 0.0540222 0.00905105 0.0337201 0.0522417 0.0106592 0.0450957 0.009895 0.0404904 0.0484197 0.00768621 0.0530092 0.0108168 0.0357308 0.044864 0.008919 0.0622209 0.0100929 0.0280488 0.0484197 0.0103475 0.0540222 0.00905105 0.0337201 0.0522417 0.0106592 0.0450957 0.009895 0.0404904 0.0484197 0.00768621 0.0530092 0.0108168 0.0357308 0.044864 0.008919 0.0622209 0.0100929 0.0280488 0.0484197 0.0103475 0.0540222 0.00905105 0.0337201 0.0522417 0.0106592
0.0146307 0.0270357 0.00862509 0.027475 0.0122501 0.032509 0.0078886 0.0271139 0.0296954 0.0146307 0.0270357 0.00862509 0.0326026 0.027475 0.0105618 0.0318858 0.0094297 0.0287424 0.0254163 0.0122501 0.0375724 0.0087978 0.0225278 0.027475 0.0142045 0.032509 0.0078886 0.0271139 0.0296954 0.0146307 0.0270357 0.00862509 0.0326026 0.027475 0.0105618 0.0318858 0.0094297 0.0287424 0.0254163 0.0122501 0.0375724 0.0087978 0.0225278 0.027475 0.0142045 0.032509 0.0078886 0.0271139 0.0296954 0.0146307
0.0291778 0.145749 0.0166456 0.206102 0.0244891 0.171031 0.0152348 0.0657731 0.219499 0.0291778 0.145749 0.0166456 0.0784563 0.206102 0.0211501 0.168214 0.0181847 0.0695574 0.193319 0.0244891 0.193358 0.0169762 0.0550179 0.206102 0.0283399 0.171031 0.0152348 0.0657731 0.219499 0.0291778 0.145749 0.0166456 0.0784563 0.206102 0.0211501 0.168214 0.0181847 0.0695574 0.193319 0.0244891 0.193358 0.0169762 0.0550179 0.206102 0.0283399 0.171031 0.0152348 0.0657731 0.219499 0.0291778
0.0186478 0.10324 0.0146188 0.186641 0.0156239 0.122203 0.0133774 0.0773873 0.199091 0.0186478 0.10324 0.0146188 0.0920893 0.186641 0.013477 0.120074 0.0159736 0.0817813 0.174799 0.0156239 0.139226 0.0149098 0.0648647 0.186641 0.0181066 0.122203 0.0133774 0.0773873 0.199091 0.0186478 0.10324 0.0146188 0.0920893 0.186641 0.013477 0.120074 0.0159736 0.0817813 0.174799 0.0156239 0.139226 0.0149098 0.0648647 0.186641 0.0181066 0.122203 0.0133774 0.0773873 0.199091 0.0186478
0.0101718 0.01218 0.00618181 0.00720556 0.00851043 0.0146912 0.00565275 0.013916 0.00780101 0.0101718 0.01218 0.00618181 0.0167791 0.00720556 0.00733369 0.0144044 0.00676004 0.0147638 0.00665526 0.00851043 0.0170282 0.0063059 0.0115358 0.00720556 0.00987412 0.0146912 0.00565275 0.013916 0.00780101 0.0101718 0.01218 0.00618181 0.0167791 0.00720556 0.00733369 0.0144044 0.00676004 0.0147638 0.00665526 0.00851043 0.0170282 0.0063059 0.0115358 0.00720556 0.00987412 0.0146912 0.00565275 0.013916 0.00780101 0.0101718
0.0427018 0.0757376 0.0137653 0.0892635 0.0359202 0.0901568 0.0125954 0.0396544 0.0959844 0.0427018 0.0757376 0.0137653 0.0475575 0.0892635 0.0310722 0.0885296 0.0150421 0.0420035 0.08297 0.0359202 0.103241 0.0140394 0.0330192 0.0892635 0.0414921 0.0901568 0.0125954 0.0396544 0.0959844 0.0427018 0.0757376 0.0137653 0.0475575 0.0892635 0.0310722 0.0885296 0.0150421 0.0420035 0.08297 0.0359202 0.103241 0.0140394 0.0330192 0.0892635 0.0414921 0.0901568 0.0125954 0.0396544 0.0959844 0.0427018
0.0115449 0.0255751 0.00813058 0.0248121 0.00966149 0.030762 0.007436 0.0149391 0.0268232 0.0115449 0.0255751 0.00813058 0.0180088 0.0248121 0.00832693 0.0301713 0.00888947 0.0158483 0.0229482 0.00966149 0.0355633 0.00829347 0.0123861 0.0248121 0.0112075 0.030762 0.007436 0.0149391 0.0268232 0.0115449 0.0255751 0.00813058 0.0180088 0.0248121 0.00832693 0.0301713 0.00888947 0.0158483 0.0229482 0.00966149 0.0355633 0.00829347 0.0123861 0.0248121 0.0112075 0.030762 0.007436 0.0149391 0.0268232 0.0115449
0.0252147 0.0831384 0.0135094 0.115611 0.021149 0.098816 0.012361 0.0424061 0.124046 0.0252147 0.0831384 0.0135094 0.0508286 0.115611 0.0182569 0.0970492 0.0147629 0.0449106 0.10768 0.021149 0.113001 0.0137785 0.0353274 0.115611 0.0244878 0.098816 0.012361 0.0424061 0.124046 0.0252147 0.0831384 0.0135094 0.0508286 0.115611 0.0182569 0.0970492 0.0147629 0.0449106 0.10768 0.021149 0.113001 0.0137785 0.0353274 0.115611 0.0244878 0.098816 0.012361 0.0424061 0.124046 0.0252147
0.0249508 0.138624 0.0161229 0.248561 0.0209266 0.162905 0.0147557 0.0387441 0.263802 0.0249508 0.138624 0.0161229 0.0464745 0.248561 0.0180644 0.160196 0.0176146 0.0410416 0.233921 0.0209266 0.184407 0.0164433 0.0322561 0.248561 0.0242312 0.162905 0.0147557 0.0387441 0.263802 0.0249508 0.138624 0.0161229 0.0464745 0.248561 0.0180644 0.160196 0.0176146 0.0410416 0.233921 0.0209266 0.184407 0.0164433 0.0322561 0.248561 0.0242312 0.162905 0.0147557 0.0387441 0.263802 0.0249508
0.00670332 0.0339106 0.0082742 0.0327121 0.00560527 0.0407174 0.00756744 0.0167703 0.0353403 0.00670332 0.0339106 0.0082742 0.0202085 0.0327121 0.00482827 0.0399434 0.00904637 0.0177888 0.0302732 0.00560527 0.0469972 0.00843994 0.0139087 0.0327121 0.00650649 0.0407174 0.00756744 0.0167703 0.0353403 0.00670332 0.0339106 0.0082742 0.0202085 0.0327121 0.00482827 0.0399434 0.00904637 0.0177888 0.0302732 0.00560527 0.0469972 0.00843994 0.0139087 0.0327121 0.00650649 0.0407174 0.00756744 0.0167703 0.0353403 0.00670332
0.00955908 0.068124 0.0110403 0.11669 0.00799701 0.0812211 0.0100997 0.0186078 0.125192 0.00955908 0.068124 0.0110403 0.0224142 0.11669 0.00689077 0.079741 0.0120675 0.0197357 0.108693 0.00799701 0.0931411 0.0112608 0.0154376 0.11669 0.00927919 0.0812211 0.0100997 0.0186078 0.125192 0.00955908 0.068124 0.0110403 0.0224142 0.11669 0.00689077 0.079741 0.0120675 0.0197357 0.108693 0.00799701 0.0931411 0.0112608 0.0154376 0.11669 0.00927919 0.0812211 0.0100997 0.0186078 0.125192 0.00955908
0.023018 0.0529879 0.0114025 0.0702417 0.0192994 0.063373 0.0104314 0.0367775 0.0756494 0.023018 0.0529879 0.0114025 0.0441335 0.0702417 0.016656 0.0621962 0.012463 0.0389631 0.0651934 0.0192994 0.0728814 0.0116302 0.0306083 0.0702417 0.0223529 0.063373 0.0104314 0.0367775 0.0756494 0.023018 0.0529879 0.0114025 0.0441335 0.0702417 0.016656 0.0621962 0.012463 0.0389631 0.0651934 0.0192994 0.0728814 0.0116302 0.0306083 0.0702417 0.0223529 0.063373 0.0104314 0.0367775 0.0756494 0.023018
0.0239672 0.0702926 0.0125528 0.108545 0.0200984 0.0837692 0.0114848 0.0196109 0.116532 0.0239672 0.0702926 0.0125528 0.0236176 0.108545 0.0173474 0.0822469 0.0137187 0.0207984 0.101043 0.0200984 0.0960242 0.0128031 0.0162727 0.108545 0.0232753 0.0837692 0.0114848 0.0196109 0.116532 0.0239672 0.0702926 0.0125528 0.0236176 0.108545 0.0173474 0.0822469 0.0137187 0.0207984 0.101043 0.0200984 0.0960242 0.0128031 0.0162727 0.108545 0.0232753 0.0837692 0.0114848 0.0196109 0.116532 0.0239672
0.00800776 0.0246382 0.00777225 0.0291956 0.00669748 0.029641 0.00710806 0.0137652 0.0315505 0.00800776 0.0246382 0.00777225 0.0165978 0.0291956 0.00576995 0.0290711 0.00849798 0.014604 0.0270116 0.00669748 0.0342735 0.00792802 0.0114104 0.0291956 0.00777293 0.029641 0.00710806 0.0137652 0.0315505 0.00800776 0.0246382 0.00777225 0.0165978 0.0291956 0.00576995 0.0290711 0.00849798 0.014604 0.0270116 0.00669748 0.0342735 0.00792802 0.0114104 0.0291956 0.00777293 0.029641 0.00710806 0.0137652 0.0315505 0.00800776
0.0152619 0.0179215 0.00779335 0.0167981 0.0127799 0.0215906 0.00712737 0.0345922 0.0181718 0.0152619 0.0179215 0.00779335 0.04153 0.0167981 0.0110194 0.0211721 0.00852103 0.0366529 0.0155267 0.0127799 0.0249973 0.00794954 0.0287786 0.0167981 0.0148175 0.0215906 0.00712737 0.0345922 0.0181718 0.0152619 0.0179215 0.00779335 0.04153 0.0167981 0.0110194 0.0211721 0.00852103 0.0366529 0.0155267 0.0127799 0.0249973 0.00794954 0.0287786 0.0167981 0.0148175 0.0215906 0.00712737 0.0345922 0.0181718 0.0152619
0.0135398 0.0752529 0.0116038 0.100375 0.0113347 0.0895889 0.0106157 0.0185052 0.107833 0.0135398 0.0752529 0.0116038 0.0222911 0.100375 0.00977126 0.0879709 0.0126827 0.019627 0.0933782 0.0113347 0.1026 0.0118354 0.0153522 0.100375 0.0131449 0.0895889 0.0106157 0.0185052 0.107833 0.0135398 0.0752529 0.0116038 0.0222911 0.100375 0.00977126 0.0879709 0.0126827 0.019627 0.0933782 0.0113347 0.1026 0.0118354 0.0153522 0.100375 0.0131449 0.0895889 0.0106157 0.0185052 0.107833 0.0135398
0.0185644 0.0238183 0.0086279 0.0210326 0.0155538 0.0286594 0.00789117 0.0294069 0.0227445 0.0185644 0.0238183 0.0086279 0.0353428 0.0210326 0.0134164 0.0281078 0.00943277 0.0311686 0.019447 0.0155538 0.0331437 0.00880067 0.0244427 0.0210326 0.0180256 0.0286594 0.00789117 0.0294069 0.0227445 0.0185644 0.0238183 0.0086279 0.0353428 0.0210326 0.0134164 0.0281078 0.00943277 0.0311686 0.019447 0.0155538 0.0331437 0.00880067 0.0244427 0.0210326 0.0180256 0.0286594 0.00789117 0.0294069 0.0227445 0.0185644
0.00672639 0.0265614 0.00759309 0.0220856 0.00562458 0.0319418 0.0069441 0.0190928 0.0238811 0.00672639 0.0265614 0.00759309 0.0229961 0.0220856 0.00484492 0.0313292 0.00830222 0.0202496 0.0204223 0.00562458 0.0369203 0.00774529 0.0158413 0.0220856 0.00652889 0.0319418 0.0069441 0.0190928 0.0238811 0.00672639 0.0265614 0.00759309 0.0229961 0.0220856 0.00484492 0.0313292 0.00830222 0.0202496 0.0204223 0.00562458 0.0369203 0.00774529 0.0158413 0.0220856 0.00652889 0.0319418 0.0069441 0.0190928 0.0238811 0.00672639
0.0231732 0.0362426 0.00981094 0.0362998 0.0194301 0.0434965 0.0089741 0.0203066 0.0392046 0.0231732 0.0362426 0.00981094 0.0244518 0.0362998 0.016769 0.042672 0.010725 0.0215352 0.0336028 0.0194301 0.0501825 0.0100071 0.0168519 0.0362998 0.0225037 0.0434965 0.0089741 0.0203066 0.0392046 0.0231732 0.0362426 0.00981094 0.0244518 0.0362998 0.016769 0.042672 0.010725 0.0215352 0.0336028 0.0194301 0.0501825 0.0100071 0.0168519 0.0362998 0.0225037 0.0434965 0.0089741 0.0203066 0.0392046 0.0231732
0.0210348 0.0818288 0.0128893 0.107867 0.0176308 0.0972856 0.011793 0.0352923 0.11581 0.0210348 0.0818288 0.0128893 0.0423643 0.107867 0.0152123 0.0955433 0.014086 0.037393 0.100406 0.0176308 0.111278 0.0131462 0.0293646 0.107867 0.0204258 0.0972856 0.011793 0.0352923 0.11581 0.0210348 0.0818288 0.0128893 0.0423643 0.107867 0.0152123 0.0955433 0.014086 0.037393 0.100406 0.0176308 0.111278 0.0131462 0.0293646 0.107867 0.0204258 0.0972856 0.011793 0.0352923 0.11581 0.0210348
0.0101037 0.0192387 0.00748362 0.0220266 0.00845339 0.0231712 0.00684393 0.0151537 0.0238174 0.0101037 0.0192387 0.00748362 0.0182667 0.0220266 0.00728448 0.0227228 0.00818262 0.0160757 0.0203676 0.00845339 0.0268205 0.00763365 0.0125644 0.0220266 0.00980802 0.0231712 0.00684393 0.0151537 0.0238174 0.0101037 0.0192387 0.00748362 0.0182667 0.0220266 0.00728448 0.0227228 0.00818262 0.0160757 0.0203676 0.00845339 0.0268205 0.00763365 0.0125644 0.0220266 0.00980802 0.0231712 0.00684393 0.0151537 0.0238174 0.0101037
0.0195754 0.118814 0.0148075 0.150219 0.0164036 0.14019 0.0135503 0.0837819 0.16072 0.0195754 0.118814 0.0148075 0.0995676 0.150219 0.0141511 0.137797 0.0161794 0.0885041 0.14029 0.0164036 0.159265 0.0151021 0.0703034 0.150219 0.0190078 0.14019 0.0135503 0.0837819 0.16072 0.0195754 0.118814 0.0148075 0.0995676 0.150219 0.0141511 0.137797 0.0161794 0.0885041 0.14029 0.0164036 0.159265 0.0151021 0.0703034 0.150219 0.0190078 0.14019 0.0135503 0.0837819 0.16072 0.0195754
0.0122479 0.0614483 0.0110922 0.0849244 0.010251 0.0733631 0.0101472 0.0326781 0.0913513 0.0122479 0.0614483 0.0110922 0.0392476 0.0849244 0.0088357 0.072015 0.0121242 0.0346288 0.0789103 0.010251 0.0842356 0.0113138 0.0271771 0.0849244 0.0118902 0.0733631 0.0101472 0.0326781 0.0913513 0.0122479 0.0614483 0.0110922 0.0392476 0.0849244 0.0088357 0.072015 0.0121242 0.0346288 0.0789103 0.010251 0.0842356 0.0113138 0.0271771 0.0849244 0.0118902 0.0733631 0.0101472 0.0326781 0.0913513 0.0122479
0.0204483 0.139658 0.0155016 0.218446 0.0171376 0.164087 0.0141863 0.0332002 0.232411 0.0204483 0.139658 0.0155016 0.0398704 0.218446 0.0147857 0.161362 0.0169367 0.035181 0.205095 0.0171376 0.18571 0.0158098 0.0276139 0.218446 0.019856 0.164087 0.0141863 0.0332002 0.232411 0.0204483 0.139658 0.0155016 0.0398704 0.218446 0.0147857 0.161362 0.0169367 0.035181 0.205095 0.0171376 0.18571 0.0158098 0.0276139 0.218446 0.019856 0.164087 0.0141863 0.0332002 0.232411 0.0204483
0.0355321 0.283402 0.0231556 0.540448 0.0298536 0.323518 0.0212049 0.0998726 0.560242 0.0355321 0.283402 0.0231556 0.118299 0.540448 0.0258025 0.319157 0.0252811 0.105397 0.520525 0.0298536 0.357174 0.0236123 0.084043 0.540448 0.0345182 0.323518 0.0212049 0.0998726 0.560242 0.0355321 0.283402 0.0231556 0.118299 0.540448 0.0258025 0.319157 0.0252811 0.105397 0.520525 0.0298536 0.357174 0.0236123 0.084043 0.540448 0.0345182 0.323518 0.0212049 0.0998726 0.560242 0.0355321
0.0169117 0.0379068 0.00948861 0.0313335 0.0141653 0.045478 0.00867902 0.020395 0.0338548 0.0169117 0.0379068 0.00948861 0.0245579 0.0313335 0.0122163 0.0446177 0.0103729 0.0216289 0.0289943 0.0141653 0.0524519 0.00967843 0.0169256 0.0313335 0.0164201 0.045478 0.00867902 0.020395 0.0338548 0.0169117 0.0379068 0.00948861 0.0245579 0.0313335 0.0122163 0.0446177 0.0103729 0.0216289 0.0289943 0.0141653 0.0524519 0.00967843 0.0169256 0.0313335 0.0164201 0.045478 0.00867902 0.020395 0.0338548 0.0169117
0.00599224 0.0137062 0.00584726 0.00942335 0.00501008 0.0165268 0.00534669 0.00709163 0.0102002 0.00599224 0.0137062 0.00584726 0.00856284 0.00942335 0.00431523 0.0162049 0.0063944 0.00752685 0.00870516 0.00501008 0.0191502 0.00596468 0.00587169 0.00942335 0.00581617 0.0165268 0.00534669 0.00709163 0.0102002 0.00599224 0.0137062 0.00584726 0.00856284 0.00942335 0.00431523 0.0162049 0.0063944 0.00752685 0.00870516 0.00501008 0.0191502 0.00596468 0.00587169 0.00942335 0.00581617 0.0165268 0.00534669 0.00709163 0.0102002 0.00599224
0.0122312 0.0498389 0.0105864 0.0731976 0.010237 0.0596456 0.00968403 0.0379872 0.0788135 0.0122312 0.0498389 0.0105864 0.0455738 0.0731976 0.00882361 0.0585337 0.0115718 0.0402417 0.0679523 0.010237 0.0686358 0.0107979 0.0316218 0.0731976 0.011874 0.0596456 0.00968403 0.0379872 0.0788135 0.0122312 0.0498389 0.0105864 0.0455738 0.0731976 0.00882361 0.0585337 0.0115718 0.0402417 0.0679523 0.010237 0.0686358 0.0107979 0.0316218 0.0731976 0.011874 0.0596456 0.00968403 0.0379872 0.0788135 0.0122312
0.00989128 0.018554 0.00718266 0.0151577 0.00827538 0.0223497 0.00656852 0.0181734 0.0163995 0.00989128 0.018554 0.00718266 0.0218929 0.0151577 0.0071309 0.0219168 0.00785377 0.0192755 0.0140087 0.00827538 0.0258731 0.0073267 0.0150761 0.0151577 0.00960176 0.0223497 0.00656852 0.0181734 0.0163995 0.00989128 0.018554 0.00718266 0.0218929 0.0151577 0.0071309 0.0219168 0.00785377 0.0192755 0.0140087 0.00827538 0.0258731 0.0073267 0.0150761 0.0151577 0.00960176 0.0223497 0.00656852 0.0181734 0.0163995 0.00989128
0.0115271 0.0905032 0.0121188 0.142488 0.00964659 0.107407 0.0110873 0.0131812 0.152545 0.0115271 0.0905032 0.0121188 0.0158955 0.142488 0.00831407 0.105505 0.0132449 0.0139848 0.13299 0.00964659 0.122657 0.0123606 0.0109252 0.142488 0.0111903 0.107407 0.0110873 0.0131812 0.152545 0.0115271 0.0905032 0.0121188 0.0158955 0.142488 0.00831407 0.105505 0.0132449 0.0139848 0.13299 0.00964659 0.122657 0.0123606 0.0109252 0.142488 0.0111903 0.107407 0.0110873 0.0131812 0.152545 0.0115271
0.0207631 0.0867 0.013384 0.143329 0.0174024 0.102974 0.0122462 0.0285896 0.153435 0.0207631 0.0867 0.013384 0.0343663 0.143329 0.0150147 0.101141 0.014626 0.0303039 0.133783 0.0174024 0.117677 0.0136507 0.0237599 0.143329 0.0201619 0.102974 0.0122462 0.0285896 0.153435 0.0207631 0.0867 0.013384 0.0343663 0.143329 0.0150147 0.101141 0.014626 0.0303039 0.133783 0.0174024 0.117677 0.0136507 0.0237599 0.143329 0.0201619 0.102974 0.0122462 0.0285896 0.153435 0.0207631
0.0303395 0.0716032 0.0127045 0.0725282 0.025469 0.085308 0.0116237 0.0311151 0.0780971 0.0303395 0.0716032 0.0127045 0.0373826 0.0725282 0.0219994 0.0837603 0.0138843 0.0329757 0.0673274 0.025469 0.097764 0.0129578 0.0258702 0.0725282 0.0294693 0.085308 0.0116237 0.0311151 0.0780971 0.0303395 0.0716032 0.0127045 0.0373826 0.0725282 0.0219994 0.0837603 0.0138843 0.0329757 0.0673274 0.025469 0.097764 0.0129578 0.0258702 0.0725282 0.0294693 0.085308 0.0116237 0.0311151 0.0780971 0.0303395
0.0218238 0.141671 0.0152987 0.231478 0.0182945 0.166383 0.0140004 0.0199335 0.246014 0.0218238 0.141671 0.0152987 0.0240045 0.231478 0.0157865 0.163628 0.0167154 0.0211401 0.217553 0.0182945 0.188241 0.015603 0.0165413 0.231478 0.0211925 0.166383 0.0140004 0.0199335 0.246014 0.0218238 0.141671 0.0152987 0.0240045 0.231478 0.0157865 0.163628 0.0167154 0.0211401 0.217553 0.0182945 0.188241 0.015603 0.0165413 0.231478 0.0211925 0.166383 0.0140004 0.0199335 0.246014 0.0218238
0.011348 0.027481 0.00822378 0.0313235 0.00949643 0.0330414 0.00752129 0.0125848 0.0338441 0.011348 0.027481 0.00822378 0.0151782 0.0313235 0.00818448 0.0324084 0.00899128 0.0133526 0.0289851 0.00949643 0.0381845 0.00838851 0.0104298 0.0313235 0.0110163 0.0330414 0.00752129 0.0125848 0.0338441 0.011348 0.027481 0.00822378 0.0151782 0.0313235 0.00818448 0.0324084 0.00899128 0.0133526 0.0289851 0.00949643 0.0381845 0.00838851 0.0104298 0.0313235 0.0110163 0.0330414 0.00752129 0.0125848 0.0338441 0.011348
0.0148604 0.0879928 0.012848 0.138637 0.0124429 0.104482 0.0117551 0.026469 0.14847 0.0148604 0.0879928 0.012848 0.0318313 0.138637 0.0107283 0.102625 0.0140409 0.0280598 0.129357 0.0124429 0.119372 0.0131041 0.0219895 0.138637 0.0144276 0.104482 0.0117551 0.026469 0.14847 0.0148604 0.0879928 0.012848 0.0318313 0.138637 0.0107283 0.102625 0.0140409 0.0280598 0.129357 0.0124429 0.119372 0.0131041 0.0219895 0.138637 0.0144276 0.104482 0.0117551 0.026469 0.14847 0.0148604
0.0219659 0.312278 0.0216652 0.504812 0.0184141 0.35446 0.0198375 0.0589682 0.524792 0.0219659 0.312278 0.0216652 0.0704382 0.504812 0.0158899 0.349897 0.0236573 0.0623871 0.484817 0.0184141 0.389482 0.0220932 0.049267 0.504812 0.0213306 0.35446 0.0198375 0.0589682 0.524792 0.0219659 0.312278 0.0216652 0.0704382 0.504812 0.0158899 0.349897 0.0236573 0.0623871 0.484817 0.0184141 0.389482 0.0220932 0.049267 0.504812 0.0213306 0.35446 0.0198375 0.0589682 0.524792 0.0219659
0.00923084 0.0696379 0.0106558 0.0771175 0.00772199 0.0830001 0.00974756 0.0153326 0.0830073 0.00923084 0.0696379 0.0106558 0.0184817 0.0771175 0.00665353 0.0814905 0.0116476 0.0162653 0.071613 0.00772199 0.0951542 0.0108687 0.0127132 0.0771175 0.00896047 0.0830001 0.00974756 0.0153326 0.0830073 0.00923084 0.0696379 0.0106558 0.0184817 0.0771175 0.00665353 0.0814905 0.0116476 0.0162653 0.071613 0.00772199 0.0951542 0.0108687 0.0127132 0.0771175 0.00896047 0.0830001 0.00974756 0.0153326 0.0830073 0.00923084
0.0317928 0.0650764 0.0128715 0.116284 0.0266954 0.0776365 0.0117767 0.0295439 0.12476 0.0317928 0.0650764 0.0128715 0.0355064 0.116284 0.0230627 0.0762163 0.0140666 0.0313136 0.108312 0.0266954 0.0890815 0.0131281 0.0245571 0.116284 0.0308822 0.0776365 0.0117767 0.0295439 0.12476 0.0317928 0.0650764 0.0128715 0.0355064 0.116284 0.0230627 0.0762163 0.0140666 0.0313136 0.108312 0.0266954 0.0890815 0.0131281 0.0245571 0.116284 0.0308822 0.0776365 0.0117767 0.0295439 0.12476 0.0317928
0.00712001 0.0119413 0.00591502 0.00910214 0.00595411 0.014404 0.00540867 0.0104526 0.00985276 0.00712001 0.0119413 0.00591502 0.0126122 0.00910214 0.00512901 0.0141229 0.00646845 0.0110917 0.00840822 0.00595411 0.0166962 0.00603379 0.0086595 0.00910214 0.00691103 0.014404 0.00540867 0.0104526 0.00985276 0.00712001 0.0119413 0.00591502 0.0126122 0.00910214 0.00512901 0.0141229 0.00646845 0.0110917 0.00840822 0.00595411 0.0166962 0.00603379 0.0086595 0.00910214 0.00691103 0.014404 0.00540867 0.0104526 0.00985276 0.00712001
0.0175283 0.0921906 0.0131899 0.110565 0.0146832 0.109372 0.0120683 0.0425308 0.11868 0.0175283 0.0921906 0.0131899 0.0509767 0.110565 0.0126639 0.107439 0.0144141 0.0450423 0.102939 0.0146832 0.124862 0.0134527 0.035432 0.110565 0.0170191 0.109372 0.0120683 0.0425308 0.11868 0.0175283 0.0921906 0.0131899 0.0509767 0.110565 0.0126639 0.107439 0.0144141 0.0450423 0.102939 0.0146832 0.124862 0.0134527 0.035432 0.110565 0.0170191 0.109372 0.0120683 0.0425308 0.11868 0.0175283
0.0323198 0.27624 0.0212254 0.447592 0.0271403 0.315789 0.0194341 0.0508554 0.467445 0.0323198 0.27624 0.0212254 0.0608494 0.447592 0.0234485 0.311484 0.023178 0.0538309 0.427905 0.0271403 0.349056 0.0216449 0.0424287 0.447592 0.0313946 0.315789 0.0194341 0.0508554 0.467445 0.0323198 0.27624 0.0212254 0.0608494 0.447592 0.0234485 0.311484 0.023178 0.0538309 0.427905 0.0271403 0.349056 0.0216449 0.0424287 0.447592 0.0313946 0.315789 0.0194341 0.0508554 0.467445 0.0323198
0.0249353 0.164609 0.017211 0.307464 0.0209136 0.192426 0.015753 0.0502685 0.324756 0.0249353 0.164609 0.017211 0.0601544 0.307464 0.0180531 0.189337 0.0188014 0.0532115 0.290697 0.0209136 0.216815 0.0175526 0.0419347 0.307464 0.0242162 0.192426 0.015753 0.0502685 0.324756 0.0249353 0.164609 0.017211 0.0601544 0.307464 0.0180531 0.189337 0.0188014 0.0532115 0.290697 0.0209136 0.216815 0.0175526 0.0419347 0.307464 0.0242162 0.192426 0.015753 0.0502685 0.324756 0.0249353
0.00519218 0.00967838 0.0052386 0.00607776 0.00434058 0.0116799 0.00478988 0.00998948 0.00658063 0.00519218 0.00967838 0.0052386 0.0120546 0.00607776 0.00373824 0.0114513 0.00572911 0.0106006 0.0056131 0.00434058 0.0135445 0.00534386 0.00827519 0.00607776 0.0050395 0.0116799 0.00478988 0.00998948 0.00658063 0.00519218 0.00967838 0.0052386 0.0120546 0.00607776 0.00373824 0.0114513 0.00572911 0.0106006 0.0056131 0.00434058 0.0135445 0.00534386 0.00827519 0.00607776 0.0050395 0.0116799 0.00478988 0.00998948 0.00658063 0.00519218
0.0142302 0.0359158 0.00951473 0.0485165 0.011914 0.0431073 0.00870294 0.0236946 0.0523458 0.0142302 0.0359158 0.00951473 0.0285113 0.0485165 0.0102715 0.0422898 0.0104015 0.0251229 0.0449541 0.011914 0.0497365 0.00970508 0.0196751 0.0485165 0.0138154 0.0431073 0.00870294 0.0236946 0.0523458 0.0142302 0.0359158 0.00951473 0.0285113 0.0485165 0.0102715 0.0422898 0.0104015 0.0251229 0.0449541 0.011914 0.0497365 0.00970508 0.0196751 0.0485165 0.0138154 0.0431073 0.00870294 0.0236946 0.0523458 0.0142302
0.0128315 0.0141775 0.00694523 0.00946 0.0107405 0.0170934 0.00635126 0.0287634 0.0102398 0.0128315 0.0141775 0.00694523 0.034574 0.00946 0.00925825 0.0167606 0.00759433 0.0304878 0.00873904 0.0107405 0.0198049 0.00708454 0.0239051 0.00946 0.012457 0.0170934 0.00635126 0.0287634 0.0102398 0.0128315 0.0141775 0.00694523 0.034574 0.00946 0.00925825 0.0167606 0.00759433 0.0304878 0.00873904 0.0107405 0.0198049 0.00708454 0.0239051 0.00946 0.012457 0.0170934 0.00635126 0.0287634 0.0102398 0.0128315
0.028806 0.413992 0.0246835 0.626054 0.0241755 0.46071 0.022607 0.0293575 0.644586 0.028806 0.413992 0.0246835 0.0352838 0.626054 0.0208783 0.455745 0.0269454 0.0311164 0.607145 0.0241755 0.498129 0.0251695 0.0244014 0.626054 0.0279784 0.46071 0.022607 0.0293575 0.644586 0.028806 0.413992 0.0246835 0.0352838 0.626054 0.0208783 0.455745 0.0269454 0.0311164 0.607145 0.0241755 0.498129 0.0251695 0.0244014 0.626054 0.0279784 0.46071 0.022607 0.0293575 0.644586 0.028806
0.00745379 0.0345551 0.00835646 0.0367544 0.00623358 0.0414858 0.00764273 0.0184604 0.039694 0.00745379 0.0345551 0.00835646 0.0222373 0.0367544 0.00536995 0.0406978 0.00913623 0.0195795 0.0340247 0.00623358 0.0478782 0.00852383 0.0153149 0.0367544 0.00723509 0.0414858 0.00764273 0.0184604 0.039694 0.00745379 0.0345551 0.00835646 0.0222373 0.0367544 0.00536995 0.0406978 0.00913623 0.0195795 0.0340247 0.00623358 0.0478782 0.00852383 0.0153149 0.0367544 0.00723509 0.0414858 0.00764273 0.0184604 0.039694 0.00745379
0.0189941 0.0497398 0.0109468 0.049525 0.015915 0.0595283 0.0100141 0.0532057 0.0534294 0.0189941 0.0497398 0.0109468 0.0636305 0.049525 0.0137286 0.0584184 0.0119654 0.0563104 0.0458921 0.015915 0.0685021 0.0111655 0.0444078 0.049525 0.0184431 0.0595283 0.0100141 0.0532057 0.0534294 0.0189941 0.0497398 0.0109468 0.0636305 0.049525 0.0137286 0.0584184 0.0119654 0.0563104 0.0458921 0.015915 0.0685021 0.0111655 0.0444078 0.049525 0.0184431 0.0595283 0.0100141 0.0532057 0.0534294 0.0189941
0.0244295 0.0233209 0.00874221 0.0161424 0.0204876 0.0280638 0.00799579 0.0385828 0.0174633 0.0244295 0.0233209 0.00874221 0.0462826 0.0161424 0.0176843 0.0275234 0.00955763 0.0408711 0.0149198 0.0204876 0.0324581 0.00891724 0.0321208 0.0161424 0.0237246 0.0280638 0.00799579 0.0385828 0.0174633 0.0244295 0.0233209 0.00874221 0.0462826 0.0161424 0.0176843 0.0275234 0.00955763 0.0408711 0.0149198 0.0204876 0.0324581 0.00891724 0.0321208 0.0161424 0.0237246 0.0280638 0.00799579 0.0385828 0.0174633 0.0244295
0.0108837 0.0552411 0.0100719 0.059079 0.00910718 0.0660369 0.00921304 0.0130558 0.0636862 0.0108837 0.0552411 0.0100719 0.0157447 0.059079 0.00784858 0.064814 0.01101 0.0138519 0.0547857 0.00910718 0.0759127 0.0102733 0.0108211 0.059079 0.0105655 0.0660369 0.00921304 0.0130558 0.0636862 0.0108837 0.0552411 0.0100719 0.0157447 0.059079 0.00784858 0.064814 0.01101 0.0138519 0.0547857 0.00910718 0.0759127 0.0102733 0.0108211 0.059079 0.0105655 0.0660369 0.00921304 0.0130558 0.0636862 0.0108837
0.0279782 0.145393 0.0163101 0.266866 0.0234775 0.170625 0.0149273 0.0272436 0.282806 0.0279782 0.145393 0.0163101 0.0327576 0.266866 0.0202736 0.167814 0.0178188 0.0288796 0.251508 0.0234775 0.192911 0.0166341 0.0226361 0.266866 0.0271738 0.170625 0.0149273 0.0272436 0.282806 0.0279782 0.145393 0.0163101 0.0327576 0.266866 0.0202736 0.167814 0.0178188 0.0288796 0.251508 0.0234775 0.192911 0.0166341 0.0226361 0.266866 0.0271738 0.170625 0.0149273 0.0272436 0.282806 0.0279782
0.0156078 0.177576 0.0162391 0.244047 0.0130703 0.207041 0.0148622 0.0432499 0.259107 0.0156078 0.177576 0.0162391 0.0518308 0.244047 0.0112703 0.203776 0.0177412 0.0458018 0.229592 0.0130703 0.232748 0.0165617 0.0360356 0.244047 0.0151535 0.207041 0.0148622 0.0432499 0.259107 0.0156078 0.177576 0.0162391 0.0518308 0.244047 0.0112703 0.203776 0.0177412 0.0458018 0.229592 0.0130703 0.232748 0.0165617 0.0360356 0.244047 0.0151535 0.207041 0.0148622 0.0432499 0.259107 0.0156078
0.0250187 0.114177 0.0153606 0.228785 0.0209838 0.134847 0.0140571 0.0447279 0.243205 0.0250187 0.114177 0.0153606 0.0535857 0.228785 0.0181139 0.132531 0.0167829 0.0473628 0.214976 0.0209838 0.153324 0.0156661 0.0372767 0.228785 0.0242972 0.134847 0.0140571 0.0447279 0.243205 0.0250187 0.114177 0.0153606 0.0535857 0.228785 0.0181139 0.132531 0.0167829 0.0473628 0.214976 0.0209838 0.153324 0.0156661 0.0372767 0.228785 0.0242972 0.134847 0.0140571 0.0447279 0.243205 0.0250187
0.0126257 0.0150419 0.00670162 0.00995732 0.0105678 0.0181324 0.00612836 0.0102987 0.0107777 0.0126257 0.0150419 0.00670162 0.0124269 0.00995732 0.00910924 0.0177797 0.00732812 0.0109286 0.0091988 0.0105678 0.0210052 0.00683608 0.00853182 0.00995732 0.0122571 0.0181324 0.00612836 0.0102987 0.0107777 0.0126257 0.0150419 0.00670162 0.0124269 0.00995732 0.00910924 0.0177797 0.00732812 0.0109286 0.0091988 0.0105678 0.0210052 0.00683608 0.00853182 0.00995732 0.0122571 0.0181324 0.00612836 0.0102987 0.0107777 0.0126257
0.0162113 0.0313616 0.00912545 0.0409552 0.0135771 0.0376768 0.00834659 0.0178219 0.0442154 0.0162113 0.0313616 0.00912545 0.021471 0.0409552 0.011708 0.0369583 0.00997626 0.0189031 0.0379259 0.0135771 0.0435089 0.00930808 0.0147835 0.0409552 0.0157397 0.0376768 0.00834659 0.0178219 0.0442154 0.0162113 0.0313616 0.00912545 0.021471 0.0409552 0.011708 0.0369583 0.00997626 0.0189031 0.0379259 0.0135771 0.0435089 0.00930808 0.0147835 0.0409552 0.0157397 0.0376768 0.00834659 0.0178219 0.0442154 0.0162113
0.0092738 0.0191013 0.00723359 0.0204033 0.00775798 0.0230063 0.00661513 0.0138964 0.0220651 0.0092738 0.0191013 0.00723359 0.0167555 0.0204033 0.00668458 0.022561 0.00790943 0.014743 0.0188642 0.00775798 0.0266304 0.00737864 0.0115195 0.0204033 0.00900219 0.0230063 0.00661513 0.0138964 0.0220651 0.0092738 0.0191013 0.00723359 0.0167555 0.0204033 0.00668458 0.022561 0.00790943 0.014743 0.0188642 0.00775798 0.0266304 0.00737864 0.0115195 0.0204033 0.00900219 0.0230063 0.00661513 0.0138964 0.0220651 0.0092738
0.0160633 0.0450314 0.0101213 0.056079 0.0134528 0.0539459 0.00925826 0.0153137 0.0604672 0.0160633 0.0450314 0.0101213 0.018459 0.056079 0.0116006 0.0529343 0.011064 0.0162453 0.0519916 0.0134528 0.0621338 0.0103237 0.0126975 0.056079 0.0155959 0.0539459 0.00925826 0.0153137 0.0604672 0.0160633 0.0450314 0.0101213 0.018459 0.056079 0.0116006 0.0529343 0.011064 0.0162453 0.0519916 0.0134528 0.0621338 0.0103237 0.0126975 0.056079 0.0155959 0.0539459 0.00925826 0.0153137 0.0604672 0.0160633
0.0137739 0.12172 0.0138858 0.20403 0.0115311 0.143534 0.0127059 0.0238649 0.21733 0.0137739 0.12172 0.0138858 0.0287153 0.20403 0.00994085 0.141093 0.0151737 0.0253033 0.191345 0.0115311 0.162977 0.0141624 0.0198172 0.20403 0.0133722 0.143534 0.0127059 0.0238649 0.21733 0.0137739 0.12172 0.0138858 0.0287153 0.20403 0.00994085 0.141093 0.0151737 0.0253033 0.191345 0.0115311 0.162977 0.0141624 0.0198172 0.20403 0.0133722 0.143534 0.0127059 0.0238649 0.21733 0.0137739
0.0155407 0.0584067 0.0108976 0.0593888 0.013014 0.0697755 0.00996904 0.025311 0.0640184 0.0155407 0.0584067 0.0108976 0.0304461 0.0593888 0.0112216 0.0684885 0.0119117 0.0268342 0.0550742 0.013014 0.0801624 0.0111153 0.0210232 0.0593888 0.0150884 0.0697755 0.00996904 0.025311 0.0640184 0.0155407 0.0584067 0.0108976 0.0304461 0.0593888 0.0112216 0.0684885 0.0119117 0.0268342 0.0550742 0.013014 0.0801624 0.0111153 0.0210232 0.0593888 0.0150884 0.0697755 0.00996904 0.025311 0.0640184 0.0155407
0.0440495 0.246546 0.0213934 0.376813 0.0370621 0.28351 0.0195881 0.0589658 0.395776 0.0440495 0.246546 0.0213934 0.0704353 0.376813 0.0320652 0.279465 0.023361 0.0623846 0.35822 0.0370621 0.314942 0.0218161 0.049265 0.376813 0.0428033 0.28351 0.0195881 0.0589658 0.395776 0.0440495 0.246546 0.0213934 0.0704353 0.376813 0.0320652 0.279465 0.023361 0.0623846 0.35822 0.0370621 0.314942 0.0218161 0.049265 0.376813 0.0428033 0.28351 0.0195881 0.0589658 0.395776 0.0440495
0.0128997 0.0643479 0.0109857 0.0668087 0.0107977 0.0767788 0.0100497 0.0292521 0.0719726 0.0128997 0.0643479 0.0109857 0.0351579 0.0668087 0.00930767 0.0753731 0.0120079 0.0310049 0.0619907 0.0107977 0.0881094 0.0112052 0.0243133 0.0668087 0.0125233 0.0767788 0.0100497 0.0292521 0.0719726 0.0128997 0.0643479 0.0109857 0.0351579 0.0668087 0.00930767 0.0753731 0.0120079 0.0310049 0.0619907 0.0107977 0.0881094 0.0112052 0.0243133 0.0668087 0.0125233 0.0767788 0.0100497 0.0292521 0.0719726 0.0128997
0.012155 0.0311251 0.00877027 0.031549 0.0101731 0.0373945 0.00802148 0.026302 0.034087 0.012155 0.0311251 0.00877027 0.0316316 0.031549 0.00876848 0.0366812 0.00958828 0.0278831 0.0291942 0.0101731 0.0431849 0.00894585 0.0218501 0.031549 0.0118 0.0373945 0.00802148 0.026302 0.034087 0.012155 0.0311251 0.00877027 0.0316316 0.031549 0.00876848 0.0366812 0.00958828 0.0278831 0.0291942 0.0101731 0.0431849 0.00894585 0.0218501 0.031549 0.0118 0.0373945 0.00802148 0.026302 0.034087 0.012155
0.0250034 0.24014 0.0193981 0.428438 0.020971 0.276496 0.0177582 0.0309282 0.44813 0.0250034 0.24014 0.0193981 0.0371595 0.428438 0.0181028 0.272513 0.0211862 0.0327781 0.408969 0.020971 0.307483 0.0197823 0.025714 0.428438 0.0242824 0.276496 0.0177582 0.0309282 0.44813 0.0250034 0.24014 0.0193981 0.0371595 0.428438 0.0181028 0.272513 0.0211862 0.0327781 0.408969 0.020971 0.307483 0.0197823 0.025714 0.428438 0.0242824 0.276496 0.0177582 0.0309282 0.44813 0.0250034
0.00969685 0.028576 0.00812571 0.0229588 0.00811245 0.0343501 0.00743153 0.0185587 0.0248235 0.00969685 0.028576 0.00812571 0.0223553 0.0229588 0.00699035 0.0336929 0.00888414 0.0196837 0.0212311 0.00811245 0.0396885 0.0082885 0.0153967 0.0229588 0.00941297 0.0343501 0.00743153 0.0185587 0.0248235 0.00969685 0.028576 0.00812571 0.0223553 0.0229588 0.00699035 0.0336929 0.00888414 0.0196837 0.0212311 0.00811245 0.0396885 0.0082885 0.0153967 0.0229588 0.00941297 0.0343501 0.00743153 0.0185587 0.0248235 0.00969685
0.0359413 0.0777714 0.0139557 0.0924463 0.0301995 0.092539 0.0127699 0.0686166 0.0993807 0.0359413 0.0777714 0.0139557 0.0818002 0.0924463 0.0261028 0.0908732 0.0152499 0.0725518 0.0859496 0.0301995 0.105929 0.0142336 0.057425 0.0924463 0.0349162 0.092539 0.0127699 0.0686166 0.0993807 0.0359413 0.0777714 0.0139557 0.0818002 0.0924463 0.0261028 0.0908732 0.0152499 0.0725518 0.0859496 0.0301995 0.105929 0.0142336 0.057425 0.0924463 0.0349162 0.092539 0.0127699 0.0686166 0.0993807 0.0359413
0.0209212 0.0588117 0.0113323 0.0743173 0.0175353 0.0702534 0.0103671 0.0178639 0.0800117 0.0209212 0.0588117 0.0113323 0.0215215 0.0743173 0.0151297 0.0689582 0.0123863 0.0189476 0.0689978 0.0175353 0.0807053 0.0115586 0.0148185 0.0743173 0.0203155 0.0702534 0.0103671 0.0178639 0.0800117 0.0209212 0.0588117 0.0113323 0.0215215 0.0743173 0.0151297 0.0689582 0.0123863 0.0189476 0.0689978 0.0175353 0.0807053 0.0115586 0.0148185 0.0743173 0.0203155 0.0702534 0.0103671 0.0178639 0.0800117 0.0209212
0.0241412 0.258087 0.018967 0.389246 0.0202449 0.296101 0.0173628 0.0176149 0.408424 0.0241412 0.258087 0.018967 0.0212226 0.389246 0.0174742 0.29195 0.0207162 0.0186838 0.370404 0.0202449 0.328289 0.0193427 0.0146114 0.389246 0.0234444 0.296101 0.0173628 0.0176149 0.408424 0.0241412 0.258087 0.018967 0.0212226 0.389246 0.0174742 0.29195 0.0207162 0.0186838 0.370404 0.0202449 0.328289 0.0193427 0.0146114 0.389246 0.0234444 0.296101 0.0173628 0.0176149 0.408424 0.0241412
0.0220509 0.102208 0.013867 0.155896 0.0184856 0.121007 0.0126886 0.0259818 0.166716 0.0220509 0.102208 0.013867 0.0312486 0.155896 0.0159518 0.118896 0.0151531 0.0275442 0.145656 0.0184856 0.13789 0.0141431 0.0215829 0.155896 0.0214132 0.121007 0.0126886 0.0259818 0.166716 0.0220509 0.102208 0.013867 0.0312486 0.155896 0.0159518 0.118896 0.0151531 0.0275442 0.145656 0.0184856 0.13789 0.0141431 0.0215829 0.155896 0.0214132 0.121007 0.0126886 0.0259818 0.166716 0.0220509
0.0454885 0.543142 0.032816 0.813464 0.038282 0.589766 0.0300765 0.117215 0.8253 0.0454885 0.543142 0.032816 0.138348 0.813464 0.0331263 0.584918 0.0357958 0.123567 0.80102 0.038282 0.625509 0.0334567 0.0989384 0.813464 0.0442035 0.589766 0.0300765 0.117215 0.8253 0.0454885 0.543142 0.032816 0.138348 0.813464 0.0331263 0.584918 0.0357958 0.123567 0.80102 0.038282 0.625509 0.0334567 0.0989384 0.813464 0.0442035 0.589766 0.0300765 0.117215 0.8253 0.0454885
0.0145013 0.0629226 0.0111912 0.0800724 0.0121415 0.0751003 0.0102378 0.0219296 0.0861667 0.0145013 0.0629226 0.0111912 0.0263972 0.0800724 0.010468 0.0737229 0.0122322 0.0232541 0.074374 0.0121415 0.0862064 0.0114147 0.018204 0.0800724 0.0140788 0.0751003 0.0102378 0.0219296 0.0861667 0.0145013 0.0629226 0.0111912 0.0263972 0.0800724 0.010468 0.0737229 0.0122322 0.0232541 0.074374 0.0121415 0.0862064 0.0114147 0.018204 0.0800724 0.0140788 0.0751003 0.0102378 0.0219296 0.0861667 0.0145013
0.018543 0.167996 0.0168525 0.332652 0.0155358 0.196251 0.0154244 0.0417689 0.350643 0.018543 0.167996 0.0168525 0.0500714 0.332652 0.0134008 0.193115 0.0184104 0.0442375 0.315136 0.0155358 0.220992 0.0171871 0.0347926 0.332652 0.0180048 0.196251 0.0154244 0.0417689 0.350643 0.018543 0.167996 0.0168525 0.0500714 0.332652 0.0134008 0.193115 0.0184104 0.0442375 0.315136 0.0155358 0.220992 0.0171871 0.0347926 0.332652 0.0180048 0.196251 0.0154244 0.0417689 0.350643 0.018543
0.0108741 0.0249717 0.00771727 0.0180079 0.00909911 0.03004 0.00705774 0.0112396 0.0194786 0.0108741 0.0249717 0.00771727 0.0135596 0.0180079 0.00784162 0.0294627 0.0084379 0.0119263 0.0166465 0.00909911 0.0347326 0.00787194 0.0093128 0.0180079 0.0105561 0.03004 0.00705774 0.0112396 0.0194786 0.0108741 0.0249717 0.00771727 0.0135596 0.0180079 0.00784162 0.0294627 0.0084379 0.0119263 0.0166465 0.00909911 0.0347326 0.00787194 0.0093128 0.0180079 0.0105561 0.03004 0.00705774 0.0112396 0.0194786 0.0108741
0.0186793 0.0225477 0.00820523 0.014961 0.0156504 0.0271378 0.00750431 0.0231342 0.0161869 0.0186793 0.0225477 0.00820523 0.0278402 0.014961 0.0134999 0.0266147 0.00897102 0.0245296 0.0138267 0.0156504 0.0313917 0.0083696 0.0192079 0.014961 0.0181373 0.0271378 0.00750431 0.0231342 0.0161869 0.0186793 0.0225477 0.00820523 0.0278402 0.014961 0.0134999 0.0266147 0.00897102 0.0245296 0.0138267 0.0156504 0.0313917 0.0083696 0.0192079 0.014961 0.0181373 0.0271378 0.00750431 0.0231342 0.0161869 0.0186793
0.00984027 0.069448 0.0110688 0.0766304 0.00823263 0.0827771 0.0101258 0.0399117 0.0824863 0.00984027 0.069448 0.0110688 0.0478635 0.0766304 0.00709403 0.0812712 0.0120986 0.0422754 0.071158 0.00823263 0.0949019 0.0112899 0.0332349 0.0766304 0.00955223 0.0827771 0.0101258 0.0399117 0.0824863 0.00984027 0.069448 0.0110688 0.0478635 0.0766304 0.00709403 0.0812712 0.0120986 0.0422754 0.071158 0.00823263 0.0949019 0.0112899 0.0332349 0.0766304 0.00955223 0.0827771 0.0101258 0.0399117 0.0824863 0.00984027
0.0255724 0.0411904 0.0106609 0.0541056 0.0214502 0.0493839 0.00975226 0.0303921 0.0583489 0.0255724 0.0411904 0.0106609 0.0365194 0.0541056 0.0185177 0.0484534 0.0116532 0.0322109 0.0501544 0.0214502 0.056921 0.0108739 0.0252659 0.0541056 0.0248354 0.0493839 0.00975226 0.0303921 0.0583489 0.0255724 0.0411904 0.0106609 0.0365194 0.0541056 0.0185177 0.0484534 0.0116532 0.0322109 0.0501544 0.0214502 0.056921 0.0108739 0.0252659 0.0541056 0.0248354 0.0493839 0.00975226 0.0303921 0.0583489 0.0255724
0.0198725 0.141585 0.0154214 0.215902 0.0166535 0.166285 0.0141128 0.0365 0.229753 0.0198725 0.141585 0.0154214 0.0438031 0.215902 0.0143671 0.163531 0.0168492 0.0386698 0.202667 0.0166535 0.188133 0.015728 0.0303759 0.215902 0.0192965 0.166285 0.0141128 0.0365 0.229753 0.0198725 0.141585 0.0154214 0.0438031 0.215902 0.0143671 0.163531 0.0168492 0.0386698 0.202667 0.0166535 0.188133 0.015728 0.0303759 0.215902 0.0192965 0.166285 0.0141128 0.0365 0.229753 0.0198725
0.00740016 0.0385461 0.00848051 0.048837 0.00618868 0.0462389 0.00775626 0.00721419 0.0526901 0.00740016 0.0385461 0.00848051 0.00871061 0.048837 0.00533124 0.0453648 0.00927175 0.00765687 0.0452521 0.00618868 0.0533229 0.00865034 0.0059733 0.048837 0.00718302 0.0462389 0.00775626 0.00721419 0.0526901 0.00740016 0.0385461 0.00848051 0.00871061 0.048837 0.00533124 0.0453648 0.00927175 0.00765687 0.0452521 0.00618868 0.0533229 0.00865034 0.0059733 0.048837 0.00718302 0.0462389 0.00775626 0.00721419 0.0526901 0.00740016
0.0432273 0.264116 0.0225202 0.530957 0.0363654 0.302655 0.0206219 0.0532478 0.550821 0.0432273 0.264116 0.0225202 0.0636803 0.530957 0.0314594 0.298451 0.0245889 0.0563549 0.510995 0.0363654 0.335217 0.0229647 0.0444432 0.530957 0.0420034 0.302655 0.0206219 0.0532478 0.550821 0.0432273 0.264116 0.0225202 0.0636803 0.530957 0.0314594 0.298451 0.0245889 0.0563549 0.510995 0.0363654 0.335217 0.0229647 0.0444432 0.530957 0.0420034 0.302655 0.0206219 0.0532478 0.550821 0.0432273
0.00768133 0.019325 0.00699613 0.0148879 0.00642411 0.0232747 0.00639783 0.0177807 0.0161079 0.00768133 0.019325 0.00699613 0.0214216 0.0148879 0.00553424 0.0228243 0.00764994 0.0188594 0.013759 0.00642411 0.0269398 0.00713645 0.0147493 0.0148879 0.00745601 0.0232747 0.00639783 0.0177807 0.0161079 0.00768133 0.019325 0.00699613 0.0214216 0.0148879 0.00553424 0.0228243 0.00764994 0.0188594 0.013759 0.00642411 0.0269398 0.00713645 0.0147493 0.0148879 0.00745601 0.0232747 0.00639783 0.0177807 0.0161079 0.00768133
0.0153884 0.0488215 0.0104337 0.0565147 0.0128862 0.0584404 0.00954429 0.030588 0.0609348 0.0153884 0.0488215 0.0104337 0.0367533 0.0565147 0.0111112 0.0573496 0.0114051 0.0324182 0.0523973 0.0128862 0.0672619 0.0106423 0.0254296 0.0565147 0.0149404 0.0584404 0.00954429 0.030588 0.0609348 0.0153884 0.0488215 0.0104337 0.0367533 0.0565147 0.0111112 0.0573496 0.0114051 0.0324182 0.0523973 0.0128862 0.0672619 0.0106423 0.0254296 0.0565147 0.0149404 0.0584404 0.00954429 0.030588 0.0609348 0.0153884
0.0137386 0.0912308 0.01227 0.144004 0.0115015 0.108254 0.0112258 0.0107371 0.154149 0.0137386 0.0912308 0.01227 0.0129547 0.144004 0.00991528 0.106339 0.01341 0.0113934 0.134421 0.0115015 0.123608 0.0125148 0.00889564 0.144004 0.013338 0.108254 0.0112258 0.0107371 0.154149 0.0137386 0.0912308 0.01227 0.0129547 0.144004 0.00991528 0.106339 0.01341 0.0113934 0.134421 0.0115015 0.123608 0.0125148 0.00889564 0.144004 0.013338 0.108254 0.0112258 0.0107371 0.154149 0.0137386
0.00780499 0.0385055 0.008711 0.0534904 0.00652767 0.0461906 0.00796723 0.0105464 0.0576884 0.00780499 0.0385055 0.008711 0.0127251 0.0534904 0.00562353 0.0453174 0.00952354 0.0111912 0.0495817 0.00652767 0.0532676 0.00888541 0.00873738 0.0534904 0.00757606 0.0461906 0.00796723 0.0105464 0.0576884 0.00780499 0.0385055 0.008711 0.0127251 0.0534904 0.00562353 0.0453174 0.00952354 0.0111912 0.0495817 0.00652767 0.0532676 0.00888541 0.00873738 0.0534904 0.00757606 0.0461906 0.00796723 0.0105464 0.0576884 0.00780499
0.0282002 0.0748181 0.0130378 0.0820627 0.0236647 0.0890792 0.011929 0.0523589 0.088294 0.0282002 0.0748181 0.0130378 0.0626288 0.0820627 0.0204358 0.0874696 0.0142481 0.0554171 0.0762344 0.0236647 0.102024 0.0132977 0.0436945 0.0820627 0.0273896 0.0890792 0.011929 0.0523589 0.088294 0.0282002 0.0748181 0.0130378 0.0626288 0.0820627 0.0204358 0.0874696 0.0142481 0.0554171 0.0762344 0.0236647 0.102024 0.0132977 0.0436945 0.0820627 0.0273896 0.0890792 0.011929 0.0523589 0.088294 0.0282002
0.0128806 0.0221403 0.00777944 0.0171236 0.0107817 0.0266497 0.00711464 0.0182562 0.0185233 0.0128806 0.0221403 0.00777944 0.0219923 0.0171236 0.00929382 0.0261358 0.00850584 0.0193633 0.0158279 0.0107817 0.0308296 0.00793535 0.015145 0.0171236 0.0125047 0.0266497 0.00711464 0.0182562 0.0185233 0.0128806 0.0221403 0.00777944 0.0219923 0.0171236 0.00929382 0.0261358 0.00850584 0.0193633 0.0158279 0.0107817 0.0308296 0.00793535 0.015145 0.0171236 0.0125047 0.0266497 0.00711464 0.0182562 0.0185233 0.0128806
0.0315338 0.113442 0.0154517 0.194498 0.0264768 0.133999 0.0141406 0.0336856 0.207339 0.0315338 0.113442 0.0154517 0.0404492 0.194498 0.0228731 0.131695 0.0168823 0.0356943 0.18227 0.0264768 0.15238 0.0157589 0.02802 0.194498 0.0306304 0.133999 0.0141406 0.0336856 0.207339 0.0315338 0.113442 0.0154517 0.0404492 0.194498 0.0228731 0.131695 0.0168823 0.0356943 0.18227 0.0264768 0.15238 0.0157589 0.02802 0.194498 0.0306304 0.133999 0.0141406 0.0336856 0.207339 0.0315338
0.0110648 0.045969 0.00957597 0.0503768 0.00925897 0.0550584 0.008759 0.0171616 0.0543445 0.0110648 0.045969 0.00957597 0.0206784 0.0503768 0.00797956 0.0540271 0.0104683 0.0182035 0.0466845 0.00925897 0.0634038 0.00976753 0.0142342 0.0503768 0.0107413 0.0550584 0.008759 0.0171616 0.0543445 0.0110648 0.045969 0.00957597 0.0206784 0.0503768 0.00797956 0.0540271 0.0104683 0.0182035 0.0466845 0.00925897 0.0634038 0.00976753 0.0142342 0.0503768 0.0107413 0.0550584 0.008759 0.0171616 0.0543445 0.0110648
0.0144951 0.0199587 0.00775242 0.0227089 0.0121363 0.0240347 0.00708991 0.0125554 0.0245538 0.0144951 0.0199587 0.00775242 0.0151429 0.0227089 0.0104635 0.02357 0.00847631 0.0133215 0.0209996 0.0121363 0.0278161 0.00790779 0.0104054 0.0227089 0.0140728 0.0240347 0.00708991 0.0125554 0.0245538 0.0144951 0.0199587 0.00775242 0.0151429 0.0227089 0.0104635 0.02357 0.00847631 0.0133215 0.0209996 0.0121363 0.0278161 0.00790779 0.0104054 0.0227089 0.0140728 0.0240347 0.00708991 0.0125554 0.0245538 0.0144951
0.0162026 0.0345962 0.00933362 0.0343543 0.0135698 0.0415348 0.00853715 0.02058 0.0371094 0.0162026 0.0345962 0.00933362 0.0247797 0.0343543 0.0117017 0.0407458 0.0102036 0.0218249 0.031797 0.0135698 0.0479343 0.00952038 0.0170797 0.0343543 0.0157313 0.0415348 0.00853715 0.02058 0.0371094 0.0162026 0.0345962 0.00933362 0.0247797 0.0343543 0.0117017 0.0407458 0.0102036 0.0218249 0.031797 0.0135698 0.0479343 0.00952038 0.0170797 0.0343543 0.0157313 0.0415348 0.00853715 0.02058 0.0371094 0.0162026
0.0147128 0.0976724 0.0128268 0.116134 0.012319 0.115745 0.0117358 0.0293687 0.124602 0.0147128 0.0976724 0.0128268 0.0352972 0.116134 0.0106213 0.113714 0.0140178 0.0311282 0.108171 0.012319 0.132004 0.0130825 0.0244108 0.116134 0.0142842 0.115745 0.0117358 0.0293687 0.124602 0.0147128 0.0976724 0.0128268 0.0352972 0.116134 0.0106213 0.113714 0.0140178 0.0311282 0.108171 0.012319 0.132004 0.0130825 0.0244108 0.116134 0.0142842 0.115745 0.0117358 0.0293687 0.124602 0.0147128
0.0104746 0.0336847 0.00884262 0.0381911 0.00876427 0.0404481 0.0080877 0.019071 0.0412408 0.0104746 0.0336847 0.00884262 0.0229699 0.0381911 0.0075527 0.039679 0.00966732 0.0202264 0.0353587 0.00876427 0.0466884 0.00901964 0.0158231 0.0381911 0.0101682 0.0404481 0.0080877 0.019071 0.0412408 0.0104746 0.0336847 0.00884262 0.0229699 0.0381911 0.0075527 0.039679 0.00966732 0.0202264 0.0353587 0.00876427 0.0466884 0.00901964 0.0158231 0.0381911 0.0101682 0.0404481 0.0080877 0.019071 0.0412408 0.0104746
0.0182747 0.0270873 0.00909958 0.0265176 0.0153104 0.0325707 0.00832291 0.0478641 0.0286629 0.0182747 0.0270873 0.00909958 0.0573057 0.0265176 0.0132059 0.0319464 0.009948 0.0506739 0.0245289 0.0153104 0.0376434 0.0092817 0.0399122 0.0265176 0.0177442 0.0325707 0.00832291 0.0478641 0.0286629 0.0182747 0.0270873 0.00909958 0.0573057 0.0265176 0.0132059 0.0319464 0.009948 0.0506739 0.0245289 0.0153104 0.0376434 0.0092817 0.0399122 0.0265176 0.0177442 0.0325707 0.00832291 0.0478641 0.0286629 0.0182747
0.00956862 0.0360174 0.00864021 0.0389106 0.008005 0.0432282 0.00790243 0.0104499 0.0420152 0.00956862 0.0360174 0.00864021 0.0126089 0.0389106 0.00689766 0.0424085 0.00944621 0.0110889 0.0360268 0.008005 0.0498751 0.00881321 0.00865727 0.0389106 0.00928845 0.0432282 0.00790243 0.0104499 0.0420152 0.00956862 0.0360174 0.00864021 0.0126089 0.0389106 0.00689766 0.0424085 0.00944621 0.0110889 0.0360268 0.008005 0.0498751 0.00881321 0.00865727 0.0389106 0.00928845 0.0432282 0.00790243 0.0104499 0.0420152 0.00956862
0.0217327 0.28476 0.0209947 0.559231 0.0182179 0.324981 0.0192225 0.0302274 0.578847 0.0217327 0.28476 0.0209947 0.0363227 0.559231 0.0157202 0.320609 0.0229266 0.0320366 0.539428 0.0182179 0.358709 0.0214098 0.0251282 0.559231 0.021104 0.324981 0.0192225 0.0302274 0.578847 0.0217327 0.28476 0.0209947 0.0363227 0.559231 0.0157202 0.320609 0.0229266 0.0320366 0.539428 0.0182179 0.358709 0.0214098 0.0251282 0.559231 0.021104 0.324981 0.0192225 0.0302274 0.578847 0.0217327
0.0130728 0.0146036 0.00707622 0.0136274 0.0109429 0.0176055 0.00647112 0.0211912 0.0147457 0.0130728 0.0146036 0.00707622 0.0255123 0.0136274 0.00943302 0.017263 0.00773746 0.0224721 0.0125929 0.0109429 0.0203966 0.00721814 0.0175887 0.0136274 0.0126914 0.0176055 0.00647112 0.0211912 0.0147457 0.0130728 0.0146036 0.00707622 0.0255123 0.0136274 0.00943302 0.017263 0.00773746 0.0224721 0.0125929 0.0109429 0.0203966 0.00721814 0.0175887 0.0136274 0.0126914 0.0176055 0.00647112 0.0211912 0.0147457 0.0130728
0.0167266 0.115174 0.0137757 0.161336 0.0140098 0.135996 0.012605 0.0186954 0.172455 0.0167266 0.115174 0.0137757 0.0225193 0.161336 0.0120819 0.133664 0.0150535 0.0198286 0.150802 0.0140098 0.154603 0.0140501 0.0155105 0.161336 0.0162402 0.135996 0.012605 0.0186954 0.172455 0.0167266 0.115174 0.0137757 0.0225193 0.161336 0.0120819 0.133664 0.0150535 0.0198286 0.150802 0.0140098 0.154603 0.0140501 0.0155105 0.161336 0.0162402 0.135996 0.012605 0.0186954 0.172455 0.0167266
0.0252071 0.0553011 0.01174 0.0653582 0.0211425 0.0661079 0.0107404 0.0425372 0.0704184 0.0252071 0.0553011 0.01174 0.0509843 0.0653582 0.0182513 0.0648838 0.0128314 0.0450491 0.060638 0.0211425 0.0759934 0.0119743 0.0354374 0.0653582 0.0244804 0.0661079 0.0107404 0.0425372 0.0704184 0.0252071 0.0553011 0.01174 0.0509843 0.0653582 0.0182513 0.0648838 0.0128314 0.0450491 0.060638 0.0211425 0.0759934 0.0119743 0.0354374 0.0653582 0.0244804 0.0661079 0.0107404 0.0425372 0.0704184 0.0252071
0.0379697 0.151048 0.0172217 0.260029 0.0319146 0.177058 0.0157628 0.0391577 0.275715 0.0379697 0.151048 0.0172217 0.0469666 0.260029 0.0275918 0.174163 0.018813 0.0414787 0.244934 0.0319146 0.199982 0.0175635 0.0326028 0.260029 0.0368889 0.177058 0.0157628 0.0391577 0.275715 0.0379697 0.151048 0.0172217 0.0469666 0.260029 0.0275918 0.174163 0.018813 0.0414787 0.244934 0.0319146 0.199982 0.0175635 0.0326028 0.260029 0.0368889 0.177058 0.0157628 0.0391577 0.275715 0.0379697
0.0579549 0.214543 0.0210372 0.301523 0.0488746 0.24829 0.0192614 0.0703016 0.318634 0.0579549 0.214543 0.0210372 0.0837797 0.301523 0.0423551 0.244576 0.0229729 0.0743257 0.284946 0.0488746 0.277328 0.0214531 0.0588525 0.301523 0.0563386 0.24829 0.0192614 0.0703016 0.318634 0.0579549 0.214543 0.0210372 0.0837797 0.301523 0.0423551 0.244576 0.0229729 0.0743257 0.284946 0.0488746 0.277328 0.0214531 0.0588525 0.301523 0.0563386 0.24829 0.0192614 0.0703016 0.318634 0.0579549
0.00922054 0.0667611 0.01111 0.104528 0.00771336 0.0796186 0.0101635 0.0292793 0.112257 0.00922054 0.0667611 0.01111 0.0351903 0.104528 0.00664609 0.0781653 0.0121435 0.0310336 0.0972736 0.00771336 0.0913269 0.0113319 0.024336 0.104528 0.00895047 0.0796186 0.0101635 0.0292793 0.112257 0.00922054 0.0667611 0.01111 0.0351903 0.104528 0.00664609 0.0781653 0.0121435 0.0310336 0.0972736 0.00771336 0.0913269 0.0113319 0.024336 0.104528 0.00895047 0.0796186 0.0101635 0.0292793 0.112257 0.00922054
0.0183534 0.190915 0.0172161 0.323032 0.0153766 0.221996 0.0157577 0.0324199 0.340768 0.0183534 0.190915 0.0172161 0.0389396 0.323032 0.0132631 0.218561 0.0188069 0.0343558 0.30579 0.0153766 0.248978 0.0175578 0.0269612 0.323032 0.0178207 0.221996 0.0157577 0.0324199 0.340768 0.0183534 0.190915 0.0172161 0.0389396 0.323032 0.0132631 0.218561 0.0188069 0.0343558 0.30579 0.0153766 0.248978 0.0175578 0.0269612 0.323032 0.0178207 0.221996 0.0157577 0.0324199 0.340768 0.0183534
0.0352698 0.230757 0.0208041 0.400293 0.029632 0.266189 0.0190476 0.0776932 0.419642 0.0352698 0.230757 0.0208041 0.0924475 0.400293 0.0256102 0.262301 0.0227188 0.082103 0.381251 0.029632 0.296495 0.0212155 0.0651246 0.400293 0.0342632 0.266189 0.0190476 0.0776932 0.419642 0.0352698 0.230757 0.0208041 0.0924475 0.400293 0.0256102 0.262301 0.0227188 0.082103 0.381251 0.029632 0.296495 0.0212155 0.0651246 0.400293 0.0342632 0.266189 0.0190476 0.0776932 0.419642 0.0352698
0.00802815 0.0420838 0.00894908 0.0437373 0.00671455 0.0504456 0.00818515 0.0138621 0.0472081 0.00802815 0.0420838 0.00894908 0.0167142 0.0437373 0.00578468 0.0494962 0.00978361 0.0147067 0.0405108 0.00671455 0.0581348 0.00912822 0.0114909 0.0437373 0.00779273 0.0504456 0.00818515 0.0138621 0.0472081 0.00802815 0.0420838 0.00894908 0.0167142 0.0437373 0.00578468 0.0494962 0.00978361 0.0147067 0.0405108 0.00671455 0.0581348 0.00912822 0.0114909 0.0437373 0.00779273 0.0504456 0.00818515 0.0138621 0.0472081 0.00802815
0.0120226 0.0249512 0.00798893 0.0263543 0.010062 0.0300156 0.00730636 0.0097177 0.0284867 0.0120226 0.0249512 0.00798893 0.0117273 0.0263543 0.00867264 0.0294387 0.00873471 0.0103124 0.0243775 0.010062 0.0347045 0.008149 0.00804968 0.0263543 0.0116714 0.0300156 0.00730636 0.0097177 0.0284867 0.0120226 0.0249512 0.00798893 0.0117273 0.0263543 0.00867264 0.0294387 0.00873471 0.0103124 0.0243775 0.010062 0.0347045 0.008149 0.00804968 0.0263543 0.0116714 0.0300156 0.00730636 0.0097177 0.0284867 0.0120226
0.0220654 0.0883593 0.0132541 0.122622 0.0184978 0.104909 0.0121271 0.0335614 0.131491 0.0220654 0.0883593 0.0132541 0.0403011 0.122622 0.0159623 0.103046 0.0144842 0.0355629 0.114271 0.0184978 0.119852 0.0135182 0.027916 0.122622 0.0214272 0.104909 0.0121271 0.0335614 0.131491 0.0220654 0.0883593 0.0132541 0.0403011 0.122622 0.0159623 0.103046 0.0144842 0.0355629 0.114271 0.0184978 0.119852 0.0135182 0.027916 0.122622 0.0214272 0.104909 0.0121271 0.0335614 0.131491 0.0220654
0.0231719 0.0362283 0.0099309 0.0358196 0.0194289 0.0434794 0.00908393 0.0287254 0.0386875 0.0231719 0.0362283 0.0099309 0.0345286 0.0358196 0.016768 0.0426552 0.010856 0.0304476 0.033157 0.0194289 0.0501629 0.0101295 0.0238734 0.0358196 0.0225025 0.0434794 0.00908393 0.0287254 0.0386875 0.0231719 0.0362283 0.0099309 0.0345286 0.0358196 0.016768 0.0426552 0.010856 0.0304476 0.033157 0.0194289 0.0501629 0.0101295 0.0238734 0.0358196 0.0225025 0.0434794 0.00908393 0.0287254 0.0386875 0.0231719
0.00771748 0.0315985 0.00824195 0.0356261 0.00645439 0.0379595 0.00753793 0.0152987 0.0384791 0.00771748 0.0315985 0.00824195 0.0184409 0.0356261 0.00556034 0.0372359 0.00901114 0.0162294 0.0329773 0.00645439 0.0438334 0.00840705 0.012685 0.0356261 0.00749111 0.0379595 0.00753793 0.0152987 0.0384791 0.00771748 0.0315985 0.00824195 0.0184409 0.0356261 0.00556034 0.0372359 0.00901114 0.0162294 0.0329773 0.00645439 0.0438334 0.00840705 0.012685 0.0356261 0.00749111 0.0379595 0.00753793 0.0152987 0.0384791 0.00771748
0.007165 0.0203935 0.00725489 0.018984 0.00599178 0.0245561 0.00663461 0.0190735 0.0205327 0.007165 0.0203935 0.00725489 0.0229729 0.018984 0.00516148 0.0240816 0.00793269 0.0202291 0.0175501 0.00599178 0.0284172 0.00740036 0.0158252 0.018984 0.00695471 0.0245561 0.00663461 0.0190735 0.0205327 0.007165 0.0203935 0.00725489 0.0229729 0.018984 0.00516148 0.0240816 0.00793269 0.0202291 0.0175501 0.00599178 0.0284172 0.00740036 0.0158252 0.018984 0.00695471 0.0245561 0.00663461 0.0190735 0.0205327 0.007165
0.0168349 0.164893 0.0160969 0.33238 0.0141008 0.192746 0.0147318 0.0254179 0.350364 0.0168349 0.164893 0.0160969 0.030574 0.33238 0.0121606 0.189654 0.0175861 0.0269473 0.314872 0.0141008 0.217165 0.0164167 0.0211125 0.33238 0.0163455 0.192746 0.0147318 0.0254179 0.350364 0.0168349 0.164893 0.0160969 0.030574 0.33238 0.0121606 0.189654 0.0175861 0.0269473 0.314872 0.0141008 0.217165 0.0164167 0.0211125 0.33238 0.0163455 0.192746 0.0147318 0.0254179 0.350364 0.0168349
0.0266874 0.0932673 0.0135504 0.110787 0.0223897 0.110624 0.0123986 0.0249243 0.118916 0.0266874 0.0932673 0.0135504 0.0299834 0.110787 0.0193312 0.108672 0.0148076 0.0264248 0.103147 0.0223897 0.126267 0.0138204 0.0207007 0.110787 0.0259192 0.110624 0.0123986 0.0249243 0.118916 0.0266874 0.0932673 0.0135504 0.0299834 0.110787 0.0193312 0.108672 0.0148076 0.0264248 0.103147 0.0223897 0.126267 0.0138204 0.0207007 0.110787 0.0259192 0.110624 0.0123986 0.0249243 0.118916 0.0266874
0.0195245 0.0370955 0.00979205 0.0329643 0.0163608 0.0445122 0.00895681 0.0310836 0.0356121 0.0195245 0.0370955 0.00979205 0.0373449 0.0329643 0.0141141 0.0436693 0.0107043 0.0329424 0.0305072 0.0163608 0.051346 0.00998789 0.0258439 0.0329643 0.0189584 0.0445122 0.00895681 0.0310836 0.0356121 0.0195245 0.0370955 0.00979205 0.0373449 0.0329643 0.0141141 0.0436693 0.0107043 0.0329424 0.0305072 0.0163608 0.051346 0.00998789 0.0258439 0.0329643 0.0189584 0.0445122 0.00895681 0.0310836 0.0356121 0.0195245
0.0202789 0.0640963 0.0118567 0.0794275 0.0169951 0.0764826 0.0108473 0.0234577 0.0854773 0.0202789 0.0640963 0.0118567 0.0282277 0.0794275 0.0146625 0.0750818 0.0129589 0.0248722 0.0737713 0.0169951 0.0877737 0.0120934 0.0194776 0.0794275 0.0196913 0.0764826 0.0108473 0.0234577 0.0854773 0.0202789 0.0640963 0.0118567 0.0282277 0.0794275 0.0146625 0.0750818 0.0129589 0.0248722 0.0737713 0.0169951 0.0877737 0.0120934 0.0194776 0.0794275 0.0196913 0.0764826 0.0108473 0.0234577 0.0854773 0.0202789
0.0152803 0.0491295 0.010902 0.0719335 0.0127954 0.0588053 0.00997303 0.052902 0.0774606 0.0152803 0.0491295 0.010902 0.0632713 0.0719335 0.0110328 0.0577081 0.0119165 0.0559901 0.0667723 0.0127954 0.0676779 0.0111198 0.044152 0.0719335 0.0148354 0.0588053 0.00997303 0.052902 0.0774606 0.0152803 0.0491295 0.010902 0.0632713 0.0719335 0.0110328 0.0577081 0.0119165 0.0559901 0.0667723 0.0127954 0.0676779 0.0111198 0.044152 0.0719335 0.0148354 0.0588053 0.00997303 0.052902 0.0774606 0.0152803
0.0305559 0.375055 0.0248095 0.669414 0.0256516 0.420532 0.0227227 0.0536129 0.686872 0.0305559 0.375055 0.0248095 0.0641121 0.669414 0.0221577 0.415666 0.0270827 0.05674 0.651477 0.0256516 0.457455 0.025298 0.0447508 0.669414 0.0296796 0.420532 0.0227227 0.0536129 0.686872 0.0305559 0.375055 0.0248095 0.0641121 0.669414 0.0221577 0.415666 0.0270827 0.05674 0.651477 0.0256516 0.457455 0.025298 0.0447508 0.669414 0.0296796 0.420532 0.0227227 0.0536129 0.686872 0.0305559
0.00720681 0.0608151 0.0101365 0.0734488 0.00602679 0.0726166 0.0092722 0.022154 0.0790824 0.00720681 0.0608151 0.0101365 0.0266661 0.0734488 0.00519167 0.0712812 0.0110806 0.0234918 0.0681869 0.00602679 0.0833885 0.0103392 0.018391 0.0734488 0.00699531 0.0726166 0.0092722 0.022154 0.0790824 0.00720681 0.0608151 0.0101365 0.0266661 0.0734488 0.00519167 0.0712812 0.0110806 0.0234918 0.0681869 0.00602679 0.0833885 0.0103392 0.018391 0.0734488 0.00699531 0.0726166 0.0092722 0.022154 0.0790824 0.00720681
0.00641019 0.011115 0.00576726 0.0111191 0.0053599 0.0134097 0.00527349 0.0068763 0.012034 0.00641019 0.011115 0.00576726 0.00830322 0.0111191 0.00461675 0.0131476 0.00630696 0.00729841 0.010273 0.0053599 0.0155461 0.00588308 0.0056932 0.0111191 0.00622192 0.0134097 0.00527349 0.0068763 0.012034 0.00641019 0.011115 0.00576726 0.00830322 0.0111191 0.00461675 0.0131476 0.00630696 0.00729841 0.010273 0.0053599 0.0155461 0.00588308 0.0056932 0.0111191 0.00622192 0.0134097 0.00527349 0.0068763 0.012034 0.00641019
0.00941517 0.0299088 0.00819416 0.031882 0.00787643 0.0359422 0.00749418 0.0138729 0.0344459 0.00941517 0.0299088 0.00819416 0.0167272 0.031882 0.00678675 0.0352556 0.00895892 0.0147181 0.0295031 0.00787643 0.0415174 0.0083583 0.0114999 0.031882 0.00913946 0.0359422 0.00749418 0.0138729 0.0344459 0.00941517 0.0299088 0.00819416 0.0167272 0.031882 0.00678675 0.0352556 0.00895892 0.0147181 0.0295031 0.00787643 0.0415174 0.0083583 0.0114999 0.031882 0.00913946 0.0359422 0.00749418 0.0138729 0.0344459 0.00941517
0.010532 0.0463968 0.00975781 0.0653672 0.00881234 0.0555658 0.00892546 0.0186889 0.0704281 0.010532 0.0463968 0.00975781 0.0225115 0.0653672 0.00759417 0.0545255 0.0106669 0.0198217 0.0606464 0.00881234 0.0639829 0.00995296 0.0155051 0.0653672 0.0102239 0.0555658 0.00892546 0.0186889 0.0704281 0.010532 0.0463968 0.00975781 0.0225115 0.0653672 0.00759417 0.0545255 0.0106669 0.0198217 0.0606464 0.00881234 0.0639829 0.00995296 0.0155051 0.0653672 0.0102239 0.0555658 0.00892546 0.0186889 0.0704281 0.010532
0.0218246 0.138033 0.0158183 0.20593 0.0182952 0.16223 0.0144765 0.0493709 0.21932 0.0218246 0.138033 0.0158183 0.0590913 0.20593 0.0157871 0.15953 0.0172822 0.0522643 0.193156 0.0182952 0.183663 0.0161327 0.0411796 0.20593 0.0211933 0.16223 0.0144765 0.0493709 0.21932 0.0218246 0.138033 0.0158183 0.0590913 0.20593 0.0157871 0.15953 0.0172822 0.0522643 0.193156 0.0182952 0.183663 0.0161327 0.0411796 0.20593 0.0211933 0.16223 0.0144765 0.0493709 0.21932 0.0218246
0.0235548 0.0802173 0.0133932 0.100602 0.0197513 0.0954013 0.0122545 0.0670386 0.108075 0.0235548 0.0802173 0.0133932 0.079945 0.100602 0.017047 0.0936893 0.014636 0.0708902 0.0935913 0.0197513 0.109155 0.01366 0.0560889 0.100602 0.0228746 0.0954013 0.0122545 0.0670386 0.108075 0.0235548 0.0802173 0.0133932 0.079945 0.100602 0.017047 0.0936893 0.014636 0.0708902 0.0935913 0.0197513 0.109155 0.01366 0.0560889 0.100602 0.0228746 0.0954013 0.0122545 0.0670386 0.108075 0.0235548
0.0220788 0.11311 0.0142885 0.130187 0.0185091 0.133616 0.0130748 0.0369373 0.139517 0.0220788 0.11311 0.0142885 0.0443238 0.130187 0.0159721 0.131318 0.0156131 0.039132 0.121393 0.0185091 0.151954 0.0145729 0.0307421 0.130187 0.0214403 0.133616 0.0130748 0.0369373 0.139517 0.0220788 0.11311 0.0142885 0.0443238 0.130187 0.0159721 0.131318 0.0156131 0.039132 0.121393 0.0185091 0.151954 0.0145729 0.0307421 0.130187 0.0214403 0.133616 0.0130748 0.0369373 0.139517 0.0220788
0.0108844 0.0130985 0.00632718 0.00887485 0.00910775 0.0157961 0.00578576 0.0121063 0.00960691 0.0108844 0.0130985 0.00632718 0.0146026 0.00887485 0.00784907 0.0154881 0.00691892 0.0128453 0.00819812 0.00910775 0.0183056 0.00645418 0.0100325 0.00887485 0.0105661 0.0157961 0.00578576 0.0121063 0.00960691 0.0108844 0.0130985 0.00632718 0.0146026 0.00887485 0.00784907 0.0154881 0.00691892 0.0128453 0.00819812 0.00910775 0.0183056 0.00645418 0.0100325 0.00887485 0.0105661 0.0157961 0.00578576 0.0121063 0.00960691 0.0108844
0.015741 0.0288314 0.0088491 0.0275509 0.0131822 0.0346552 0.00809363 0.023196 0.0297772 0.015741 0.0288314 0.0088491 0.0279143 0.0275509 0.0113669 0.0339923 0.0096744 0.0245951 0.0254867 0.0131822 0.0400391 0.00902625 0.0192595 0.0275509 0.0152829 0.0346552 0.00809363 0.023196 0.0297772 0.015741 0.0288314 0.0088491 0.0279143 0.0275509 0.0113669 0.0339923 0.0096744 0.0245951 0.0254867 0.0131822 0.0400391 0.00902625 0.0192595 0.0275509 0.0152829 0.0346552 0.00809363 0.023196 0.0297772 0.015741
0.0101361 0.0540678 0.0102273 0.0851705 0.00848058 0.06465 0.00935526 0.0144743 0.0916142 0.0101361 0.0540678 0.0102273 0.0174501 0.0851705 0.00730794 0.0634511 0.0111796 0.0153556 0.0791405 0.00848058 0.0743348 0.0104317 0.0119997 0.0851705 0.00983952 0.06465 0.00935526 0.0144743 0.0916142 0.0101361 0.0540678 0.0102273 0.0174501 0.0851705 0.00730794 0.0634511 0.0111796 0.0153556 0.0791405 0.00848058 0.0743348 0.0104317 0.0119997 0.0851705 0.00983952 0.06465 0.00935526 0.0144743 0.0916142 0.0101361
0.0112358 0.0861577 0.0116871 0.115467 0.00940236 0.102341 0.010692 0.0140056 0.123892 0.0112358 0.0861577 0.0116871 0.0168868 0.115467 0.0081033 0.100518 0.0127737 0.0148588 0.107544 0.00940236 0.116966 0.0119204 0.0116102 0.115467 0.0109074 0.102341 0.010692 0.0140056 0.123892 0.0112358 0.0861577 0.0116871 0.0168868 0.115467 0.0081033 0.100518 0.0127737 0.0148588 0.107544 0.00940236 0.116966 0.0119204 0.0116102 0.115467 0.0109074 0.102341 0.010692 0.0140056 0.123892 0.0112358
0.0267698 0.0410482 0.0108895 0.043788 0.0224591 0.0492147 0.00996159 0.0504324 0.0472626 0.0267698 0.0410482 0.0108895 0.0603486 0.043788 0.0193914 0.0482873 0.0119028 0.0533845 0.0405579 0.0224591 0.0567276 0.011107 0.0420727 0.043788 0.0259992 0.0492147 0.00996159 0.0504324 0.0472626 0.0267698 0.0410482 0.0108895 0.0603486 0.043788 0.0193914 0.0482873 0.0119028 0.0533845 0.0405579 0.0224591 0.0567276 0.011107 0.0420727 0.043788 0.0259992 0.0492147 0.00996159 0.0504324 0.0472626 0.0267698
0.0512283 0.226351 0.0210642 0.416354 0.0431536 0.261337 0.0192862 0.0380564 0.435914 0.0512283 0.226351 0.0210642 0.0456561 0.416354 0.0373673 0.257495 0.0230023 0.0403148 0.397053 0.0431536 0.29131 0.0214806 0.0316797 0.416354 0.0497897 0.261337 0.0192862 0.0380564 0.435914 0.0512283 0.226351 0.0210642 0.0456561 0.416354 0.0373673 0.257495 0.0230023 0.0403148 0.397053 0.0431536 0.29131 0.0214806 0.0316797 0.416354 0.0497897 0.261337 0.0192862 0.0380564 0.435914 0.0512283
